Application,ProcessID,SwapChainAddress,PresentRuntime,SyncInterval,PresentFlags,AllowsTearing,PresentMode,FrameType,TimeInQPC,MsBetweenSimulationStart,MsBetweenPresents,MsBetweenDisplayChange,MsInPresentAPI,MsRenderPresentLatency,MsUntilDisplayed,MsPCLatency,CPUStartQPC,MsBetweenAppStart,MsCPUBusy,MsCPUWait,MsGPULatency,MsGPUTime,MsGPUBusy,MsGPUWait,MsAnimationError,AnimationTime,MsFlipDelay,MsAllInputToPhotonLatency,MsClickToPhotonLatency
q2rtx.exe,39492,0x177137A1C80,DXGI,0,0,0,Composed: Flip,Application,622554516491,85.4552,39.64020000000000,2.77950000000000,1.03580000000000,1.03640000000000,6.3844,NA,622554497489,2.9360,1.9002,1.0358,1.6718,1.2648,1.1102,0.1546,82.6757,85.4552,NA,NA,NA
q2rtx.exe,39492,0x177137A1C80,DXGI,0,0,0,Composed: Flip,Application,622554549024,3.3293,3.25330000000000,2.81290000000000,0.22340000000000,0.42790000000000,5.9440,NA,622554526849,2.4409,2.2175,0.2234,1.7143,0.9311,0.8237,0.1074,0.5164,88.7845,NA,NA,NA
q2rtx.exe,39492,0x177137A1C80,DXGI,0,0,0,Composed: Flip,Application,622558956901,424.9779,440.78770000000003,455.54190000000000,0.30220000000000,16.95700000000000,20.6982,NA,622554551258,440.8665,440.5643,0.3022,420.5430,36.9783,23.1828,13.7955,-30.5640,513.7624,NA,NA,NA
q2rtx.exe,39492,0x177137A1C80,DXGI,0,0,1,Hardware: Independent Flip,Application,622565593368,606.4768,663.64670000000001,NA,0.24770000000000,0.43330000000000,NA,NA,622558959923,663.5922,663.3445,0.2477,589.8677,73.9101,39.7648,34.1453,NA,NA,NA,NA,NA
q2rtx.exe,39492,0x177137A1C80,DXGI,0,0,1,Hardware: Independent Flip,Application,622565642671,77.3302,4.93030000000000,651.62080000000003,0.22810000000000,3.73190000000000,3.7420,NA,622565595845,4.9107,4.6826,0.2281,3.6019,4.8126,1.4538,3.3588,32.1862,1197.5694,NA,NA,NA
q2rtx.exe,39492,0x177137A1C80,DXGI,0,0,1,Hardware: Independent Flip,Application,622566583047,69.4911,94.03760000000000,NA,0.24740000000000,0.53830000000000,NA,NA,622565644952,94.0569,93.8095,0.2474,3.5038,90.8440,8.4002,82.4438,NA,NA,NA,NA,NA
q2rtx.exe,39492,0x177137A1C80,DXGI,0,0,1,Hardware: Independent Flip,Application,622566590124,25.9251,0.70770000000000,94.42720000000000,0.20460000000000,0.53050000000000,3.4239,NA,622566585521,0.6649,0.4603,0.2046,0.2909,0.6999,0.6879,0.0120,0.9890,1292.9856,NA,NA,NA
q2rtx.exe,39492,0x177137A1C80,DXGI,0,0,1,Hardware: Independent Flip,Application,622567063628,6.3471,47.35040000000000,44.62710000000000,0.24370000000000,0.59660000000000,0.7006,NA,622566592170,47.3895,47.1458,0.2437,0.3259,47.4165,1.0295,46.3870,-38.2800,1299.3327,NA,NA,NA
q2rtx.exe,39492,0x177137A1C80,DXGI,0,0,1,Hardware: Independent Flip,Application,622567163893,50.9636,10.02650000000000,11.91970000000000,0.29240000000000,0.47740000000000,2.5938,NA,622567066065,10.0752,9.7828,0.2924,0.3529,9.9073,0.8065,9.1008,39.0439,1350.2963,NA,NA,NA
q2rtx.exe,39492,0x177137A1C80,DXGI,0,0,1,Hardware: Independent Flip,Application,622567324288,15.9943,16.03950000000000,13.93640000000000,0.25570000000000,0.48050000000000,0.4907,NA,622567166817,16.0028,15.7471,0.2557,0.1850,16.0426,0.8378,15.2048,2.0579,1366.2906,NA,NA,NA
q2rtx.exe,39492,0x177137A1C80,DXGI,0,0,1,Hardware: Independent Flip,Application,622567496571,15.9577,17.22830000000000,17.26770000000000,0.23510000000000,0.52040000000000,0.5301,NA,622567326845,17.2077,16.9726,0.2351,0.2248,17.2682,0.9249,16.3433,-1.3100,1382.2483,NA,NA,NA
q2rtx.exe,39492,0x177137A1C80,DXGI,0,0,1,Hardware: Independent Flip,Application,622567932645,16.0279,43.60740000000001,43.73160000000000,0.25050000000000,0.64240000000000,0.6543,NA,622567498922,43.6228,43.3723,0.2505,0.2853,43.7294,1.0388,42.6906,-27.7037,1398.2762,NA,NA,NA
q2rtx.exe,39492,0x177137A1C80,DXGI,0,0,1,Hardware: Independent Flip,Application,622567940918,29.6529,0.82730000000000,8.15420000000000,0.19360000000000,0.53120000000000,7.9812,NA,622567935150,0.7704,0.5768,0.1936,0.3919,0.7161,0.7038,0.0123,21.4987,1427.9291,NA,NA,NA
q2rtx.exe,39492,0x177137A1C80,DXGI,0,0,1,Hardware: Independent Flip,Application,622569424751,9.9666,148.38330000000002,151.39770000000001,0.23460000000000,10.75730000000000,10.9956,NA,622567942854,148.4243,148.1897,0.2346,0.3376,158.6094,16.3478,142.2616,-141.4311,1437.8957,NA,NA,NA
q2rtx.exe,39492,0x177137A1C80,DXGI,0,0,1,Hardware: Independent Flip,Application,622569550838,149.3205,12.60870000000000,18.89700000000000,0.21450000000000,9.42310000000000,17.2839,NA,622569427097,12.5886,12.3741,0.2145,10.5227,11.2745,10.7827,0.4918,130.4235,1587.2162,NA,NA,NA
q2rtx.exe,39492,0x177137A1C80,DXGI,0,0,1,Hardware: Independent Flip,Application,622569676480,13.4837,12.56420000000000,5.51920000000000,0.19910000000000,9.57800000000000,10.2389,NA,622569552983,12.5488,12.3497,0.1991,9.2086,12.7191,10.6361,2.0830,7.9645,1600.6999,NA,NA,NA
q2rtx.exe,39492,0x177137A1C80,DXGI,0,0,1,Hardware: Independent Flip,Application,622569810275,13.4886,13.37950000000000,13.45190000000000,0.23270000000000,9.70060000000000,10.3113,NA,622569678471,13.4131,13.1804,0.2327,9.3789,13.5021,10.6644,2.8377,0.0367,1614.1885,NA,NA,NA
q2rtx.exe,39492,0x177137A1C80,DXGI,0,0,1,Hardware: Independent Flip,Application,622569945507,13.4819,13.52320000000000,13.53390000000000,0.21580000000000,9.55620000000000,10.3220,NA,622569812602,13.5063,13.2905,0.2158,9.4679,13.3788,10.6119,2.7669,-0.0520,1627.6704,NA,NA,NA
q2rtx.exe,39492,0x177137A1C80,DXGI,0,0,1,Hardware: Independent Flip,Application,622570081781,13.4861,13.62740000000000,13.25400000000000,0.20300000000000,9.55150000000000,9.9486,NA,622569947665,13.6146,13.4116,0.2030,9.3404,13.6227,10.6108,3.0119,0.2321,1641.1565,NA,NA,NA
q2rtx.exe,39492,0x177137A1C80,DXGI,0,0,1,Hardware: Independent Flip,Application,622570220014,13.4779,13.82330000000000,16.57150000000000,0.19670000000000,11.63060000000000,12.6968,NA,622570083811,13.8170,13.6203,0.1967,9.3485,15.9024,12.7745,3.1279,-3.0936,1654.6344,NA,NA,NA
q2rtx.exe,39492,0x177137A1C80,DXGI,0,0,1,Hardware: Independent Flip,Application,622570306411,8.6280,8.63970000000000,12.09070000000000,0.24710000000000,13.86310000000000,16.1478,NA,622570221981,8.6901,8.4430,0.2471,11.4339,10.8722,10.8722,0.0000,-3.4627,1663.2624,NA,NA,NA
q2rtx.exe,39492,0x177137A1C80,DXGI,0,0,1,Hardware: Independent Flip,Application,622570389983,8.6153,8.35720000000000,9.21140000000000,0.20890000000000,16.99420000000000,17.0020,NA,622570308882,8.3190,8.1101,0.2089,13.6160,11.4883,11.4883,0.0000,-0.5961,1671.8777,NA,NA,NA
q2rtx.exe,39492,0x177137A1C80,DXGI,0,0,1,Hardware: Independent Flip,Application,622570474827,8.7858,8.48440000000000,10.75440000000000,0.32240000000000,19.26390000000000,19.2720,NA,622570392072,8.5979,8.2755,0.3224,16.7853,10.7541,10.7541,0.0000,-1.9686,1680.6635,NA,NA,NA
q2rtx.exe,39492,0x177137A1C80,DXGI,0,0,1,Hardware: Independent Flip,Application,622570575746,10.4351,10.09190000000000,11.61340000000000,0.19170000000000,20.24920000000000,20.7935,NA,622570478051,9.9612,9.7695,0.1917,18.9415,11.0772,11.0772,0.0000,-1.1783,1691.0986,NA,NA,NA
q2rtx.exe,39492,0x177137A1C80,DXGI,0,0,1,Hardware: Independent Flip,Application,622570690963,11.4189,11.52170000000000,10.90740000000000,0.17810000000000,20.00040000000000,20.1792,NA,622570577663,11.5081,11.3300,0.1781,20.0575,11.2729,11.2729,0.0000,0.5115,1702.5175,NA,NA,NA
q2rtx.exe,39492,0x177137A1C80,DXGI,0,0,1,Hardware: Independent Flip,Application,622570799858,10.9998,10.88950000000000,11.20100000000000,0.20100000000000,20.48080000000000,20.4907,NA,622570692744,10.9124,10.7114,0.2010,19.8223,11.3699,11.3699,0.0000,-0.2012,1713.5173,NA,NA,NA
q2rtx.exe,39492,0x177137A1C80,DXGI,0,0,1,Hardware: Independent Flip,Application,622570914993,11.5114,11.51350000000000,10.91700000000000,0.18570000000000,19.88440000000000,19.8942,NA,622570801868,11.4982,11.3125,0.1857,20.2798,10.9171,10.9171,0.0000,0.5944,1725.0287,NA,NA,NA
q2rtx.exe,39492,0x177137A1C80,DXGI,0,0,1,Hardware: Independent Flip,Application,622571031616,11.6472,11.66230000000000,10.55440000000000,0.18940000000000,18.77840000000000,18.7863,NA,622570916850,11.6660,11.4766,0.1894,19.6987,10.5563,10.5563,0.0000,1.0928,1736.6759,NA,NA,NA
q2rtx.exe,39492,0x177137A1C80,DXGI,0,0,1,Hardware: Independent Flip,Application,622571149973,11.6598,11.83570000000000,13.29910000000000,0.20720000000000,20.15630000000000,20.2497,NA,622571033510,11.8535,11.6463,0.2072,18.5890,13.2136,13.2136,0.0000,-1.6393,1748.3357,NA,NA,NA
q2rtx.exe,39492,0x177137A1C80,DXGI,0,0,1,Hardware: Independent Flip,Application,622571266953,11.8879,11.69800000000000,9.20770000000000,0.18140000000000,17.75160000000000,17.7594,NA,622571152045,11.6722,11.4908,0.1814,19.9491,9.2933,9.2933,0.0000,2.6802,1760.2236,NA,NA,NA
q2rtx.exe,39492,0x177137A1C80,DXGI,0,0,1,Hardware: Independent Flip,Application,622571381024,11.4020,11.40710000000000,13.15300000000000,0.19300000000000,19.44370000000000,19.5053,NA,622571268767,11.4187,11.2257,0.1930,17.5702,13.0992,13.0992,0.0000,-1.7510,1771.6256,NA,NA,NA
q2rtx.exe,39492,0x177137A1C80,DXGI,0,0,1,Hardware: Independent Flip,Application,622571506092,12.4821,12.50680000000000,9.02010000000000,0.19510000000000,16.01010000000000,16.0186,NA,622571382954,12.5089,12.3138,0.1951,19.2507,9.0732,9.0732,0.0000,3.4620,1784.1077,NA,NA,NA
q2rtx.exe,39492,0x177137A1C80,DXGI,0,0,1,Hardware: Independent Flip,Application,622571618667,11.3329,11.25750000000000,11.79270000000000,0.17350000000000,15.91990000000000,16.5538,NA,622571508043,11.2359,11.0624,0.1735,15.8150,11.1673,11.1673,0.0000,-0.4598,1795.4406,NA,NA,NA
q2rtx.exe,39492,0x177137A1C80,DXGI,0,0,1,Hardware: Independent Flip,Application,622571739249,11.9685,12.05820000000000,10.68680000000000,0.19090000000000,15.17260000000000,15.1824,NA,622571620402,12.0756,11.8847,0.1909,15.7464,11.3109,11.3109,0.0000,1.2817,1807.4091,NA,NA,NA
q2rtx.exe,39492,0x177137A1C80,DXGI,0,0,1,Hardware: Independent Flip,Application,622571852686,11.3555,11.34370000000000,11.36050000000000,0.20530000000000,15.19040000000000,15.1992,NA,622571741158,11.3581,11.1528,0.2053,14.9817,11.3615,11.3615,0.0000,-0.0050,1818.7646,NA,NA,NA
q2rtx.exe,39492,0x177137A1C80,DXGI,0,0,1,Hardware: Independent Flip,Application,622571968988,11.6899,11.63020000000000,10.94920000000000,0.18170000000000,14.51070000000000,14.5182,NA,622571854739,11.6066,11.4249,0.1817,14.9851,10.9505,10.9505,0.0000,0.7407,1830.4545,NA,NA,NA
q2rtx.exe,39492,0x177137A1C80,DXGI,0,0,1,Hardware: Independent Flip,Application,622572091722,11.5394,12.27340000000000,11.27760000000000,0.20970000000000,13.27890000000000,13.5224,NA,622571970805,12.3014,12.0917,0.2097,14.3290,11.0416,11.0416,0.0000,0.2618,1841.9939,NA,NA,NA
q2rtx.exe,39492,0x177137A1C80,DXGI,0,0,1,Hardware: Independent Flip,Application,622572198246,11.3900,10.65240000000000,10.90230000000000,0.17570000000000,13.69120000000000,13.7723,NA,622572093819,10.6184,10.4427,0.1757,13.0692,11.0647,11.0647,0.0000,0.4877,1853.3839,NA,NA,NA
q2rtx.exe,39492,0x177137A1C80,DXGI,0,0,1,Hardware: Independent Flip,Application,622572312411,11.3296,11.41650000000000,11.66740000000000,0.20800000000000,14.01520000000000,14.0232,NA,622572200003,11.4488,11.2408,0.2080,13.5155,11.7405,11.7405,0.0000,-0.3378,1864.7135,NA,NA,NA
q2rtx.exe,39492,0x177137A1C80,DXGI,0,0,1,Hardware: Independent Flip,Application,622572424632,11.2205,11.22210000000000,10.90420000000000,0.24530000000000,13.69710000000000,13.7053,NA,622572314491,11.2594,11.0141,0.2453,13.8072,10.9040,10.9040,0.0000,0.3163,1875.9340,NA,NA,NA
q2rtx.exe,39492,0x177137A1C80,DXGI,0,0,1,Hardware: Independent Flip,Application,622572536534,11.2152,11.19020000000000,11.54590000000000,0.43320000000000,13.96930000000000,14.0610,NA,622572427085,11.3781,10.9449,0.4332,13.4518,11.4624,11.4624,0.0000,-0.3307,1887.1492,NA,NA,NA
q2rtx.exe,39492,0x177137A1C80,DXGI,0,0,1,Hardware: Independent Flip,Application,622572651064,11.1874,11.45300000000000,11.03430000000000,0.20120000000000,13.63340000000000,13.6423,NA,622572540866,11.2210,11.0198,0.2012,13.5361,11.1171,11.1171,0.0000,0.1531,1898.3366,NA,NA,NA
q2rtx.exe,39492,0x177137A1C80,DXGI,0,0,1,Hardware: Independent Flip,Application,622572759545,11.0514,10.84810000000000,11.29130000000000,0.20310000000000,13.98880000000000,14.0855,NA,622572653076,10.8500,10.6469,0.2031,13.4322,11.2035,11.2035,0.0000,-0.2399,1909.3880,NA,NA,NA
q2rtx.exe,39492,0x177137A1C80,DXGI,0,0,1,Hardware: Independent Flip,Application,622572869429,11.0476,10.98840000000000,10.55940000000000,0.17710000000000,13.64820000000000,13.6565,NA,622572761576,10.9624,10.7853,0.1771,13.7857,10.6478,10.6478,0.0000,0.4882,1920.4356,NA,NA,NA
q2rtx.exe,39492,0x177137A1C80,DXGI,0,0,1,Hardware: Independent Flip,Application,622572981027,11.1611,11.15980000000000,15.80910000000000,0.17000000000000,15.98960000000000,18.3058,NA,622572871200,11.1527,10.9827,0.1700,13.4711,13.5012,13.5012,0.0000,-4.6480,1931.5967,NA,NA,NA
q2rtx.exe,39492,0x177137A1C80,DXGI,0,0,1,Hardware: Independent Flip,Application,622573087350,10.6083,10.63230000000000,9.73630000000000,0.21820000000000,16.18650000000000,17.4098,NA,622572982727,10.6805,10.4623,0.2182,15.8196,10.8292,10.8292,0.0000,0.8720,1942.2050,NA,NA,NA
q2rtx.exe,39492,0x177137A1C80,DXGI,0,0,1,Hardware: Independent Flip,Application,622573192533,10.6039,10.51830000000000,16.49470000000000,0.18100000000000,23.37640000000000,23.3862,NA,622573089532,10.4811,10.3001,0.1810,15.9683,17.7082,17.7082,0.0000,-5.8908,1952.8089,NA,NA,NA
q2rtx.exe,39492,0x177137A1C80,DXGI,0,0,1,Hardware: Independent Flip,Application,622573304773,11.2796,11.22400000000000,8.04640000000000,0.17170000000000,15.04800000000000,20.2086,NA,622573194343,11.2147,11.0430,0.1717,23.1954,2.8956,2.8956,0.0000,3.2332,1964.0885,NA,NA,NA
q2rtx.exe,39492,0x177137A1C80,DXGI,0,0,1,Hardware: Independent Flip,Application,622573421014,11.3163,11.62410000000000,6.55600000000000,0.23750000000000,15.13210000000000,15.1405,NA,622573306490,11.6899,11.4524,0.2375,14.8763,11.7082,11.7082,0.0000,4.7603,1975.4048,NA,NA,NA
q2rtx.exe,39492,0x177137A1C80,DXGI,0,0,1,Hardware: Independent Flip,Application,622573524069,10.2638,10.30550000000000,11.00270000000000,0.19650000000000,15.82980000000000,15.8377,NA,622573423389,10.2645,10.0680,0.1965,14.8946,11.0032,11.0032,0.0000,-0.7389,1985.6686,NA,NA,NA
q2rtx.exe,39492,0x177137A1C80,DXGI,0,0,1,Hardware: Independent Flip,Application,622573624664,10.2705,10.05950000000000,11.89470000000000,0.28290000000000,17.66470000000000,17.6729,NA,622573526034,10.1459,9.8630,0.2829,15.6333,11.8944,11.8944,0.0000,-1.6242,1995.9391,NA,NA,NA
q2rtx.exe,39492,0x177137A1C80,DXGI,0,0,1,Hardware: Independent Flip,Application,622573745242,12.0190,12.05780000000000,11.28000000000000,0.99380000000000,16.88520000000000,16.8951,NA,622573627493,12.7687,11.7749,0.9938,17.3818,11.2783,11.2783,0.0000,0.7390,2007.9581,NA,NA,NA
q2rtx.exe,39492,0x177137A1C80,DXGI,0,0,1,Hardware: Independent Flip,Application,622573860593,11.4525,11.53510000000000,11.58450000000000,0.26720000000000,16.26010000000000,16.9445,NA,622573755180,10.8085,10.5413,0.2672,15.8914,10.9100,10.9100,0.0000,-0.1320,2019.4106,NA,NA,NA
q2rtx.exe,39492,0x177137A1C80,DXGI,0,0,1,Hardware: Independent Flip,Application,622573984678,12.0888,12.40850000000000,11.90550000000000,0.25870000000000,15.41360000000000,16.4415,NA,622573863265,12.4000,12.1413,0.2587,15.9929,11.5620,11.5620,0.0000,0.1833,2031.4994,NA,NA,NA
q2rtx.exe,39492,0x177137A1C80,DXGI,0,0,1,Hardware: Independent Flip,Application,622574096023,11.5202,11.13450000000000,9.89190000000000,0.27310000000000,15.11470000000000,15.1989,NA,622573987265,11.1489,10.8758,0.2731,15.1549,10.8356,10.8356,0.0000,1.6283,2043.0196,NA,NA,NA
q2rtx.exe,39492,0x177137A1C80,DXGI,0,0,1,Hardware: Independent Flip,Application,622574208519,11.2331,11.24960000000000,15.36480000000000,0.24610000000000,17.01550000000000,19.3141,NA,622574098754,11.2226,10.9765,0.2461,14.8416,13.1504,13.1504,0.0000,-4.1317,2054.2527,NA,NA,NA
q2rtx.exe,39492,0x177137A1C80,DXGI,0,0,1,Hardware: Independent Flip,Application,622574323449,11.5474,11.49300000000000,9.85190000000000,0.31600000000000,16.40000000000000,17.6730,NA,622574210980,11.5629,11.2469,0.3160,16.7694,10.8775,10.8775,0.0000,1.6955,2065.8001,NA,NA,NA
q2rtx.exe,39492,0x177137A1C80,DXGI,0,0,1,Hardware: Independent Flip,Application,622574436183,11.2705,11.27340000000000,9.77420000000000,0.22620000000000,15.38810000000000,16.1738,NA,622574326609,11.1836,10.9574,0.2262,16.0840,10.2615,10.2615,0.0000,1.4963,2077.0706,NA,NA,NA
q2rtx.exe,39492,0x177137A1C80,DXGI,0,0,1,Hardware: Independent Flip,Application,622574553185,11.6847,11.70020000000000,14.26980000000000,0.23160000000000,16.53480000000000,18.7434,NA,622574438445,11.7056,11.4740,0.2316,15.1619,12.8469,12.8469,0.0000,-2.5851,2088.7553,NA,NA,NA
q2rtx.exe,39492,0x177137A1C80,DXGI,0,0,1,Hardware: Independent Flip,Application,622574670485,11.6380,11.73000000000000,10.33140000000000,0.23430000000000,16.02350000000000,17.3448,NA,622574555501,11.7327,11.4984,0.2343,16.3032,11.2187,11.2187,0.0000,1.3066,2100.3933,NA,NA,NA
q2rtx.exe,39492,0x177137A1C80,DXGI,0,0,1,Hardware: Independent Flip,Application,622574786010,11.4679,11.55250000000000,11.54900000000000,0.21840000000000,16.45090000000000,17.3413,NA,622574672828,11.5366,11.3182,0.2184,15.7892,11.9799,11.9799,0.0000,-0.0811,2111.8612,NA,NA,NA
q2rtx.exe,39492,0x177137A1C80,DXGI,0,0,1,Hardware: Independent Flip,Application,622574905006,12.1219,11.89960000000000,8.58950000000000,0.25910000000000,14.02290000000000,14.0312,NA,622574788194,11.9403,11.6812,0.2591,16.2325,9.4716,9.4716,0.0000,3.5324,2123.9831,NA,NA,NA
q2rtx.exe,39492,0x177137A1C80,DXGI,0,0,1,Hardware: Independent Flip,Application,622575016475,11.0224,11.14690000000000,12.60250000000000,0.22740000000000,15.47850000000000,15.4868,NA,622574907597,11.1152,10.8878,0.2274,13.7638,12.6025,12.6025,0.0000,-1.5801,2135.0055,NA,NA,NA
q2rtx.exe,39492,0x177137A1C80,DXGI,0,0,1,Hardware: Independent Flip,Application,622575125800,11.0350,10.93250000000000,10.42950000000000,0.23260000000000,14.97510000000000,14.9838,NA,622575018749,10.9377,10.7051,0.2326,15.2511,10.4291,10.4291,0.0000,0.6055,2146.0405,NA,NA,NA
q2rtx.exe,39492,0x177137A1C80,DXGI,0,0,1,Hardware: Independent Flip,Application,622575239767,11.2298,11.39670000000000,13.01270000000000,0.24450000000000,16.59140000000000,16.5998,NA,622575128126,11.4086,11.1641,0.2445,14.7425,13.0130,13.0130,0.0000,-1.7829,2157.2703,NA,NA,NA
q2rtx.exe,39492,0x177137A1C80,DXGI,0,0,1,Hardware: Independent Flip,Application,622575354730,11.5445,11.49630000000000,10.30010000000000,0.22930000000000,15.38800000000000,15.4036,NA,622575242212,11.4811,11.2518,0.2293,16.3469,10.2929,10.2929,0.0000,1.2444,2168.8148,NA,NA,NA
q2rtx.exe,39492,0x177137A1C80,DXGI,0,0,1,Hardware: Independent Flip,Application,622575467352,11.4003,11.26220000000000,11.83730000000000,0.21400000000000,14.82090000000000,15.9787,NA,622575357023,11.2469,11.0329,0.2140,15.1587,10.6951,10.6951,0.0000,-0.4370,2180.2151,NA,NA,NA
q2rtx.exe,39492,0x177137A1C80,DXGI,0,0,1,Hardware: Independent Flip,Application,622575583685,11.6253,11.63330000000000,14.73900000000000,0.24760000000000,16.65510000000000,19.0844,NA,622575469492,11.6669,11.4193,0.2476,14.6069,13.4675,13.4675,0.0000,-3.1137,2191.8404,NA,NA,NA
q2rtx.exe,39492,0x177137A1C80,DXGI,0,0,1,Hardware: Independent Flip,Application,622575706440,11.9445,12.27550000000000,16.88510000000000,0.23960000000000,23.67270000000000,23.6940,NA,622575586161,12.2675,12.0279,0.2396,16.4075,19.2931,19.2931,0.0000,-4.9406,2203.7849,NA,NA,NA
q2rtx.exe,39492,0x177137A1C80,DXGI,0,0,1,Hardware: Independent Flip,Application,622575811322,10.6969,10.48820000000000,9.44210000000000,0.24200000000000,16.11900000000000,22.6479,NA,622575708836,10.4906,10.2486,0.2420,23.4331,2.9345,2.9345,0.0000,1.2548,2214.4818,NA,NA,NA
q2rtx.exe,39492,0x177137A1C80,DXGI,0,0,1,Hardware: Independent Flip,Application,622575945589,13.3686,13.42670000000000,8.30590000000000,0.23070000000000,17.51820000000000,17.5271,NA,622575813742,13.4154,13.1847,0.2307,15.8770,14.8259,14.8259,0.0000,5.0627,2227.8504,NA,NA,NA
q2rtx.exe,39492,0x177137A1C80,DXGI,0,0,1,Hardware: Independent Flip,Application,622576048632,10.4612,10.30430000000000,12.28510000000000,0.21590000000000,17.13170000000000,19.5079,NA,622575947896,10.2895,10.0736,0.2159,17.2875,9.9178,9.9178,0.0000,-1.8239,2238.3116,NA,NA,NA
q2rtx.exe,39492,0x177137A1C80,DXGI,0,0,1,Hardware: Independent Flip,Application,622576155081,10.4651,10.64490000000000,9.74710000000000,0.24880000000000,17.37170000000000,18.6101,NA,622576050791,10.6778,10.4290,0.2488,16.9158,10.8849,10.8849,0.0000,0.7180,2248.7767,NA,NA,NA
q2rtx.exe,39492,0x177137A1C80,DXGI,0,0,1,Hardware: Independent Flip,Application,622576283546,12.7420,12.84650000000000,11.60170000000000,0.24760000000000,16.58900000000000,17.3653,NA,622576157569,12.8453,12.5977,0.2476,17.1229,12.0638,12.0638,0.0000,1.1403,2261.5187,NA,NA,NA
q2rtx.exe,39492,0x177137A1C80,DXGI,0,0,1,Hardware: Independent Flip,Application,622576393878,11.2645,11.03320000000000,11.74880000000000,0.20600000000000,17.28190000000000,18.0809,NA,622576286022,10.9916,10.7856,0.2060,16.3414,11.7261,11.7261,0.0000,-0.4843,2272.7832,NA,NA,NA
q2rtx.exe,39492,0x177137A1C80,DXGI,0,0,1,Hardware: Independent Flip,Application,622576509453,11.5073,11.55750000000000,15.26270000000000,0.20840000000000,19.30870000000000,21.7861,NA,622576395938,11.5599,11.3515,0.2084,17.0759,13.5843,13.5843,0.0000,-3.7554,2284.2905,NA,NA,NA
q2rtx.exe,39492,0x177137A1C80,DXGI,0,0,1,Hardware: Independent Flip,Application,622576629794,12.2667,12.03410000000000,9.72110000000000,0.19460000000000,18.21690000000000,19.4731,NA,622576511537,12.0203,11.8257,0.1946,19.1003,10.9423,10.9423,0.0000,2.5456,2296.5572,NA,NA,NA
q2rtx.exe,39492,0x177137A1C80,DXGI,0,0,1,Hardware: Independent Flip,Application,622576749852,11.9594,12.00580000000000,10.63160000000000,0.19460000000000,17.15210000000000,18.0989,NA,622576631740,12.0058,11.8112,0.1946,18.0223,10.9410,10.9410,0.0000,1.3278,2308.5166,NA,NA,NA
q2rtx.exe,39492,0x177137A1C80,DXGI,0,0,1,Hardware: Independent Flip,Application,622576877477,12.7072,12.76250000000000,11.32530000000000,0.21870000000000,15.91720000000000,16.6617,NA,622576751798,12.7866,12.5679,0.2187,16.9575,11.5276,11.5276,0.0000,1.3819,2321.2238,NA,NA,NA
q2rtx.exe,39492,0x177137A1C80,DXGI,0,0,1,Hardware: Independent Flip,Application,622576995320,11.8804,11.78430000000000,12.51810000000000,0.19760000000000,17.38620000000000,17.3955,NA,622576879664,11.7632,11.5656,0.1976,15.6985,13.2533,13.2533,0.0000,-0.6377,2333.1042,NA,NA,NA
q2rtx.exe,39492,0x177137A1C80,DXGI,0,0,1,Hardware: Independent Flip,Application,622577114149,11.8041,11.88290000000000,9.83360000000000,0.22700000000000,15.33250000000000,15.3462,NA,622576997296,11.9123,11.6853,0.2270,17.1886,9.8292,9.8292,0.0000,1.9705,2344.9083,NA,NA,NA
q2rtx.exe,39492,0x177137A1C80,DXGI,0,0,1,Hardware: Independent Flip,Application,622577232784,11.8686,11.86350000000000,11.81210000000000,0.21530000000000,14.86830000000000,15.2948,NA,622577116419,11.8518,11.6365,0.2153,15.1055,11.3993,11.3993,0.0000,0.0565,2356.7769,NA,NA,NA
q2rtx.exe,39492,0x177137A1C80,DXGI,0,0,1,Hardware: Independent Flip,Application,622577355482,12.2109,12.26980000000000,11.36130000000000,0.25900000000000,14.28210000000000,14.3863,NA,622577234937,12.3135,12.0545,0.2590,14.6530,11.6836,11.6836,0.0000,0.8496,2368.9878,NA,NA,NA
q2rtx.exe,39492,0x177137A1C80,DXGI,0,0,1,Hardware: Independent Flip,Application,622577472419,11.6927,11.69370000000000,13.67850000000000,0.24680000000000,16.36280000000000,16.3711,NA,622577358072,11.6815,11.4347,0.2468,14.0231,13.7744,13.7744,0.0000,-1.9858,2380.6805,NA,NA,NA
q2rtx.exe,39492,0x177137A1C80,DXGI,0,0,1,Hardware: Independent Flip,Application,622577589354,11.7511,11.69350000000000,11.49510000000000,0.23090000000000,15.18100000000000,16.1727,NA,622577474887,11.6776,11.4467,0.2309,16.1160,10.5117,10.5117,0.0000,0.2560,2392.4316,NA,NA,NA
q2rtx.exe,39492,0x177137A1C80,DXGI,0,0,1,Hardware: Independent Flip,Application,622577706382,11.7448,11.70280000000000,11.48350000000000,0.20660000000000,14.99970000000000,15.9534,NA,622577591663,11.6785,11.4719,0.2066,14.9501,11.5215,11.5215,0.0000,0.2613,2404.1764,NA,NA,NA
q2rtx.exe,39492,0x177137A1C80,DXGI,0,0,1,Hardware: Independent Flip,Application,622577832925,12.5175,12.65430000000000,12.85130000000000,0.23570000000000,16.04590000000000,16.1504,NA,622577708448,12.6834,12.4477,0.2357,14.7931,13.7005,13.7005,0.0000,-0.3338,2416.6939,NA,NA,NA
q2rtx.exe,39492,0x177137A1C80,DXGI,0,0,1,Hardware: Independent Flip,Application,622577951059,11.8556,11.81340000000000,10.07200000000000,0.22000000000000,14.39730000000000,14.4090,NA,622577835282,11.7977,11.5777,0.2200,15.8102,10.1648,10.1648,0.0000,1.7836,2428.5495,NA,NA,NA
q2rtx.exe,39492,0x177137A1C80,DXGI,0,0,1,Hardware: Independent Flip,Application,622578068093,11.7778,11.70340000000000,13.60570000000000,0.23460000000000,16.24370000000000,16.3113,NA,622577953259,11.7180,11.4834,0.2346,14.1773,13.5498,13.5498,0.0000,-1.8279,2440.3273,NA,NA,NA
q2rtx.exe,39492,0x177137A1C80,DXGI,0,0,1,Hardware: Independent Flip,Application,622578183523,11.4153,11.54300000000000,12.34980000000000,0.20370000000000,17.10190000000000,17.1181,NA,622578070439,11.5121,11.3084,0.2037,16.0091,12.4012,12.4012,0.0000,-0.9345,2451.7426,NA,NA,NA
q2rtx.exe,39492,0x177137A1C80,DXGI,0,0,1,Hardware: Independent Flip,Application,622578295733,11.4165,11.22100000000000,11.73160000000000,0.20540000000000,16.45650000000000,17.6287,NA,622578185560,11.2227,11.0173,0.2054,16.8982,10.5756,10.5756,0.0000,-0.3151,2463.1591,NA,NA,NA
q2rtx.exe,39492,0x177137A1C80,DXGI,0,0,1,Hardware: Independent Flip,Application,622578425873,12.9467,13.01400000000000,11.30840000000000,0.20400000000000,14.94540000000000,15.9231,NA,622578297787,13.0126,12.8086,0.2040,16.2511,11.5029,11.5029,0.0000,1.6383,2476.1058,NA,NA,NA
q2rtx.exe,39492,0x177137A1C80,DXGI,0,0,1,Hardware: Independent Flip,Application,622578541346,11.5046,11.54730000000000,14.72840000000000,0.21190000000000,16.79940000000000,19.1042,NA,622578427913,11.5552,11.3433,0.2119,14.7414,13.4013,13.4013,0.0000,-3.2238,2487.6104,NA,NA,NA
q2rtx.exe,39492,0x177137A1C80,DXGI,0,0,1,Hardware: Independent Flip,Application,622578662255,12.0708,12.09090000000000,10.25560000000000,0.22550000000000,15.94280000000000,17.2689,NA,622578543465,12.1045,11.8790,0.2255,16.5875,11.2343,11.2343,0.0000,1.8152,2499.6812,NA,NA,NA
q2rtx.exe,39492,0x177137A1C80,DXGI,0,0,1,Hardware: Independent Flip,Application,622578776036,11.5007,11.37810000000000,12.30230000000000,0.19760000000000,18.04550000000000,18.1931,NA,622578664510,11.3502,11.1526,0.1976,15.7173,13.4808,13.4808,0.0000,-0.8016,2511.1819,NA,NA,NA
q2rtx.exe,39492,0x177137A1C80,DXGI,0,0,1,Hardware: Independent Flip,Application,622578906967,13.0577,13.09310000000000,10.26150000000000,0.21190000000000,15.35300000000000,15.3615,NA,622578778012,13.1074,12.8955,0.2119,17.8479,10.4006,10.4006,0.0000,2.7962,2524.2396,NA,NA,NA
q2rtx.exe,39492,0x177137A1C80,DXGI,0,0,1,Hardware: Independent Flip,Application,622579025287,11.6833,11.83200000000000,11.40770000000000,0.20570000000000,14.57950000000000,14.9372,NA,622578909086,11.8258,11.6201,0.2057,15.1411,11.0585,11.0585,0.0000,0.2756,2535.9229,NA,NA,NA
q2rtx.exe,39492,0x177137A1C80,DXGI,0,0,1,Hardware: Independent Flip,Application,622579149556,12.2155,12.42690000000000,12.39030000000000,0.19740000000000,14.61510000000000,14.9006,NA,622579027344,12.4186,12.2212,0.1974,14.3738,12.4625,12.4625,0.0000,-0.1748,2548.1384,NA,NA,NA
q2rtx.exe,39492,0x177137A1C80,DXGI,0,0,1,Hardware: Independent Flip,Application,622579262492,11.0617,11.29360000000000,20.84240000000000,0.20160000000000,23.44310000000000,24.4494,NA,622579151530,11.2978,11.0962,0.2016,14.4177,20.1216,20.1216,0.0000,-9.7807,2559.2001,NA,NA,NA
q2rtx.exe,39492,0x177137A1C80,DXGI,0,0,1,Hardware: Independent Flip,Application,622579371428,11.0701,10.89360000000000,6.40850000000000,0.22740000000000,15.50890000000000,19.9643,NA,622579264508,10.9194,10.6920,0.2274,23.2415,2.9594,2.9594,0.0000,4.6616,2570.2702,NA,NA,NA
q2rtx.exe,39492,0x177137A1C80,DXGI,0,0,1,Hardware: Independent Flip,Application,622579492195,12.0403,12.07670000000000,7.03670000000000,0.20670000000000,14.91550000000000,14.9243,NA,622579373702,12.0560,11.8493,0.2067,15.2815,11.4833,11.4833,0.0000,5.0036,2582.3105,NA,NA,NA
q2rtx.exe,39492,0x177137A1C80,DXGI,0,0,1,Hardware: Independent Flip,Application,622579604763,11.2047,11.25680000000000,12.43220000000000,0.20210000000000,16.09140000000000,16.0997,NA,622579494262,11.2522,11.0501,0.2021,14.7088,12.4327,12.4327,0.0000,-1.2275,2593.5152,NA,NA,NA
q2rtx.exe,39492,0x177137A1C80,DXGI,0,0,1,Hardware: Independent Flip,Application,622579717742,11.1988,11.29790000000000,11.17750000000000,0.21870000000000,15.96960000000000,15.9793,NA,622579606784,11.3145,11.0958,0.2187,15.8893,11.1761,11.1761,0.0000,0.0213,2604.7140,NA,NA,NA
q2rtx.exe,39492,0x177137A1C80,DXGI,0,0,1,Hardware: Independent Flip,Application,622579837678,12.1359,11.99360000000000,11.51640000000000,0.20590000000000,15.49280000000000,15.5021,NA,622579719929,11.9808,11.7749,0.2059,15.7509,11.5168,11.5168,0.0000,0.6195,2616.8499,NA,NA,NA
q2rtx.exe,39492,0x177137A1C80,DXGI,0,0,1,Hardware: Independent Flip,Application,622579963657,12.3860,12.59790000000000,12.47640000000000,0.31840000000000,15.20960000000000,15.3806,NA,622579839737,12.7104,12.3920,0.3184,15.2869,12.3147,12.3147,0.0000,-0.0904,2629.2359,NA,NA,NA
q2rtx.exe,39492,0x177137A1C80,DXGI,0,0,1,Hardware: Independent Flip,Application,622580071257,11.0375,10.76000000000000,12.15030000000000,0.21700000000000,16.18760000000000,16.7709,NA,622579966841,10.6586,10.4416,0.2170,14.8912,11.7380,11.7380,0.0000,-1.1128,2640.2734,NA,NA,NA
q2rtx.exe,39492,0x177137A1C80,DXGI,0,0,1,Hardware: Independent Flip,Application,622580183526,11.6571,11.22690000000000,11.80020000000000,0.26380000000000,16.80990000000000,17.3442,NA,622580073427,11.2737,11.0099,0.2638,15.9706,11.8492,11.8492,0.0000,-0.1431,2651.9305,NA,NA,NA
q2rtx.exe,39492,0x177137A1C80,DXGI,0,0,1,Hardware: Independent Flip,Application,622580308173,12.3365,12.46470000000000,10.63450000000000,0.20760000000000,15.50560000000000,15.5140,NA,622580186164,12.4085,12.2009,0.2076,16.5461,11.1604,11.1604,0.0000,1.7020,2664.2670,NA,NA,NA
q2rtx.exe,39492,0x177137A1C80,DXGI,0,0,1,Hardware: Independent Flip,Application,622580424640,11.6960,11.64670000000000,15.93550000000000,0.21900000000000,17.39040000000000,19.8028,NA,622580310249,11.6581,11.4391,0.2190,15.2980,13.5315,13.5315,0.0000,-4.2395,2675.9630,NA,NA,NA
q2rtx.exe,39492,0x177137A1C80,DXGI,0,0,1,Hardware: Independent Flip,Application,622580541042,11.6473,11.64020000000000,9.06820000000000,0.23340000000000,16.81900000000000,17.2308,NA,622580426830,11.6546,11.4212,0.2334,17.1714,11.0688,11.0688,0.0000,2.5791,2687.6103,NA,NA,NA
q2rtx.exe,39492,0x177137A1C80,DXGI,0,0,1,Hardware: Independent Flip,Application,622580656306,11.4880,11.52640000000000,13.38140000000000,0.20390000000000,19.07760000000000,19.0858,NA,622580543376,11.4969,11.2930,0.2039,16.5856,13.7850,13.7850,0.0000,-1.8934,2699.0983,NA,NA,NA
q2rtx.exe,39492,0x177137A1C80,DXGI,0,0,1,Hardware: Independent Flip,Application,622580784767,12.7208,12.84610000000000,11.57130000000000,0.19340000000000,16.13020000000000,17.8110,NA,622580658345,12.8356,12.6422,0.1934,18.8737,9.8987,9.8987,0.0000,1.1495,2711.8191,NA,NA,NA
q2rtx.exe,39492,0x177137A1C80,DXGI,0,0,1,Hardware: Independent Flip,Application,622580904120,11.9727,11.93530000000000,10.60910000000000,0.19870000000000,15.64630000000000,16.4848,NA,622580786701,11.9406,11.7419,0.1987,15.9368,11.4514,11.4514,0.0000,1.3636,2723.7918,NA,NA,NA
q2rtx.exe,39492,0x177137A1C80,DXGI,0,0,1,Hardware: Independent Flip,Application,622581031486,12.6353,12.73660000000000,12.94090000000000,0.22670000000000,16.68050000000000,16.6891,NA,622580906107,12.7646,12.5379,0.2267,15.4476,13.7708,13.7708,0.0000,-0.3056,2736.4271,NA,NA,NA
q2rtx.exe,39492,0x177137A1C80,DXGI,0,0,1,Hardware: Independent Flip,Application,622581142537,11.4266,11.10510000000000,11.94700000000000,0.21160000000000,17.52360000000000,17.5310,NA,622581033753,11.0900,10.8784,0.2116,16.4538,11.9482,11.9482,0.0000,-0.5204,2747.8537,NA,NA,NA
q2rtx.exe,39492,0x177137A1C80,DXGI,0,0,1,Hardware: Independent Flip,Application,622581258555,11.5233,11.60180000000000,10.20040000000000,0.19650000000000,16.12090000000000,16.1296,NA,622581144653,11.5867,11.3902,0.1965,17.3120,10.1991,10.1991,0.0000,1.3229,2759.3770,NA,NA,NA
q2rtx.exe,39492,0x177137A1C80,DXGI,0,0,1,Hardware: Independent Flip,Application,622581389378,13.0933,13.08230000000000,15.71400000000000,0.21660000000000,16.56820000000000,18.7613,NA,622581260520,13.1024,12.8858,0.2166,15.9244,13.5296,13.5296,0.0000,-2.6207,2772.4703,NA,NA,NA
q2rtx.exe,39492,0x177137A1C80,DXGI,0,0,1,Hardware: Independent Flip,Application,622581506778,11.7900,11.74000000000000,9.30430000000000,0.19480000000000,15.56730000000000,16.3256,NA,622581391544,11.7182,11.5234,0.1948,16.3516,10.7391,10.7391,0.0000,2.4857,2784.2603,NA,NA,NA
q2rtx.exe,39492,0x177137A1C80,DXGI,0,0,1,Hardware: Independent Flip,Application,622581619811,11.2201,11.30330000000000,10.35920000000000,0.20820000000000,15.37280000000000,15.3815,NA,622581508726,11.3167,11.1085,0.2082,15.3725,11.1088,11.1088,0.0000,0.8609,2795.4804,NA,NA,NA
q2rtx.exe,39492,0x177137A1C80,DXGI,0,0,1,Hardware: Independent Flip,Application,622581738016,11.7844,11.82050000000000,16.06500000000000,0.21030000000000,17.23430000000000,19.6260,NA,622581621893,11.8226,11.6123,0.2103,15.1646,13.6820,13.6820,0.0000,-4.2806,2807.2648,NA,NA,NA
q2rtx.exe,39492,0x177137A1C80,DXGI,0,0,1,Hardware: Independent Flip,Application,622581857144,12.0158,11.91280000000000,9.20270000000000,0.22330000000000,16.02860000000000,16.9159,NA,622581740119,11.9258,11.7025,0.2233,17.0240,10.7071,10.7071,0.0000,2.8131,2819.2806,NA,NA,NA
q2rtx.exe,39492,0x177137A1C80,DXGI,0,0,1,Hardware: Independent Flip,Application,622581972860,11.5765,11.57160000000000,13.29410000000000,0.19750000000000,18.63060000000000,18.6384,NA,622581859377,11.5458,11.3483,0.1975,15.8053,14.1736,14.1736,0.0000,-1.7176,2830.8571,NA,NA,NA
q2rtx.exe,39492,0x177137A1C80,DXGI,0,0,1,Hardware: Independent Flip,Application,622582103211,13.0035,13.03510000000000,11.82000000000000,0.20610000000000,14.56810000000000,17.4233,NA,622581974835,13.0437,12.8376,0.2061,18.4331,8.9726,8.9726,0.0000,1.1835,2843.8606,NA,NA,NA
q2rtx.exe,39492,0x177137A1C80,DXGI,0,0,1,Hardware: Independent Flip,Application,622582218337,11.3890,11.51260000000000,11.17080000000000,0.20450000000000,17.00280000000000,17.0815,NA,622582105272,11.5110,11.3065,0.2045,14.3620,13.9473,13.9473,0.0000,0.2182,2855.2496,NA,NA,NA
q2rtx.exe,39492,0x177137A1C80,DXGI,0,0,1,Hardware: Independent Flip,Application,622582344695,12.6961,12.63580000000000,12.49720000000000,0.18590000000000,15.72740000000000,16.9429,NA,622582220382,12.6172,12.4313,0.1859,16.7983,11.3604,11.3604,0.0000,0.1989,2867.9457,NA,NA,NA
q2rtx.exe,39492,0x177137A1C80,DXGI,0,0,1,Hardware: Independent Flip,Application,622582455240,10.5416,11.05450000000000,11.36280000000000,0.22860000000000,16.08770000000000,17.2512,NA,622582346554,11.0972,10.8686,0.2286,15.5415,11.4148,11.4148,0.0000,-0.8212,2878.4873,NA,NA,NA
q2rtx.exe,39492,0x177137A1C80,DXGI,0,0,1,Hardware: Independent Flip,Application,622582576583,12.6895,12.13430000000000,12.57170000000000,0.19850000000000,17.68090000000000,17.6886,NA,622582457526,12.1042,11.9057,0.1985,15.8591,13.7275,13.7275,0.0000,0.1178,2891.1768,NA,NA,NA
q2rtx.exe,39492,0x177137A1C80,DXGI,0,0,1,Hardware: Independent Flip,Application,622582703738,12.6963,12.71550000000000,11.45790000000000,0.20560000000000,16.42200000000000,16.4310,NA,622582578568,12.7226,12.5170,0.2056,17.4824,11.4566,11.4566,0.0000,1.2384,2903.8731,NA,NA,NA
q2rtx.exe,39492,0x177137A1C80,DXGI,0,0,1,Hardware: Independent Flip,Application,622582822739,11.7604,11.90010000000000,10.57360000000000,0.20690000000000,15.09230000000000,15.1045,NA,622582705794,11.9014,11.6945,0.2069,16.2164,10.5704,10.5704,0.0000,1.1868,2915.6335,NA,NA,NA
q2rtx.exe,39492,0x177137A1C80,DXGI,0,0,1,Hardware: Independent Flip,Application,622582938022,11.7671,11.52830000000000,11.56060000000000,0.19310000000000,14.54120000000000,15.1368,NA,622582824808,11.5145,11.3214,0.1931,14.8854,10.9772,10.9772,0.0000,0.2065,2927.4006,NA,NA,NA
q2rtx.exe,39492,0x177137A1C80,DXGI,0,0,1,Hardware: Independent Flip,Application,622583057410,11.7671,11.93880000000000,12.89640000000000,0.23410000000000,16.08630000000000,16.0944,NA,622582939953,11.9798,11.7457,0.2341,14.3481,13.4839,13.4839,0.0000,-1.1293,2939.1677,NA,NA,NA
q2rtx.exe,39492,0x177137A1C80,DXGI,0,0,1,Hardware: Independent Flip,Application,622583178165,12.1430,12.07550000000000,11.99380000000000,0.21180000000000,16.00370000000000,16.0127,NA,622583059751,12.0532,11.8414,0.2118,15.8522,11.9929,11.9929,0.0000,0.1492,2951.3107,NA,NA,NA
q2rtx.exe,39492,0x177137A1C80,DXGI,0,0,1,Hardware: Independent Flip,Application,622583290805,11.2302,11.26400000000000,10.78900000000000,0.22020000000000,15.51490000000000,15.5377,NA,622583180283,11.2724,11.0522,0.2202,15.7919,10.7752,10.7752,0.0000,0.4412,2962.5409,NA,NA,NA
q2rtx.exe,39492,0x177137A1C80,DXGI,0,0,1,Hardware: Independent Flip,Application,622583415904,12.5646,12.50990000000000,11.49280000000000,0.20670000000000,13.89950000000000,14.5206,NA,622583293007,12.4964,12.2897,0.2067,15.2947,10.8945,10.8945,0.0000,1.0718,2975.1055,NA,NA,NA
q2rtx.exe,39492,0x177137A1C80,DXGI,0,0,1,Hardware: Independent Flip,Application,622583528915,11.2790,11.30110000000000,15.37810000000000,0.22040000000000,16.17130000000000,18.5976,NA,622583417971,11.3148,11.0944,0.2204,13.6928,13.5729,13.5729,0.0000,-4.0991,2986.3845,NA,NA,NA
q2rtx.exe,39492,0x177137A1C80,DXGI,0,0,1,Hardware: Independent Flip,Application,622583641025,11.1419,11.21100000000000,9.88450000000000,0.24920000000000,15.98250000000000,17.2711,NA,622583531119,11.2398,10.9906,0.2492,15.9509,11.0222,11.0222,0.0000,1.2574,2997.5264,NA,NA,NA
q2rtx.exe,39492,0x177137A1C80,DXGI,0,0,1,Hardware: Independent Flip,Application,622583754748,11.1425,11.37230000000000,10.47520000000000,0.21370000000000,15.45500000000000,16.3740,NA,622583643517,11.3368,11.1231,0.2137,15.7333,10.8448,10.8448,0.0000,0.6673,3008.6689,NA,NA,NA
q2rtx.exe,39492,0x177137A1C80,DXGI,0,0,1,Hardware: Independent Flip,Application,622583874648,12.3745,11.99000000000000,10.86900000000000,0.19730000000000,14.62650000000000,15.2530,NA,622583756885,11.9736,11.7763,0.1973,15.2413,11.1615,11.1615,0.0000,1.5055,3021.0434,NA,NA,NA
q2rtx.exe,39492,0x177137A1C80,DXGI,0,0,1,Hardware: Independent Flip,Application,622583991752,11.4863,11.71040000000000,12.51280000000000,0.21550000000000,16.04700000000000,16.0554,NA,622583876621,11.7286,11.5131,0.2155,14.4292,13.1309,13.1309,0.0000,-1.0265,3032.5297,NA,NA,NA
q2rtx.exe,39492,0x177137A1C80,DXGI,0,0,1,Hardware: Independent Flip,Application,622584102232,11.2744,11.04800000000000,10.06900000000000,0.20850000000000,15.06770000000000,15.0764,NA,622583993907,11.0410,10.8325,0.2085,15.8315,10.0687,10.0687,0.0000,1.2054,3043.8041,NA,NA,NA
q2rtx.exe,39492,0x177137A1C80,DXGI,0,0,1,Hardware: Independent Flip,Application,622584214128,11.1235,11.18960000000000,11.32960000000000,0.18950000000000,15.20520000000000,15.2164,NA,622584104317,11.1706,10.9811,0.1895,14.8592,11.3271,11.3271,0.0000,-0.2061,3054.9276,NA,NA,NA
q2rtx.exe,39492,0x177137A1C80,DXGI,0,0,1,Hardware: Independent Flip,Application,622584334446,12.1237,12.03180000000000,10.88700000000000,0.19750000000000,14.06330000000000,14.0716,NA,622584216023,12.0398,11.8423,0.1975,15.0157,10.8899,10.8899,0.0000,1.2367,3067.0513,NA,NA,NA
q2rtx.exe,39492,0x177137A1C80,DXGI,0,0,1,Hardware: Independent Flip,Application,622584443442,10.8546,10.89960000000000,11.53900000000000,0.21960000000000,14.12840000000000,14.7110,NA,622584336421,10.9217,10.7021,0.2196,13.8658,10.9647,10.9647,0.0000,-0.6844,3077.9059,NA,NA,NA
q2rtx.exe,39492,0x177137A1C80,DXGI,0,0,1,Hardware: Independent Flip,Application,622584555662,11.2024,11.22200000000000,11.12730000000000,0.20140000000000,14.20310000000000,14.6163,NA,622584445638,11.2038,11.0024,0.2014,13.9088,11.2967,11.2967,0.0000,0.0751,3089.1083,NA,NA,NA
q2rtx.exe,39492,0x177137A1C80,DXGI,0,0,1,Hardware: Independent Flip,Application,622584663290,10.8167,10.76280000000000,12.86770000000000,0.19060000000000,16.71090000000000,16.7212,NA,622584557676,10.7520,10.5614,0.1906,14.0017,13.2706,13.2706,0.0000,-2.0510,3099.9250,NA,NA,NA
q2rtx.exe,39492,0x177137A1C80,DXGI,0,0,1,Hardware: Independent Flip,Application,622584774344,11.0029,11.10540000000000,9.23290000000000,0.18350000000000,14.83980000000000,14.8487,NA,622584665196,11.0983,10.9148,0.1835,16.5203,9.2343,9.2343,0.0000,1.7700,3110.9279,NA,NA,NA
q2rtx.exe,39492,0x177137A1C80,DXGI,0,0,1,Hardware: Independent Flip,Application,622584885135,11.1534,11.07910000000000,11.84750000000000,0.20540000000000,15.32020000000000,15.6171,NA,622584776179,11.1010,10.8956,0.2054,14.6563,11.5595,11.5595,0.0000,-0.6941,3122.0813,NA,NA,NA
q2rtx.exe,39492,0x177137A1C80,DXGI,0,0,1,Hardware: Independent Flip,Application,622584999906,11.4358,11.47710000000000,10.67480000000000,0.21600000000000,14.80670000000000,14.8148,NA,622584887189,11.4877,11.2717,0.2160,15.1148,10.9636,10.9636,0.0000,0.7610,3133.5171,NA,NA,NA
q2rtx.exe,39492,0x177137A1C80,DXGI,0,0,1,Hardware: Independent Flip,Application,622585107872,10.8539,10.79660000000000,11.20430000000000,0.20810000000000,15.21400000000000,15.2225,NA,622585002066,10.7887,10.5806,0.2081,14.5907,11.2039,11.2039,0.0000,-0.3504,3144.3710,NA,NA,NA
q2rtx.exe,39492,0x177137A1C80,DXGI,0,0,1,Hardware: Independent Flip,Application,622585219272,11.0835,11.14000000000000,11.30490000000000,0.20720000000000,15.37910000000000,15.3874,NA,622585109953,11.1391,10.9319,0.2072,15.0059,11.3051,11.3051,0.0000,-0.2214,3155.4545,NA,NA,NA
q2rtx.exe,39492,0x177137A1C80,DXGI,0,0,1,Hardware: Independent Flip,Application,622585331018,11.2568,11.17460000000000,10.78170000000000,0.19820000000000,14.98520000000000,14.9945,NA,622585221344,11.1656,10.9674,0.1982,15.1719,10.7807,10.7807,0.0000,0.4751,3166.7113,NA,NA,NA
q2rtx.exe,39492,0x177137A1C80,DXGI,0,0,1,Hardware: Independent Flip,Application,622585442567,11.1651,11.15490000000000,13.44890000000000,0.20020000000000,17.20500000000000,17.2885,NA,622585333000,11.1569,10.9567,0.2002,14.7870,13.3747,13.3747,0.0000,-2.2838,3177.8764,NA,NA,NA
q2rtx.exe,39492,0x177137A1C80,DXGI,0,0,1,Hardware: Independent Flip,Application,622585555707,11.2180,11.31400000000000,9.73650000000000,0.21080000000000,15.69850000000000,15.7110,NA,622585444569,11.3246,11.1138,0.2108,17.0048,9.8075,9.8075,0.0000,1.4815,3189.0944,NA,NA,NA
q2rtx.exe,39492,0x177137A1C80,DXGI,0,0,1,Hardware: Independent Flip,Application,622585662905,10.7838,10.71980000000000,11.85180000000000,0.19990000000000,16.02540000000000,16.8430,NA,622585557815,10.7089,10.5090,0.1999,15.4877,11.0467,11.0467,0.0000,-1.0680,3199.8782,NA,NA,NA
q2rtx.exe,39492,0x177137A1C80,DXGI,0,0,1,Hardware: Independent Flip,Application,622585785436,12.2036,12.25310000000000,11.07480000000000,0.21760000000000,15.05760000000000,15.6647,NA,622585664904,12.2708,12.0532,0.2176,15.8255,11.2853,11.2853,0.0000,1.1288,3212.0818,NA,NA,NA
q2rtx.exe,39492,0x177137A1C80,DXGI,0,0,1,Hardware: Independent Flip,Application,622585895000,10.8853,10.95640000000000,12.71080000000000,0.22320000000000,17.41140000000000,17.4191,NA,622585787612,10.9620,10.7388,0.2232,14.8400,13.3102,13.3102,0.0000,-1.8255,3222.9671,NA,NA,NA
q2rtx.exe,39492,0x177137A1C80,DXGI,0,0,1,Hardware: Independent Flip,Application,622586005658,11.1773,11.06580000000000,8.97380000000000,0.20180000000000,15.31920000000000,15.3271,NA,622585897232,11.0444,10.8426,0.2018,17.1882,8.9736,8.9736,0.0000,2.2035,3234.1444,NA,NA,NA
q2rtx.exe,39492,0x177137A1C80,DXGI,0,0,1,Hardware: Independent Flip,Application,622586119094,11.2908,11.34360000000000,13.23590000000000,0.20880000000000,17.20820000000000,17.2194,NA,622586007676,11.3506,11.1418,0.2088,15.1174,13.2326,13.2326,0.0000,-1.9451,3245.4352,NA,NA,NA
q2rtx.exe,39492,0x177137A1C80,DXGI,0,0,1,Hardware: Independent Flip,Application,622586236054,11.7249,11.69600000000000,9.54760000000000,0.22800000000000,15.05690000000000,15.0710,NA,622586121182,11.7152,11.4872,0.2280,16.9994,9.5447,9.5447,0.0000,2.1773,3257.1601,NA,NA,NA
q2rtx.exe,39492,0x177137A1C80,DXGI,0,0,1,Hardware: Independent Flip,Application,622586341472,10.5262,10.54180000000000,11.42870000000000,0.20860000000000,15.67670000000000,15.9579,NA,622586238334,10.5224,10.3138,0.2086,14.8289,11.1616,11.1616,0.0000,-0.9025,3267.6863,NA,NA,NA
q2rtx.exe,39492,0x177137A1C80,DXGI,0,0,1,Hardware: Independent Flip,Application,622586460707,11.8681,11.92350000000000,10.68930000000000,0.20340000000000,14.54300000000000,14.7237,NA,622586343558,11.9183,11.7149,0.2034,15.4681,10.7898,10.7898,0.0000,1.1788,3279.5544,NA,NA,NA
q2rtx.exe,39492,0x177137A1C80,DXGI,0,0,1,Hardware: Independent Flip,Application,622586569154,10.9008,10.84470000000000,13.13600000000000,0.34810000000000,16.90970000000000,17.0150,NA,622586462741,10.9894,10.6413,0.3481,14.3396,13.2114,13.2114,0.0000,-2.2352,3290.4552,NA,NA,NA
q2rtx.exe,39492,0x177137A1C80,DXGI,0,0,1,Hardware: Independent Flip,Application,622586680196,11.1561,11.10420000000000,9.64470000000000,0.21050000000000,15.54750000000000,15.5555,NA,622586572635,10.9666,10.7561,0.2105,16.5616,9.7420,9.7420,0.0000,1.5114,3301.6113,NA,NA,NA
q2rtx.exe,39492,0x177137A1C80,DXGI,0,0,1,Hardware: Independent Flip,Application,622586789152,10.8680,10.89560000000000,11.59400000000000,0.22010000000000,15.87280000000000,16.2539,NA,622586682301,10.9052,10.6851,0.2201,15.3370,11.2209,11.2209,0.0000,-0.7260,3312.4793,NA,NA,NA
q2rtx.exe,39492,0x177137A1C80,DXGI,0,0,1,Hardware: Independent Flip,Application,622586909791,12.0306,12.06390000000000,11.66910000000000,0.22290000000000,15.58760000000000,15.8591,NA,622586791353,12.0667,11.8438,0.2229,15.6527,11.7787,11.7787,0.0000,0.3615,3324.5099,NA,NA,NA
q2rtx.exe,39492,0x177137A1C80,DXGI,0,0,1,Hardware: Independent Flip,Application,622587018100,10.8350,10.83090000000000,10.83810000000000,0.21400000000000,15.85780000000000,15.8663,NA,622586912020,10.8220,10.6080,0.2140,15.3647,11.1011,11.1011,0.0000,-0.0031,3335.3449,NA,NA,NA
q2rtx.exe,39492,0x177137A1C80,DXGI,0,0,1,Hardware: Independent Flip,Application,622587130465,11.2674,11.23650000000000,11.28680000000000,0.20170000000000,15.90870000000000,15.9166,NA,622587020240,11.2242,11.0225,0.2017,15.6438,11.2874,11.2874,0.0000,-0.0194,3346.6123,NA,NA,NA
q2rtx.exe,39492,0x177137A1C80,DXGI,0,0,1,Hardware: Independent Flip,Application,622587245126,11.4821,11.46610000000000,10.73400000000000,0.19410000000000,15.17540000000000,15.1845,NA,622587132482,11.4585,11.2644,0.1941,15.7070,10.7328,10.7328,0.0000,0.7481,3358.0944,NA,NA,NA
q2rtx.exe,39492,0x177137A1C80,DXGI,0,0,1,Hardware: Independent Flip,Application,622587358306,11.3239,11.31800000000000,16.04730000000000,0.20170000000000,17.48750000000000,19.9138,NA,622587247067,11.3256,11.1239,0.2017,14.9813,13.6301,13.6301,0.0000,-4.7234,3369.4183,NA,NA,NA
q2rtx.exe,39492,0x177137A1C80,DXGI,0,0,1,Hardware: Independent Flip,Application,622587471453,11.2585,11.31470000000000,9.45690000000000,0.21850000000000,15.76330000000000,18.0560,NA,622587360323,11.3315,11.1130,0.2185,17.2858,9.5905,9.5905,0.0000,1.8016,3380.6768,NA,NA,NA
q2rtx.exe,39492,0x177137A1C80,DXGI,0,0,1,Hardware: Independent Flip,Application,622587580560,10.8611,10.91070000000000,11.08800000000000,0.21680000000000,18.22510000000000,18.2333,NA,622587473638,10.9090,10.6922,0.2168,15.5448,13.3725,13.3725,0.0000,-0.2269,3391.5379,NA,NA,NA
q2rtx.exe,39492,0x177137A1C80,DXGI,0,0,1,Hardware: Independent Flip,Application,622587699292,11.8310,11.87320000000000,9.47050000000000,0.21450000000000,15.56710000000000,15.8306,NA,622587582728,11.8709,11.6564,0.2145,18.0083,9.2152,9.2152,0.0000,2.3605,3403.3689,NA,NA,NA
q2rtx.exe,39492,0x177137A1C80,DXGI,0,0,1,Hardware: Independent Flip,Application,622587808370,10.9751,10.90780000000000,13.24450000000000,0.25690000000000,18.15870000000000,18.1673,NA,622587701437,10.9502,10.6933,0.2569,15.3526,13.4994,13.4994,0.0000,-2.2694,3414.3440,NA,NA,NA
q2rtx.exe,39492,0x177137A1C80,DXGI,0,0,1,Hardware: Independent Flip,Application,622587933728,12.5138,12.53580000000000,9.79880000000000,0.21380000000000,15.22120000000000,15.4303,NA,622587810939,12.4927,12.2789,0.2138,17.9018,9.5983,9.5983,0.0000,2.7150,3426.8578,NA,NA,NA
q2rtx.exe,39492,0x177137A1C80,DXGI,0,0,1,Hardware: Independent Flip,Application,622588038527,10.5399,10.47990000000000,10.96410000000000,0.21940000000000,15.90610000000000,15.9145,NA,622587935866,10.4855,10.2661,0.2194,15.0074,11.1648,11.1648,0.0000,-0.4242,3437.3977,NA,NA,NA
q2rtx.exe,39492,0x177137A1C80,DXGI,0,0,1,Hardware: Independent Flip,Application,622588144181,10.5401,10.56540000000000,11.33070000000000,0.19860000000000,16.66950000000000,16.6798,NA,622588040721,10.5446,10.3460,0.1986,15.6867,11.3288,11.3288,0.0000,-0.7906,3447.9378,NA,NA,NA
q2rtx.exe,39492,0x177137A1C80,DXGI,0,0,1,Hardware: Independent Flip,Application,622588249546,10.5377,10.53650000000000,11.32510000000000,0.19340000000000,17.46070000000000,17.4684,NA,622588146167,10.5313,10.3379,0.1934,16.4709,11.3277,11.3277,0.0000,-0.7874,3458.4755,NA,NA,NA
q2rtx.exe,39492,0x177137A1C80,DXGI,0,0,1,Hardware: Independent Flip,Application,622588358463,10.9452,10.89170000000000,11.39210000000000,0.20090000000000,17.90760000000000,17.9688,NA,622588251480,10.8992,10.6983,0.2009,17.2673,11.3386,11.3386,0.0000,-0.4469,3469.4207,NA,NA,NA
q2rtx.exe,39492,0x177137A1C80,DXGI,0,0,1,Hardware: Independent Flip,Application,622588468662,10.9464,11.01990000000000,11.36760000000000,0.19510000000000,18.06990000000000,18.3165,NA,622588360472,11.0141,10.8190,0.1951,17.7067,11.1822,11.1822,0.0000,-0.4212,3480.3671,NA,NA,NA
q2rtx.exe,39492,0x177137A1C80,DXGI,0,0,1,Hardware: Independent Flip,Application,622588582732,11.4155,11.40700000000000,11.15500000000000,0.19790000000000,17.82990000000000,18.0645,NA,622588470613,11.4098,11.2119,0.1979,17.8748,11.1670,11.1670,0.0000,0.2605,3491.7826,NA,NA,NA
q2rtx.exe,39492,0x177137A1C80,DXGI,0,0,1,Hardware: Independent Flip,Application,622588697291,11.4162,11.45590000000000,11.29290000000000,0.20260000000000,17.89240000000000,17.9015,NA,622588584711,11.4606,11.2580,0.2026,17.6320,11.5184,11.5184,0.0000,0.1233,3503.1988,NA,NA,NA
q2rtx.exe,39492,0x177137A1C80,DXGI,0,0,1,Hardware: Independent Flip,Application,622588811025,11.5077,11.37340000000000,11.07470000000000,0.20090000000000,17.59490000000000,17.6028,NA,622588699317,11.3717,11.1708,0.2009,17.6898,11.0759,11.0759,0.0000,0.4330,3514.7065,NA,NA,NA
q2rtx.exe,39492,0x177137A1C80,DXGI,0,0,1,Hardware: Independent Flip,Application,622588926919,11.5137,11.58940000000000,11.04560000000000,0.22210000000000,17.05010000000000,17.0590,NA,622588813034,11.6106,11.3885,0.2221,17.3940,11.0446,11.0446,0.0000,0.4681,3526.2202,NA,NA,NA
q2rtx.exe,39492,0x177137A1C80,DXGI,0,0,1,Hardware: Independent Flip,Application,622589040588,11.3616,11.36690000000000,11.45400000000000,0.19710000000000,17.00890000000000,17.1461,NA,622588929140,11.3419,11.1448,0.1971,16.8280,11.3257,11.3257,0.0000,-0.0924,3537.5818,NA,NA,NA
q2rtx.exe,39492,0x177137A1C80,DXGI,0,0,1,Hardware: Independent Flip,Application,622589154737,11.3626,11.41490000000000,18.69470000000000,0.18080000000000,23.28080000000000,24.4259,NA,622589042559,11.3986,11.2178,0.1808,16.8118,17.6868,17.6868,0.0000,-7.3321,3548.9444,NA,NA,NA
q2rtx.exe,39492,0x177137A1C80,DXGI,0,0,1,Hardware: Independent Flip,Application,622589269391,11.5791,11.46540000000000,7.16080000000000,0.19470000000000,16.68690000000000,20.1213,NA,622589156545,11.4793,11.2846,0.1947,23.1000,4.8715,4.8715,0.0000,4.4183,3560.5235,NA,NA,NA
q2rtx.exe,39492,0x177137A1C80,DXGI,0,0,1,Hardware: Independent Flip,Application,622589387848,11.5866,11.84570000000000,7.13760000000000,0.20470000000000,15.40070000000000,15.4132,NA,622589271338,11.8557,11.6510,0.2047,16.4922,10.5595,10.5595,0.0000,4.4490,3572.1101,NA,NA,NA
q2rtx.exe,39492,0x177137A1C80,DXGI,0,0,1,Hardware: Independent Flip,Application,622589500482,11.5294,11.26340000000000,11.68550000000000,0.23280000000000,15.82490000000000,15.8353,NA,622589389895,11.2915,11.0587,0.2328,15.1960,11.6876,11.6876,0.0000,-0.1561,3583.6395,NA,NA,NA
q2rtx.exe,39492,0x177137A1C80,DXGI,0,0,1,Hardware: Independent Flip,Application,622589616201,11.5412,11.57190000000000,11.19740000000000,0.20400000000000,15.45340000000000,15.4608,NA,622589502810,11.5431,11.3391,0.2040,15.5921,11.2004,11.2004,0.0000,0.3438,3595.1807,NA,NA,NA
q2rtx.exe,39492,0x177137A1C80,DXGI,0,0,1,Hardware: Independent Flip,Application,622589732437,11.5870,11.62360000000000,11.01180000000000,0.19830000000000,14.83970000000000,14.8490,NA,622589618241,11.6179,11.4196,0.1983,15.2494,11.0099,11.0099,0.0000,0.5752,3606.7677,NA,NA,NA
q2rtx.exe,39492,0x177137A1C80,DXGI,0,0,1,Hardware: Independent Flip,Application,622589848813,11.6003,11.63760000000000,13.22000000000000,0.19670000000000,16.33260000000000,16.4314,NA,622589734420,11.6360,11.4393,0.1967,14.6414,13.1305,13.1305,0.0000,-1.6197,3618.3680,NA,NA,NA
q2rtx.exe,39492,0x177137A1C80,DXGI,0,0,1,Hardware: Independent Flip,Application,622589966891,11.8014,11.80780000000000,8.92960000000000,0.23100000000000,12.06130000000000,13.5532,NA,622589850780,11.8421,11.6111,0.2310,16.1359,7.5365,7.5326,0.0039,2.8718,3630.1694,NA,NA,NA
q2rtx.exe,39492,0x177137A1C80,DXGI,0,0,1,Hardware: Independent Flip,Application,622590086711,11.8081,11.98200000000000,10.35140000000000,0.27860000000000,11.02280000000000,11.9226,NA,622589969201,12.0296,11.7510,0.2786,11.8303,10.9435,10.9435,0.0000,1.4567,3641.9775,NA,NA,NA
q2rtx.exe,39492,0x177137A1C80,DXGI,0,0,1,Hardware: Independent Flip,Application,622590206837,11.1631,12.01260000000000,10.55150000000000,0.20330000000000,10.45260000000000,10.4615,NA,622590089497,11.9373,11.7340,0.2033,10.7442,11.4424,11.0559,0.3865,0.6116,3653.1406,NA,NA,NA
q2rtx.exe,39492,0x177137A1C80,DXGI,0,0,1,Hardware: Independent Flip,Application,622590316554,11.3378,10.97170000000000,11.14960000000000,0.21920000000000,10.61630000000000,10.6394,NA,622590208870,10.9876,10.7684,0.2192,10.2493,11.1354,11.0354,0.1000,0.1882,3664.4784,NA,NA,NA
q2rtx.exe,39492,0x177137A1C80,DXGI,0,0,1,Hardware: Independent Flip,Application,622590430302,11.3370,11.37480000000000,13.01470000000000,0.20450000000000,12.27090000000000,12.2793,NA,622590318746,11.3601,11.1556,0.2045,10.3971,13.0294,12.9330,0.0964,-1.6777,3675.8154,NA,NA,NA
q2rtx.exe,39492,0x177137A1C80,DXGI,0,0,1,Hardware: Independent Flip,Application,622590526442,9.5782,9.61400000000000,11.35130000000000,0.25330000000000,14.00810000000000,14.0166,NA,622590432347,9.6628,9.4095,0.2533,12.0664,11.3512,11.3512,0.0000,-1.7731,3685.3936,NA,NA,NA
q2rtx.exe,39492,0x177137A1C80,DXGI,0,0,1,Hardware: Independent Flip,Application,622590620003,9.5837,9.35610000000000,11.60970000000000,0.20330000000000,15.75090000000000,16.2702,NA,622590528975,9.3061,9.1028,0.2033,13.7548,11.0989,11.0989,0.0000,-2.0260,3694.9773,NA,NA,NA
q2rtx.exe,39492,0x177137A1C80,DXGI,0,0,1,Hardware: Independent Flip,Application,622590714497,9.5803,9.44940000000000,12.19130000000000,0.19710000000000,17.98260000000000,19.0121,NA,622590622036,9.4432,9.2461,0.1971,15.5476,11.6811,11.6811,0.0000,-2.6110,3704.5576,NA,NA,NA
q2rtx.exe,39492,0x177137A1C80,DXGI,0,0,1,Hardware: Independent Flip,Application,622590816472,9.6981,10.19750000000000,10.48550000000000,0.20060000000000,18.80400000000000,19.3001,NA,622590716468,10.2010,10.0004,0.2006,17.7855,11.0189,11.0189,0.0000,-0.7874,3714.2557,NA,NA,NA
q2rtx.exe,39492,0x177137A1C80,DXGI,0,0,1,Hardware: Independent Flip,Application,622590910772,9.7033,9.43000000000000,12.56740000000000,0.23070000000000,22.42870000000000,22.4375,NA,622590818478,9.4601,9.2294,0.2307,18.6034,13.0547,13.0547,0.0000,-2.8641,3723.9590,NA,NA,NA
q2rtx.exe,39492,0x177137A1C80,DXGI,0,0,1,Hardware: Independent Flip,Application,622591017787,11.0230,10.70150000000000,9.35840000000000,0.22610000000000,21.08580000000000,21.0944,NA,622590913079,10.6969,10.4708,0.2261,22.1980,9.3586,9.3586,0.0000,1.6646,3734.9820,NA,NA,NA
q2rtx.exe,39492,0x177137A1C80,DXGI,0,0,1,Hardware: Independent Flip,Application,622591126329,11.0414,10.85420000000000,10.91390000000000,0.24010000000000,21.14620000000000,21.1541,NA,622591020048,10.8682,10.6281,0.2401,20.8597,10.9146,10.9146,0.0000,0.1275,3746.0234,NA,NA,NA
q2rtx.exe,39492,0x177137A1C80,DXGI,0,0,1,Hardware: Independent Flip,Application,622591240624,11.4209,11.42950000000000,13.58960000000000,0.21190000000000,23.30520000000000,23.3142,NA,622591128730,11.4013,11.1894,0.2119,20.9061,13.5885,13.5885,0.0000,-2.1687,3757.4443,NA,NA,NA
q2rtx.exe,39492,0x177137A1C80,DXGI,0,0,1,Hardware: Independent Flip,Application,622591355052,11.4489,11.44280000000000,11.45530000000000,0.18850000000000,21.29660000000000,23.3267,NA,622591242743,11.4194,11.2309,0.1885,23.0933,9.4342,9.4342,0.0000,-0.0064,3768.8932,NA,NA,NA
q2rtx.exe,39492,0x177137A1C80,DXGI,0,0,1,Hardware: Independent Flip,Application,622591464731,11.0681,10.96790000000000,11.16040000000000,0.18860000000000,23.42530000000000,23.5192,NA,622591356937,10.9680,10.7794,0.1886,21.1081,13.0966,13.0966,0.0000,-0.0923,3779.9613,NA,NA,NA
q2rtx.exe,39492,0x177137A1C80,DXGI,0,0,1,Hardware: Independent Flip,Application,622591575106,11.0682,11.03750000000000,10.19840000000000,0.19260000000000,22.20200000000000,22.6801,NA,622591466617,11.0415,10.8489,0.1926,23.2367,9.8142,9.8142,0.0000,0.8698,3791.0295,NA,NA,NA
q2rtx.exe,39492,0x177137A1C80,DXGI,0,0,1,Hardware: Independent Flip,Application,622591701441,12.6361,12.63350000000000,12.46500000000000,0.19590000000000,22.42970000000000,22.5116,NA,622591577032,12.6368,12.4409,0.1959,22.0094,12.8612,12.8612,0.0000,0.1711,3803.6656,NA,NA,NA
q2rtx.exe,39492,0x177137A1C80,DXGI,0,0,1,Hardware: Independent Flip,Application,622591827713,12.6336,12.62720000000000,9.92740000000000,0.20880000000000,19.79920000000000,19.8118,NA,622591703400,12.6401,12.4313,0.2088,22.2338,9.9967,9.9967,0.0000,2.7062,3816.2992,NA,NA,NA
q2rtx.exe,39492,0x177137A1C80,DXGI,0,0,1,Hardware: Independent Flip,Application,622591953028,12.4672,12.53150000000000,11.17640000000000,0.20390000000000,17.88480000000000,18.4567,NA,622591829801,12.5266,12.3227,0.2039,19.5904,10.6171,10.6171,0.0000,1.2908,3828.7664,NA,NA,NA
q2rtx.exe,39492,0x177137A1C80,DXGI,0,0,1,Hardware: Independent Flip,Application,622592077588,12.4711,12.45600000000000,12.82390000000000,0.21080000000000,18.81720000000000,18.8246,NA,622591955067,12.4629,12.2521,0.2108,17.6809,13.3884,13.3884,0.0000,-0.3528,3841.2375,NA,NA,NA
q2rtx.exe,39492,0x177137A1C80,DXGI,0,0,1,Hardware: Independent Flip,Application,622592202461,12.4281,12.48730000000000,9.65200000000000,0.19230000000000,15.97640000000000,15.9893,NA,622592079696,12.4688,12.2765,0.1923,18.6064,9.6465,9.6465,0.0000,2.7761,3853.6656,NA,NA,NA
q2rtx.exe,39492,0x177137A1C80,DXGI,0,0,1,Hardware: Independent Flip,Application,622592326201,12.4321,12.37400000000000,11.60500000000000,0.19380000000000,14.73200000000000,15.2203,NA,622592204384,12.3755,12.1817,0.1938,15.7841,11.1296,11.1296,0.0000,0.8271,3866.0977,NA,NA,NA
q2rtx.exe,39492,0x177137A1C80,DXGI,0,0,1,Hardware: Independent Flip,Application,622592442843,11.5279,11.66420000000000,10.79830000000000,0.27370000000000,14.28300000000000,14.3544,NA,622592328139,11.7441,11.4704,0.2737,14.5382,11.2152,11.2152,0.0000,0.7296,3877.6256,NA,NA,NA
q2rtx.exe,39492,0x177137A1C80,DXGI,0,0,1,Hardware: Independent Flip,Application,622592557312,11.5315,11.44690000000000,13.02740000000000,0.21700000000000,15.92520000000000,15.9349,NA,622592445580,11.3902,11.1732,0.2170,14.0093,13.0891,13.0891,0.0000,-1.4959,3889.1571,NA,NA,NA
q2rtx.exe,39492,0x177137A1C80,DXGI,0,0,1,Hardware: Independent Flip,Application,622592674920,11.4210,11.76080000000000,9.54680000000000,0.20430000000000,13.62370000000000,13.7209,NA,622592559482,11.7481,11.5438,0.2043,15.7082,9.4593,9.4593,0.0000,1.8742,3900.5781,NA,NA,NA
q2rtx.exe,39492,0x177137A1C80,DXGI,0,0,1,Hardware: Independent Flip,Application,622592789436,11.5944,11.45160000000000,9.37850000000000,0.19270000000000,10.94040000000000,11.6478,NA,622592676963,11.4400,11.2473,0.1927,13.4194,8.7683,8.7603,0.0080,2.2159,3912.1725,NA,NA,NA
q2rtx.exe,39492,0x177137A1C80,DXGI,0,0,1,Hardware: Independent Flip,Application,622592903851,11.5966,11.44150000000000,11.52860000000000,0.21570000000000,11.42050000000000,11.7349,NA,622592791363,11.4645,11.2488,0.2157,10.7477,11.9216,11.9173,0.0043,0.0680,3923.7691,NA,NA,NA
q2rtx.exe,39492,0x177137A1C80,DXGI,0,0,1,Hardware: Independent Flip,Application,622593019292,11.5756,11.54410000000000,10.30620000000000,0.21000000000000,10.48120000000000,10.4970,NA,622592906008,11.5384,11.3284,0.2100,11.2048,10.6048,10.5953,0.0095,1.2694,3935.3447,NA,NA,NA
q2rtx.exe,39492,0x177137A1C80,DXGI,0,0,1,Hardware: Independent Flip,Application,622593133866,11.5769,11.45740000000000,11.69330000000000,0.19290000000000,10.72250000000000,10.7329,NA,622593021392,11.4403,11.2474,0.1929,10.2712,11.6987,11.4910,0.2077,-0.1164,3946.9216,NA,NA,NA
q2rtx.exe,39492,0x177137A1C80,DXGI,0,0,1,Hardware: Independent Flip,Application,622593249934,10.5114,11.60680000000000,11.23680000000000,0.20480000000000,10.35470000000000,10.3629,NA,622593135795,11.6187,11.4139,0.2048,10.5296,11.2390,10.7950,0.4440,-0.7254,3957.4330,NA,NA,NA
q2rtx.exe,39492,0x177137A1C80,DXGI,0,0,1,Hardware: Independent Flip,Application,622593353688,10.5070,10.37540000000000,16.26060000000000,0.19070000000000,13.92930000000000,16.2481,NA,622593251982,10.3613,10.1706,0.1907,10.1499,13.9500,13.9500,0.0000,-5.7536,3967.9400,NA,NA,NA
q2rtx.exe,39492,0x177137A1C80,DXGI,0,0,1,Hardware: Independent Flip,Application,622593458424,10.5134,10.47360000000000,9.48080000000000,0.19600000000000,15.24720000000000,15.2553,NA,622593355595,10.4789,10.2829,0.1960,13.7386,11.7915,11.7915,0.0000,1.0326,3978.4534,NA,NA,NA
q2rtx.exe,39492,0x177137A1C80,DXGI,0,0,1,Hardware: Independent Flip,Application,622593563243,10.5079,10.48190000000000,11.43850000000000,0.20970000000000,16.20450000000000,16.2119,NA,622593460384,10.4956,10.2859,0.2097,15.0512,11.4392,11.4392,0.0000,-0.9306,3988.9613,NA,NA,NA
q2rtx.exe,39492,0x177137A1C80,DXGI,0,0,1,Hardware: Independent Flip,Application,622593669926,10.7339,10.66830000000000,11.72140000000000,0.20220000000000,16.61940000000000,17.2650,NA,622593565340,10.6608,10.4586,0.2022,15.9948,11.0832,11.0832,0.0000,-0.9875,3999.6952,NA,NA,NA
q2rtx.exe,39492,0x177137A1C80,DXGI,0,0,1,Hardware: Independent Flip,Application,622593784096,11.4483,11.41700000000000,11.25080000000000,0.18740000000000,16.99120000000000,17.0988,NA,622593671948,11.4022,11.2148,0.1874,16.4172,11.7888,11.7888,0.0000,0.1975,4011.1435,NA,NA,NA
q2rtx.exe,39492,0x177137A1C80,DXGI,0,0,1,Hardware: Independent Flip,Application,622593903564,11.8055,11.94680000000000,10.91710000000000,0.18470000000000,16.06170000000000,16.0691,NA,622593785970,11.9441,11.7594,0.1847,16.8038,11.0173,11.0173,0.0000,0.8884,4022.9490,NA,NA,NA
q2rtx.exe,39492,0x177137A1C80,DXGI,0,0,1,Hardware: Independent Flip,Application,622594013834,11.2040,11.02700000000000,11.37470000000000,0.19880000000000,16.40870000000000,16.4168,NA,622593905411,11.0411,10.8423,0.1988,15.8770,11.3740,11.3740,0.0000,-0.1707,4034.1530,NA,NA,NA
q2rtx.exe,39492,0x177137A1C80,DXGI,0,0,1,Hardware: Independent Flip,Application,622594123013,11.5154,10.91790000000000,11.09660000000000,0.19440000000000,16.58770000000000,16.5955,NA,622594015822,10.9135,10.7191,0.1944,16.2099,11.0969,11.0969,0.0000,0.4188,4045.6684,NA,NA,NA
q2rtx.exe,39492,0x177137A1C80,DXGI,0,0,1,Hardware: Independent Flip,Application,622594237866,11.5057,11.48530000000000,11.33800000000000,0.19910000000000,16.31360000000000,16.4482,NA,622594124957,11.4900,11.2909,0.1991,16.3933,11.2112,11.2112,0.0000,0.1677,4057.1741,NA,NA,NA
q2rtx.exe,39492,0x177137A1C80,DXGI,0,0,1,Hardware: Independent Flip,Application,622594351605,11.4007,11.37390000000000,11.15550000000000,0.20780000000000,16.21880000000000,16.2298,NA,622594239857,11.3826,11.1748,0.2078,16.1145,11.2791,11.2791,0.0000,0.2452,4068.5748,NA,NA,NA
q2rtx.exe,39492,0x177137A1C80,DXGI,0,0,1,Hardware: Independent Flip,Application,622594465785,11.3155,11.41800000000000,10.93520000000000,0.20840000000000,15.73860000000000,15.7470,NA,622594353683,11.4186,11.2102,0.2084,16.0110,10.9378,10.9378,0.0000,0.3803,4079.8903,NA,NA,NA
q2rtx.exe,39492,0x177137A1C80,DXGI,0,0,1,Hardware: Independent Flip,Application,622594581504,11.5223,11.57190000000000,15.99910000000000,0.20110000000000,17.78240000000000,20.1742,NA,622594467869,11.5646,11.3635,0.2011,15.5302,13.6157,13.6157,0.0000,-4.4768,4091.4126,NA,NA,NA
q2rtx.exe,39492,0x177137A1C80,DXGI,0,0,1,Hardware: Independent Flip,Application,622594696639,11.4445,11.51350000000000,9.15640000000000,0.21090000000000,17.11520000000000,17.8171,NA,622594583515,11.5233,11.3124,0.2109,17.5813,10.8463,10.8463,0.0000,2.2881,4102.8571,NA,NA,NA
q2rtx.exe,39492,0x177137A1C80,DXGI,0,0,1,Hardware: Independent Flip,Application,622594806129,11.1046,10.94900000000000,9.93670000000000,0.20600000000000,16.79660000000000,16.8048,NA,622594698748,10.9441,10.7381,0.2060,16.9043,10.6304,10.6304,0.0000,1.1679,4113.9617,NA,NA,NA
q2rtx.exe,39492,0x177137A1C80,DXGI,0,0,1,Hardware: Independent Flip,Application,622594927685,12.0475,12.15560000000000,11.13750000000000,0.22900000000000,15.52970000000000,15.7867,NA,622594808189,12.1786,11.9496,0.2290,16.5906,10.8887,10.8887,0.0000,0.9100,4126.0092,NA,NA,NA
q2rtx.exe,39492,0x177137A1C80,DXGI,0,0,1,Hardware: Independent Flip,Application,622595041134,11.3891,11.34490000000000,11.23840000000000,0.22020000000000,15.32590000000000,15.6802,NA,622594929975,11.3361,11.1159,0.2202,15.3007,11.1411,11.1411,0.0000,0.1507,4137.3983,NA,NA,NA
q2rtx.exe,39492,0x177137A1C80,DXGI,0,0,1,Hardware: Independent Flip,Application,622595161679,11.7424,12.05450000000000,11.28010000000000,0.23130000000000,14.89760000000000,14.9058,NA,622595043336,12.0656,11.8343,0.2313,15.1057,11.6262,11.6262,0.0000,0.4623,4149.1407,NA,NA,NA
q2rtx.exe,39492,0x177137A1C80,DXGI,0,0,1,Hardware: Independent Flip,Application,622595273178,11.4625,11.14990000000000,11.04320000000000,0.21690000000000,14.79070000000000,14.7991,NA,622595163992,11.1355,10.9186,0.2169,14.6663,11.0430,11.0430,0.0000,0.4193,4160.6032,NA,NA,NA
q2rtx.exe,39492,0x177137A1C80,DXGI,0,0,1,Hardware: Independent Flip,Application,622595389291,11.2631,11.61130000000000,11.50780000000000,0.23090000000000,14.68780000000000,14.6956,NA,622595275347,11.6253,11.3944,0.2309,14.5738,11.5084,11.5084,0.0000,-0.2447,4171.8663,NA,NA,NA
q2rtx.exe,39492,0x177137A1C80,DXGI,0,0,1,Hardware: Independent Flip,Application,622595500642,11.4433,11.13510000000000,11.29900000000000,0.23110000000000,14.84930000000000,14.8595,NA,622595391600,11.1353,10.9042,0.2311,14.4569,11.2966,11.2966,0.0000,0.1443,4183.3096,NA,NA,NA
q2rtx.exe,39492,0x177137A1C80,DXGI,0,0,1,Hardware: Independent Flip,Application,622595613831,11.3076,11.31890000000000,10.88870000000000,0.25420000000000,14.33060000000000,14.4293,NA,622595502953,11.3420,11.0878,0.2542,14.6182,10.8002,10.8002,0.0000,0.4189,4194.6172,NA,NA,NA
q2rtx.exe,39492,0x177137A1C80,DXGI,0,0,1,Hardware: Independent Flip,Application,622595728649,11.4993,11.48180000000000,13.39330000000000,0.31430000000000,16.26480000000000,16.3408,NA,622595616373,11.5419,11.2276,0.3143,14.0764,13.4160,13.4160,0.0000,-1.8940,4206.1165,NA,NA,NA
q2rtx.exe,39492,0x177137A1C80,DXGI,0,0,1,Hardware: Independent Flip,Application,622595841514,11.2984,11.28650000000000,9.57620000000000,0.23670000000000,14.62170000000000,14.6305,NA,622595731792,11.2089,10.9722,0.2367,15.9505,9.6434,9.6434,0.0000,1.7222,4217.4149,NA,NA,NA
q2rtx.exe,39492,0x177137A1C80,DXGI,0,0,1,Hardware: Independent Flip,Application,622595948861,10.8568,10.73470000000000,12.24270000000000,0.22490000000000,15.49920000000000,16.1385,NA,622595843881,10.7229,10.4980,0.2249,14.3850,11.6122,11.6122,0.0000,-1.3859,4228.2717,NA,NA,NA
q2rtx.exe,39492,0x177137A1C80,DXGI,0,0,1,Hardware: Independent Flip,Application,622596071511,12.0604,12.26500000000000,10.43140000000000,0.21900000000000,14.29610000000000,14.3049,NA,622595951110,12.2591,12.0401,0.2190,15.2743,11.0619,11.0619,0.0000,1.6290,4240.3321,NA,NA,NA
q2rtx.exe,39492,0x177137A1C80,DXGI,0,0,1,Hardware: Independent Flip,Application,622596178854,10.8754,10.73430000000000,11.46220000000000,0.20800000000000,15.02620000000000,15.0328,NA,622596073701,10.7233,10.5153,0.2080,14.0771,11.4644,11.4644,0.0000,-0.5868,4251.2075,NA,NA,NA
q2rtx.exe,39492,0x177137A1C80,DXGI,0,0,1,Hardware: Independent Flip,Application,622596291145,11.2578,11.22910000000000,10.48560000000000,0.19390000000000,14.28100000000000,14.2893,NA,622596180934,11.2150,11.0211,0.1939,14.8182,10.4839,10.4839,0.0000,0.7722,4262.4653,NA,NA,NA
q2rtx.exe,39492,0x177137A1C80,DXGI,0,0,1,Hardware: Independent Flip,Application,622596405270,11.3454,11.41250000000000,13.47780000000000,0.19070000000000,16.27400000000000,16.3546,NA,622596293084,11.4093,11.2186,0.1907,14.0871,13.4055,13.4055,0.0000,-2.1324,4273.8107,NA,NA,NA
q2rtx.exe,39492,0x177137A1C80,DXGI,0,0,1,Hardware: Independent Flip,Application,622596515838,11.1926,11.05680000000000,9.20690000000000,0.22060000000000,14.49510000000000,14.5047,NA,622596407177,11.0867,10.8661,0.2206,16.0833,9.2779,9.2779,0.0000,1.9857,4285.0033,NA,NA,NA
q2rtx.exe,39492,0x177137A1C80,DXGI,0,0,1,Hardware: Independent Flip,Application,622596622319,10.6481,10.64810000000000,13.12050000000000,0.18240000000000,16.89040000000000,16.9771,NA,622596518044,10.6099,10.4275,0.1824,14.2745,13.0434,13.0434,0.0000,-2.4724,4295.6514,NA,NA,NA
q2rtx.exe,39492,0x177137A1C80,DXGI,0,0,1,Hardware: Independent Flip,Application,622596739055,11.6256,11.67360000000000,9.27790000000000,0.26720000000000,14.57200000000000,14.5814,NA,622596624143,11.7584,11.4912,0.2672,16.7080,9.3552,9.3552,0.0000,2.3477,4307.2770,NA,NA,NA
q2rtx.exe,39492,0x177137A1C80,DXGI,0,0,1,Hardware: Independent Flip,Application,622596848240,10.9298,10.91850000000000,12.01200000000000,0.23050000000000,14.85390000000000,15.6749,NA,622596741727,10.8818,10.6513,0.2305,14.3048,11.2004,11.2004,0.0000,-1.0822,4318.2068,NA,NA,NA
q2rtx.exe,39492,0x177137A1C80,DXGI,0,0,1,Hardware: Independent Flip,Application,622596963152,11.4466,11.49120000000000,10.55240000000000,0.19830000000000,14.72540000000000,14.7361,NA,622596850545,11.4590,11.2607,0.1983,14.6234,11.3627,11.3627,0.0000,0.8942,4329.6534,NA,NA,NA
q2rtx.exe,39492,0x177137A1C80,DXGI,0,0,1,Hardware: Independent Flip,Application,622597069657,10.7200,10.65050000000000,11.34010000000000,0.18250000000000,15.41600000000000,15.4257,NA,622596965135,10.6347,10.4522,0.1825,14.5271,11.3411,11.3411,0.0000,-0.6201,4340.3734,NA,NA,NA
q2rtx.exe,39492,0x177137A1C80,DXGI,0,0,1,Hardware: Independent Flip,Application,622597183665,11.2530,11.40080000000000,11.37350000000000,0.23140000000000,15.38860000000000,15.3984,NA,622597071482,11.4497,11.2183,0.2314,15.2335,11.3734,11.3734,0.0000,-0.1205,4351.6264,NA,NA,NA
q2rtx.exe,39492,0x177137A1C80,DXGI,0,0,1,Hardware: Independent Flip,Application,622597296836,11.2521,11.31710000000000,11.32300000000000,0.25070000000000,15.31150000000000,15.4043,NA,622597185979,11.3364,11.0857,0.2507,15.1572,11.2400,11.2400,0.0000,-0.0709,4362.8785,NA,NA,NA
q2rtx.exe,39492,0x177137A1C80,DXGI,0,0,1,Hardware: Independent Flip,Application,622597409418,11.2812,11.25820000000000,11.36380000000000,0.22460000000000,15.33420000000000,15.5099,NA,622597299343,11.2321,11.0075,0.2246,15.0608,11.2809,11.2809,0.0000,-0.0826,4374.1597,NA,NA,NA
q2rtx.exe,39492,0x177137A1C80,DXGI,0,0,1,Hardware: Independent Flip,Application,622597521750,11.2802,11.23320000000000,10.71890000000000,0.20270000000000,14.98690000000000,14.9956,NA,622597411664,11.2113,11.0086,0.2027,15.1096,10.8859,10.8859,0.0000,0.5613,4385.4399,NA,NA,NA
q2rtx.exe,39492,0x177137A1C80,DXGI,0,0,1,Hardware: Independent Flip,Application,622597634437,11.2702,11.26870000000000,13.36930000000000,0.21110000000000,17.02910000000000,17.0962,NA,622597523777,11.2771,11.0660,0.2111,14.7842,13.3109,13.3109,0.0000,-2.0991,4396.7101,NA,NA,NA
q2rtx.exe,39492,0x177137A1C80,DXGI,0,0,1,Hardware: Independent Flip,Application,622597745831,11.2766,11.13940000000000,9.86750000000000,0.19560000000000,15.81590000000000,15.8243,NA,622597636548,11.1239,10.9283,0.1956,16.8180,9.9262,9.9262,0.0000,1.4091,4407.9867,NA,NA,NA
q2rtx.exe,39492,0x177137A1C80,DXGI,0,0,1,Hardware: Independent Flip,Application,622597854619,10.8439,10.87880000000000,11.93770000000000,0.19750000000000,16.33450000000000,16.8832,NA,622597747787,10.8807,10.6832,0.1975,15.6203,11.3974,11.3974,0.0000,-1.0938,4418.8306,NA,NA,NA
q2rtx.exe,39492,0x177137A1C80,DXGI,0,0,1,Hardware: Independent Flip,Application,622597978432,12.2547,12.38130000000000,10.69260000000000,0.17890000000000,15.18670000000000,15.1945,NA,622597856594,12.3627,12.1838,0.1789,16.1370,11.2335,11.2335,0.0000,1.5621,4431.0853,NA,NA,NA
q2rtx.exe,39492,0x177137A1C80,DXGI,0,0,1,Hardware: Independent Flip,Application,622598086510,10.9704,10.80780000000000,11.02110000000000,0.20530000000000,15.39900000000000,15.4078,NA,622597980221,10.8342,10.6289,0.2053,15.0078,11.0201,11.0201,0.0000,-0.0507,4442.0557,NA,NA,NA
q2rtx.exe,39492,0x177137A1C80,DXGI,0,0,1,Hardware: Independent Flip,Application,622598200177,11.3215,11.36670000000000,11.29690000000000,0.18650000000000,15.32910000000000,15.3380,NA,622598088563,11.3479,11.1614,0.1865,15.1937,11.2968,11.2968,0.0000,0.0246,4453.3772,NA,NA,NA
q2rtx.exe,39492,0x177137A1C80,DXGI,0,0,1,Hardware: Independent Flip,Application,622598313633,11.3233,11.34560000000000,11.41610000000000,0.19400000000000,15.40050000000000,15.4085,NA,622598202042,11.3531,11.1591,0.1940,15.1426,11.4170,11.4170,0.0000,-0.0928,4464.7005,NA,NA,NA
q2rtx.exe,39492,0x177137A1C80,DXGI,0,0,1,Hardware: Independent Flip,Application,622598424503,11.0992,11.08700000000000,11.09400000000000,0.19020000000000,15.40600000000000,15.4155,NA,622598315573,11.0832,10.8930,0.1902,15.2065,11.0925,11.0925,0.0000,0.0052,4475.7997,NA,NA,NA
q2rtx.exe,39492,0x177137A1C80,DXGI,0,0,1,Hardware: Independent Flip,Application,622598538274,11.3537,11.37710000000000,11.78110000000000,0.19750000000000,15.69340000000000,15.8195,NA,622598426405,11.3844,11.1869,0.1975,15.2158,11.6645,11.6645,0.0000,-0.4274,4487.1534,NA,NA,NA
q2rtx.exe,39492,0x177137A1C80,DXGI,0,0,1,Hardware: Independent Flip,Application,622598651100,11.3025,11.28260000000000,10.91830000000000,0.20990000000000,15.44130000000000,15.4552,NA,622598540249,11.2950,11.0851,0.2099,15.4959,11.0305,11.0305,0.0000,0.3842,4498.4559,NA,NA,NA
q2rtx.exe,39492,0x177137A1C80,DXGI,0,0,1,Hardware: Independent Flip,Application,622598761636,11.1334,11.05360000000000,11.30380000000000,0.21440000000000,15.60790000000000,15.7054,NA,622598653199,11.0581,10.8437,0.2144,15.2314,11.2202,11.2202,0.0000,-0.1704,4509.5893,NA,NA,NA
q2rtx.exe,39492,0x177137A1C80,DXGI,0,0,1,Hardware: Independent Flip,Application,622598874413,11.3292,11.27770000000000,11.23170000000000,0.19180000000000,15.65210000000000,15.6594,NA,622598763780,11.2551,11.0633,0.1918,15.3935,11.3219,11.3219,0.0000,0.0975,4520.9185,NA,NA,NA
q2rtx.exe,39492,0x177137A1C80,DXGI,0,0,1,Hardware: Independent Flip,Application,622598988172,11.3224,11.37590000000000,10.86850000000000,0.19630000000000,15.13990000000000,15.1520,NA,622598876331,11.3804,11.1841,0.1963,15.4603,10.8637,10.8637,0.0000,0.4539,4532.2409,NA,NA,NA
q2rtx.exe,39492,0x177137A1C80,DXGI,0,0,1,Hardware: Independent Flip,Application,622599100757,11.2800,11.25850000000000,13.48830000000000,0.17920000000000,17.31240000000000,17.3818,NA,622598990135,11.2414,11.0622,0.1792,14.9436,13.4310,13.4310,0.0000,-2.2083,4543.5209,NA,NA,NA
q2rtx.exe,39492,0x177137A1C80,DXGI,0,0,1,Hardware: Independent Flip,Application,622599214953,11.2885,11.41960000000000,9.36670000000000,0.25420000000000,15.32090000000000,15.3289,NA,622599102549,11.4946,11.2404,0.2542,17.1332,9.4281,9.4281,0.0000,1.9218,4554.8094,NA,NA,NA
q2rtx.exe,39492,0x177137A1C80,DXGI,0,0,1,Hardware: Independent Flip,Application,622599322704,10.8500,10.77510000000000,12.23940000000000,0.20950000000000,16.18060000000000,16.7932,NA,622599217495,10.7304,10.5209,0.2095,15.0667,11.6348,11.6348,0.0000,-1.3894,4565.6594,NA,NA,NA
q2rtx.exe,39492,0x177137A1C80,DXGI,0,0,1,Hardware: Independent Flip,Application,622599457465,11.8885,13.47610000000000,11.43470000000000,0.19680000000000,14.74250000000000,14.7518,NA,622599324799,13.4634,13.2666,0.1968,15.9711,12.0380,12.0380,0.0000,0.4538,4577.5479,NA,NA,NA
q2rtx.exe,39492,0x177137A1C80,DXGI,0,0,1,Hardware: Independent Flip,Application,622599554496,11.2809,9.70310000000000,10.33070000000000,0.19970000000000,15.37160000000000,15.3794,NA,622599459433,9.7060,9.5063,0.1997,14.5457,10.3322,10.3322,0.0000,0.9502,4588.8288,NA,NA,NA
q2rtx.exe,39492,0x177137A1C80,DXGI,0,0,1,Hardware: Independent Flip,Application,622599667084,11.2849,11.25880000000000,11.36460000000000,0.21220000000000,15.25090000000000,15.4852,NA,622599556493,11.2713,11.0591,0.2122,15.1719,11.1381,11.1381,0.0000,-0.0797,4600.1137,NA,NA,NA
q2rtx.exe,39492,0x177137A1C80,DXGI,0,0,1,Hardware: Independent Flip,Application,622599782588,11.5374,11.55040000000000,11.45400000000000,0.19580000000000,15.38130000000000,15.3888,NA,622599669206,11.5340,11.3382,0.1958,15.0387,11.6808,11.6808,0.0000,0.0834,4611.6511,NA,NA,NA
q2rtx.exe,39492,0x177137A1C80,DXGI,0,0,1,Hardware: Independent Flip,Application,622599898074,11.5370,11.54860000000000,10.99190000000000,0.21010000000000,14.82400000000000,14.8321,NA,622599784546,11.5629,11.3528,0.2101,15.1855,10.9913,10.9913,0.0000,0.5451,4623.1881,NA,NA,NA
q2rtx.exe,39492,0x177137A1C80,DXGI,0,0,1,Hardware: Independent Flip,Application,622600012799,11.5342,11.47250000000000,11.19630000000000,0.18100000000000,14.54650000000000,14.5559,NA,622599900175,11.4434,11.2624,0.1810,14.6139,11.1950,11.1950,0.0000,0.3379,4634.7223,NA,NA,NA
q2rtx.exe,39492,0x177137A1C80,DXGI,0,0,1,Hardware: Independent Flip,Application,622600129136,11.5464,11.63370000000000,11.01030000000000,0.24280000000000,13.86620000000000,13.9325,NA,622600014609,11.6955,11.4527,0.2428,14.3655,10.9534,10.9534,0.0000,0.5361,4646.2687,NA,NA,NA
q2rtx.exe,39492,0x177137A1C80,DXGI,0,0,1,Hardware: Independent Flip,Application,622600245062,11.2866,11.59260000000000,15.94330000000000,0.21820000000000,15.87210000000000,18.2832,NA,622600131564,11.5680,11.3498,0.2182,13.6234,13.5985,13.5985,0.0000,-4.6567,4657.5553,NA,NA,NA
q2rtx.exe,39492,0x177137A1C80,DXGI,0,0,1,Hardware: Independent Flip,Application,622600349685,10.8243,10.46230000000000,9.69130000000000,0.24080000000000,16.25410000000000,17.5122,NA,622600247244,10.4849,10.2441,0.2408,15.6539,10.8443,10.8443,0.0000,1.1330,4668.3796,NA,NA,NA
q2rtx.exe,39492,0x177137A1C80,DXGI,0,0,1,Hardware: Independent Flip,Application,622600458318,10.8346,10.86330000000000,9.76190000000000,0.21510000000000,15.63060000000000,16.4108,NA,622600352093,10.8376,10.6225,0.2151,16.0133,10.2398,10.2398,0.0000,1.0727,4679.2142,NA,NA,NA
q2rtx.exe,39492,0x177137A1C80,DXGI,0,0,1,Hardware: Independent Flip,Application,622600579537,12.0667,12.12190000000000,14.25690000000000,0.21460000000000,16.15800000000000,18.5458,NA,622600460469,12.1214,11.9068,0.2146,15.4155,12.6493,12.6493,0.0000,-2.1902,4691.2809,NA,NA,NA
q2rtx.exe,39492,0x177137A1C80,DXGI,0,0,1,Hardware: Independent Flip,Application,622600690658,11.0840,11.11210000000000,9.68630000000000,0.23730000000000,16.14490000000000,17.1200,NA,622600581683,11.1348,10.8975,0.2373,15.9434,11.0990,11.0990,0.0000,1.3977,4702.3649,NA,NA,NA
q2rtx.exe,39492,0x177137A1C80,DXGI,0,0,1,Hardware: Independent Flip,Application,622600804656,11.3349,11.39980000000000,10.34780000000000,0.19860000000000,16.05760000000000,16.0680,NA,622600693031,11.3611,11.1625,0.1986,15.9076,11.3125,11.3125,0.0000,0.9871,4713.6998,NA,NA,NA
q2rtx.exe,39492,0x177137A1C80,DXGI,0,0,1,Hardware: Independent Flip,Application,622600918273,11.5655,11.36170000000000,10.55000000000000,0.20170000000000,15.24810000000000,15.2563,NA,622600806642,11.3648,11.1631,0.2017,15.8590,10.5522,10.5522,0.0000,1.0155,4725.2653,NA,NA,NA
q2rtx.exe,39492,0x177137A1C80,DXGI,0,0,1,Hardware: Independent Flip,Application,622601034402,11.6115,11.61290000000000,12.09890000000000,0.20580000000000,15.73400000000000,15.7423,NA,622600920290,11.6170,11.4112,0.2058,15.0464,12.0988,12.0988,0.0000,-0.4874,4736.8768,NA,NA,NA
q2rtx.exe,39492,0x177137A1C80,DXGI,0,0,1,Hardware: Independent Flip,Application,622601148427,11.3685,11.40250000000000,11.05320000000000,0.21250000000000,15.38460000000000,15.3930,NA,622601036460,11.4092,11.1967,0.2125,15.5282,11.0531,11.0531,0.0000,0.3153,4748.2453,NA,NA,NA
q2rtx.exe,39492,0x177137A1C80,DXGI,0,0,1,Hardware: Independent Flip,Application,622601257569,10.9425,10.91420000000000,11.28500000000000,0.17910000000000,15.44700000000000,15.7638,NA,622601150552,10.8808,10.7017,0.1791,15.1721,10.9766,10.9766,0.0000,-0.3425,4759.1878,NA,NA,NA
q2rtx.exe,39492,0x177137A1C80,DXGI,0,0,1,Hardware: Independent Flip,Application,622601373976,11.6896,11.64070000000000,15.70910000000000,0.30630000000000,17.54680000000000,19.8322,NA,622601259360,11.7679,11.4616,0.3063,15.2679,13.7405,13.7405,0.0000,-4.0195,4770.8774,NA,NA,NA
q2rtx.exe,39492,0x177137A1C80,DXGI,0,0,1,Hardware: Independent Flip,Application,622601488222,11.3298,11.42460000000000,9.13870000000000,0.24810000000000,16.44640000000000,17.5463,NA,622601377039,11.3664,11.1183,0.2481,17.2405,10.3242,10.3242,0.0000,2.1911,4782.2072,NA,NA,NA
q2rtx.exe,39492,0x177137A1C80,DXGI,0,0,1,Hardware: Independent Flip,Application,622601599832,11.0840,11.16100000000000,12.00040000000000,0.21440000000000,18.17400000000000,18.3857,NA,622601490703,11.1273,10.9129,0.2144,16.1983,12.8886,12.8886,0.0000,-0.9164,4793.2912,NA,NA,NA
q2rtx.exe,39492,0x177137A1C80,DXGI,0,0,1,Hardware: Independent Flip,Application,622601719391,12.0797,11.95590000000000,10.96670000000000,0.21050000000000,16.90990000000000,17.3965,NA,622601601976,11.9520,11.7415,0.2105,17.9596,10.6918,10.6918,0.0000,1.1130,4805.3709,NA,NA,NA
q2rtx.exe,39492,0x177137A1C80,DXGI,0,0,1,Hardware: Independent Flip,Application,622601838931,11.9820,11.95400000000000,11.59170000000000,0.21650000000000,16.29840000000000,17.0342,NA,622601721496,11.9600,11.7435,0.2165,16.6994,11.3425,11.3425,0.0000,0.3903,4817.3529,NA,NA,NA
q2rtx.exe,39492,0x177137A1C80,DXGI,0,0,1,Hardware: Independent Flip,Application,622601959177,11.9820,12.02460000000000,11.00050000000000,0.20390000000000,15.99950000000000,16.0101,NA,622601841096,12.0120,11.8081,0.2039,16.0819,11.7257,11.7257,0.0000,0.9815,4829.3349,NA,NA,NA
q2rtx.exe,39492,0x177137A1C80,DXGI,0,0,1,Hardware: Independent Flip,Application,622602078985,11.9863,11.98080000000000,10.82450000000000,0.21280000000000,14.84590000000000,14.8538,NA,622601961216,11.9897,11.7769,0.2128,15.7956,10.8272,10.8272,0.0000,1.1618,4841.3212,NA,NA,NA
q2rtx.exe,39492,0x177137A1C80,DXGI,0,0,1,Hardware: Independent Flip,Application,622602198596,11.9807,11.96110000000000,11.37390000000000,0.19790000000000,14.25580000000000,14.2666,NA,622602081113,11.9462,11.7483,0.1979,14.6331,11.3710,11.3710,0.0000,0.6068,4853.3019,NA,NA,NA
q2rtx.exe,39492,0x177137A1C80,DXGI,0,0,1,Hardware: Independent Flip,Application,622602313120,11.4967,11.45240000000000,10.97070000000000,0.20880000000000,13.68970000000000,13.7849,NA,622602200575,11.4633,11.2545,0.2088,14.0579,10.8863,10.8863,0.0000,0.5260,4864.7986,NA,NA,NA
q2rtx.exe,39492,0x177137A1C80,DXGI,0,0,1,Hardware: Independent Flip,Application,622602425958,11.2696,11.28380000000000,12.63200000000000,0.21120000000000,14.20300000000000,15.1331,NA,622602315208,11.2862,11.0750,0.2112,13.4809,11.7971,11.7971,0.0000,-1.3624,4876.0682,NA,NA,NA
q2rtx.exe,39492,0x177137A1C80,DXGI,0,0,1,Hardware: Independent Flip,Application,622602534634,10.7830,10.86760000000000,10.12200000000000,0.20910000000000,14.31340000000000,14.3875,NA,622602428070,10.8655,10.6564,0.2091,13.9918,10.9780,10.9780,0.0000,0.6610,4886.8512,NA,NA,NA
q2rtx.exe,39492,0x177137A1C80,DXGI,0,0,1,Hardware: Independent Flip,Application,622602642532,10.7837,10.78980000000000,13.04360000000000,0.18090000000000,16.63300000000000,16.6413,NA,622602536725,10.7616,10.5807,0.1809,14.1043,13.1094,13.1094,0.0000,-2.2599,4897.6349,NA,NA,NA
q2rtx.exe,39492,0x177137A1C80,DXGI,0,0,1,Hardware: Independent Flip,Application,622602750999,10.9279,10.84670000000000,10.13370000000000,0.20410000000000,15.91680000000000,15.9283,NA,622602644341,10.8699,10.6658,0.2041,16.4521,10.1305,10.1305,0.0000,0.7942,4908.5628,NA,NA,NA
q2rtx.exe,39492,0x177137A1C80,DXGI,0,0,1,Hardware: Independent Flip,Application,622602862648,11.2209,11.16490000000000,10.56800000000000,0.19970000000000,15.32240000000000,15.3314,NA,622602753040,11.1605,10.9608,0.1997,15.7127,10.5705,10.5705,0.0000,0.6529,4919.7837,NA,NA,NA
q2rtx.exe,39492,0x177137A1C80,DXGI,0,0,1,Hardware: Independent Flip,Application,622602981803,11.8735,11.91550000000000,15.97720000000000,0.19440000000000,17.00190000000000,19.3931,NA,622602864645,11.9102,11.7158,0.1944,15.1227,13.5950,13.5950,0.0000,-4.1037,4931.6572,NA,NA,NA
q2rtx.exe,39492,0x177137A1C80,DXGI,0,0,1,Hardware: Independent Flip,Application,622603092427,10.9751,11.06240000000000,11.54170000000000,0.25060000000000,19.86460000000000,19.8724,NA,622602983747,11.1186,10.8680,0.2506,16.8075,13.9251,13.9251,0.0000,-0.5666,4942.6323,NA,NA,NA
q2rtx.exe,39492,0x177137A1C80,DXGI,0,0,1,Hardware: Independent Flip,Application,622603199943,10.7954,10.75160000000000,14.78720000000000,0.21500000000000,23.89890000000000,23.9080,NA,622603094933,10.7160,10.5010,0.2150,19.6140,14.7859,14.7859,0.0000,-3.9918,4953.4277,NA,NA,NA
q2rtx.exe,39492,0x177137A1C80,DXGI,0,0,1,Hardware: Independent Flip,Application,622603321223,12.1132,12.12800000000000,14.63340000000000,0.20700000000000,26.00930000000000,26.4134,NA,622603202093,12.1200,11.9130,0.2070,23.6839,14.2384,14.2384,0.0000,-2.5202,4965.5409,NA,NA,NA
q2rtx.exe,39492,0x177137A1C80,DXGI,0,0,1,Hardware: Independent Flip,Application,622603474713,15.3169,15.34900000000000,14.07110000000000,0.23880000000000,25.12690000000000,25.1355,NA,622603323293,15.3808,15.1420,0.2388,25.8023,14.4666,14.4666,0.0000,1.2458,4980.8578,NA,NA,NA
q2rtx.exe,39492,0x177137A1C80,DXGI,0,0,1,Hardware: Independent Flip,Application,622603625048,14.9954,15.03350000000000,15.01290000000000,0.20380000000000,24.86200000000000,25.1149,NA,622603477101,14.9985,14.7947,0.2038,24.8881,14.7686,14.7686,0.0000,-0.0175,4995.8532,NA,NA,NA
q2rtx.exe,39492,0x177137A1C80,DXGI,0,0,1,Hardware: Independent Flip,Application,622603773770,14.9439,14.87220000000000,14.67330000000000,0.22510000000000,24.41050000000000,24.9160,NA,622603627086,14.8935,14.6684,0.2251,24.6582,14.4207,14.4207,0.0000,0.2706,5010.7971,NA,NA,NA
q2rtx.exe,39492,0x177137A1C80,DXGI,0,0,1,Hardware: Independent Flip,Application,622603921912,14.8681,14.81420000000000,14.25590000000000,0.28980000000000,24.34820000000000,24.3577,NA,622603776021,14.8789,14.5891,0.2898,24.1854,14.7519,14.7519,0.0000,0.6122,5025.6652,NA,NA,NA
q2rtx.exe,39492,0x177137A1C80,DXGI,0,0,1,Hardware: Independent Flip,Application,622604071215,14.8724,14.93030000000000,13.79450000000000,0.19980000000000,22.91390000000000,23.2219,NA,622603924810,14.8403,14.6405,0.1998,24.0584,13.4960,13.4960,0.0000,1.0779,5040.5376,NA,NA,NA
q2rtx.exe,39492,0x177137A1C80,DXGI,0,0,1,Hardware: Independent Flip,Application,622604222376,14.8726,15.11610000000000,11.67020000000000,0.21530000000000,19.76630000000000,19.7760,NA,622604073213,15.1316,14.9163,0.2153,22.7141,11.9685,11.9685,0.0000,3.2024,5055.4102,NA,NA,NA
q2rtx.exe,39492,0x177137A1C80,DXGI,0,0,1,Hardware: Independent Flip,Application,622604371024,14.9578,14.86480000000000,14.00570000000000,0.22890000000000,18.76430000000000,18.9169,NA,622604224529,14.8784,14.6495,0.2289,19.5510,13.8628,13.8628,0.0000,0.9521,5070.3680,NA,NA,NA
q2rtx.exe,39492,0x177137A1C80,DXGI,0,0,1,Hardware: Independent Flip,Application,622604506005,13.7118,13.49810000000000,13.12570000000000,0.20210000000000,17.83180000000000,18.5445,NA,622604373313,13.4713,13.2692,0.2021,18.5354,12.5656,12.5656,0.0000,0.5861,5084.0798,NA,NA,NA
q2rtx.exe,39492,0x177137A1C80,DXGI,0,0,1,Hardware: Independent Flip,Application,622604635055,12.9002,12.90500000000000,9.51260000000000,0.23200000000000,14.42590000000000,15.1521,NA,622604508026,12.9349,12.7029,0.2320,17.6297,9.4991,9.4991,0.0000,3.3876,5096.9800,NA,NA,NA
q2rtx.exe,39492,0x177137A1C80,DXGI,0,0,1,Hardware: Independent Flip,Application,622604777126,14.1111,14.20710000000000,11.20460000000000,0.27000000000000,11.52100000000000,12.1496,NA,622604637375,14.2451,13.9751,0.2700,14.1939,11.3022,11.2949,0.0073,2.9065,5111.0911,NA,NA,NA
q2rtx.exe,39492,0x177137A1C80,DXGI,0,0,1,Hardware: Independent Flip,Application,622604896029,12.0363,11.89030000000000,15.20660000000000,0.22760000000000,13.74970000000000,15.4659,NA,622604779826,11.8479,11.6203,0.2276,11.2510,14.1190,14.1190,0.0000,-3.1703,5123.1274,NA,NA,NA
q2rtx.exe,39492,0x177137A1C80,DXGI,0,0,1,Hardware: Independent Flip,Application,622604999449,10.3673,10.34200000000000,11.39900000000000,0.20460000000000,15.07820000000000,16.5229,NA,622604898305,10.3190,10.1144,0.2046,13.5221,11.6705,11.6705,0.0000,-1.0317,5133.4947,NA,NA,NA
q2rtx.exe,39492,0x177137A1C80,DXGI,0,0,1,Hardware: Independent Flip,Application,622605103601,10.3659,10.41520000000000,11.61040000000000,0.20840000000000,16.76240000000000,17.7181,NA,622605001495,10.4190,10.2106,0.2084,14.8736,12.0994,12.0994,0.0000,-1.2445,5143.8606,NA,NA,NA
q2rtx.exe,39492,0x177137A1C80,DXGI,0,0,1,Hardware: Independent Flip,Application,622605213755,11.0607,11.01540000000000,12.50510000000000,0.19240000000000,19.19950000000000,19.2078,NA,622605105685,10.9994,10.8070,0.1924,16.5540,13.4525,13.4525,0.0000,-1.4444,5154.9213,NA,NA,NA
q2rtx.exe,39492,0x177137A1C80,DXGI,0,0,1,Hardware: Independent Flip,Application,622605330428,11.6149,11.66730000000000,9.22300000000000,0.21540000000000,16.75550000000000,16.7635,NA,622605215679,11.6903,11.4749,0.2154,19.0071,9.2233,9.2233,0.0000,2.3919,5166.5362,NA,NA,NA
q2rtx.exe,39492,0x177137A1C80,DXGI,0,0,1,Hardware: Independent Flip,Application,622605447410,11.7656,11.69820000000000,15.90170000000000,0.19540000000000,18.57140000000000,20.9670,NA,622605332582,11.6782,11.4828,0.1954,16.5401,13.5141,13.5141,0.0000,-4.1361,5178.3018,NA,NA,NA
q2rtx.exe,39492,0x177137A1C80,DXGI,0,0,1,Hardware: Independent Flip,Application,622605574754,12.3837,12.73440000000000,9.21390000000000,0.25650000000000,16.36610000000000,17.4465,NA,622605449364,12.7955,12.5390,0.2565,18.3760,10.5291,10.5291,0.0000,3.1698,5190.6855,NA,NA,NA
q2rtx.exe,39492,0x177137A1C80,DXGI,0,0,1,Hardware: Independent Flip,Application,622605681314,10.8836,10.65600000000000,10.74350000000000,0.20280000000000,16.56660000000000,17.5340,NA,622605577319,10.6023,10.3995,0.2028,16.1096,10.8565,10.8565,0.0000,0.1401,5201.5691,NA,NA,NA
q2rtx.exe,39492,0x177137A1C80,DXGI,0,0,1,Hardware: Independent Flip,Application,622605803787,12.3050,12.24730000000000,11.99580000000000,0.20750000000000,17.27350000000000,17.2825,NA,622605683342,12.2520,12.0445,0.2075,16.3638,12.9542,12.9542,0.0000,0.3092,5213.8741,NA,NA,NA
q2rtx.exe,39492,0x177137A1C80,DXGI,0,0,1,Hardware: Independent Flip,Application,622605920133,11.6719,11.63460000000000,9.96630000000000,0.20050000000000,15.60640000000000,15.6142,NA,622605805862,11.6276,11.4271,0.2005,17.0660,9.9675,9.9675,0.0000,1.7056,5225.5460,NA,NA,NA
q2rtx.exe,39492,0x177137A1C80,DXGI,0,0,1,Hardware: Independent Flip,Application,622606036944,11.6724,11.68110000000000,11.36250000000000,0.20220000000000,15.28280000000000,15.2956,NA,622605922138,11.6828,11.4806,0.2022,15.4059,11.3575,11.3575,0.0000,0.3099,5237.2184,NA,NA,NA
q2rtx.exe,39492,0x177137A1C80,DXGI,0,0,1,Hardware: Independent Flip,Application,622606155018,11.6752,11.80740000000000,11.33290000000000,0.22710000000000,14.69380000000000,14.8211,NA,622606038966,11.8323,11.6052,0.2271,15.0806,11.2184,11.2184,0.0000,0.3423,5248.8936,NA,NA,NA
q2rtx.exe,39492,0x177137A1C80,DXGI,0,0,1,Hardware: Independent Flip,Application,622606271017,11.6785,11.59990000000000,10.93270000000000,0.21470000000000,14.08560000000000,14.1539,NA,622606157289,11.5875,11.3728,0.2147,14.4667,10.9917,10.9917,0.0000,0.7458,5260.5721,NA,NA,NA
q2rtx.exe,39492,0x177137A1C80,DXGI,0,0,1,Hardware: Independent Flip,Application,622606390879,11.5313,11.98620000000000,15.89430000000000,0.19980000000000,15.79140000000000,18.0620,NA,622606273164,11.9713,11.7715,0.1998,13.8709,13.6920,13.6920,0.0000,-4.3630,5272.1034,NA,NA,NA
q2rtx.exe,39492,0x177137A1C80,DXGI,0,0,1,Hardware: Independent Flip,Application,622606495831,10.8970,10.49520000000000,9.26420000000000,0.23590000000000,16.04840000000000,16.8310,NA,622606392877,10.5313,10.2954,0.2359,15.5916,10.7522,10.7522,0.0000,1.6328,5283.0004,NA,NA,NA
q2rtx.exe,39492,0x177137A1C80,DXGI,0,0,1,Hardware: Independent Flip,Application,622606604729,10.8902,10.88980000000000,9.86920000000000,0.20730000000000,15.80240000000000,15.8104,NA,622606498190,10.8612,10.6539,0.2073,15.8125,10.6438,10.6438,0.0000,1.0210,5293.8906,NA,NA,NA
q2rtx.exe,39492,0x177137A1C80,DXGI,0,0,1,Hardware: Independent Flip,Application,622606721051,11.6745,11.63220000000000,9.28490000000000,0.21390000000000,13.22050000000000,13.4631,NA,622606606802,11.6388,11.4249,0.2139,15.5951,9.0503,9.0386,0.0117,2.3896,5305.5651,NA,NA,NA
q2rtx.exe,39492,0x177137A1C80,DXGI,0,0,0,Composed: Flip,Application,622607839778,111.7273,111.87270000000001,125.05010000000000,0.32600000000000,15.93820000000000,26.6405,NA,622606723190,111.9848,111.6588,0.3260,13.0066,114.5904,13.0395,101.5509,-13.3228,5417.2924,NA,NA,NA
q2rtx.exe,39492,0x177137A1C80,DXGI,0,0,0,Composed: Flip,Application,622608255480,16.5739,41.57020000000000,24.08170000000000,0.39880000000000,3.66470000000000,9.1520,NA,622607843038,41.6430,41.2442,0.3988,15.6122,29.2967,12.1792,17.1175,-7.5078,5433.8663,NA,NA,NA
q2rtx.exe,39492,0x177137A1C80,DXGI,0,0,0,Composed: Flip,Application,622608296841,29.2685,4.13610000000000,18.48310000000000,0.19590000000000,10.94880000000000,23.4990,NA,622608259468,3.9332,3.7373,0.1959,3.2659,11.4202,11.4066,0.0136,10.7854,5463.1348,NA,NA,NA
q2rtx.exe,39492,0x177137A1C80,DXGI,0,0,0,Composed: Flip,Application,622608410322,11.3934,11.34810000000000,3.06480000000000,0.22220000000000,11.75410000000000,15.2157,NA,622608298800,11.3744,11.1522,0.2222,10.7529,12.1534,12.1400,0.0134,8.3286,5474.5282,NA,NA,NA
q2rtx.exe,39492,0x177137A1C80,DXGI,0,0,1,Hardware: Independent Flip,Application,622608533433,12.1854,12.31110000000000,8.34360000000000,0.21590000000000,10.65190000000000,11.2482,NA,622608412544,12.3048,12.0889,0.2159,11.5319,11.2089,11.1937,0.0152,3.8418,5486.7136,NA,NA,NA
q2rtx.exe,39492,0x177137A1C80,DXGI,0,0,1,Hardware: Independent Flip,Application,622608644635,11.1776,11.12020000000000,19.50950000000000,0.23380000000000,12.37090000000000,19.6375,NA,622608535592,11.1381,10.9043,0.2338,10.4360,12.8392,12.8272,0.0120,-8.3319,5497.8912,NA,NA,NA
q2rtx.exe,39492,0x177137A1C80,DXGI,0,0,1,Hardware: Independent Flip,Application,622608772688,12.8608,12.80530000000000,3.78950000000000,0.21060000000000,10.60350000000000,10.6217,NA,622608646973,12.7821,12.5715,0.2106,12.1371,11.0379,11.0263,0.0116,9.0713,5510.7520,NA,NA,NA
q2rtx.exe,39492,0x177137A1C80,DXGI,0,0,1,Hardware: Independent Flip,Application,622608882966,10.9658,11.02780000000000,11.45470000000000,0.20560000000000,10.92180000000000,11.0486,NA,622608774794,11.0228,10.8172,0.2056,10.3929,11.3461,11.3338,0.0123,-0.4889,5521.7178,NA,NA,NA
q2rtx.exe,39492,0x177137A1C80,DXGI,0,0,1,Hardware: Independent Flip,Application,622608997745,11.5565,11.47790000000000,13.21420000000000,0.22340000000000,10.92270000000000,12.7849,NA,622608885022,11.4957,11.2723,0.2234,10.7162,11.4788,11.4667,0.0121,-1.6577,5533.2743,NA,NA,NA
q2rtx.exe,39492,0x177137A1C80,DXGI,0,0,1,Hardware: Independent Flip,Application,622609111005,11.2677,11.32600000000000,10.33930000000000,0.24730000000000,11.78900000000000,11.7982,NA,622608999979,11.3499,11.1026,0.2473,10.6993,12.1923,12.1814,0.0109,0.9284,5544.5420,NA,NA,NA
q2rtx.exe,39492,0x177137A1C80,DXGI,0,0,1,Hardware: Independent Flip,Application,622609236957,12.3847,12.59520000000000,11.60590000000000,0.24930000000000,10.79510000000000,10.8089,NA,622609113478,12.5972,12.3479,0.2493,11.5417,11.6013,11.4858,0.1155,0.7788,5556.9267,NA,NA,NA
q2rtx.exe,39492,0x177137A1C80,DXGI,0,0,1,Hardware: Independent Flip,Application,622609347750,11.4212,11.07930000000000,12.56560000000000,0.21390000000000,12.01290000000000,12.2952,NA,622609239450,11.0439,10.8300,0.2139,10.5458,12.2971,12.2862,0.0109,-1.1444,5568.3479,NA,NA,NA
q2rtx.exe,39492,0x177137A1C80,DXGI,0,0,1,Hardware: Independent Flip,Application,622609471933,12.3553,12.41830000000000,11.49110000000000,0.22020000000000,11.09130000000000,11.3680,NA,622609349889,12.4246,12.2044,0.2202,11.7990,11.4967,11.4820,0.0147,0.8642,5580.7032,NA,NA,NA
q2rtx.exe,39492,0x177137A1C80,DXGI,0,0,1,Hardware: Independent Flip,Application,622609586978,11.4942,11.50450000000000,12.25510000000000,0.22850000000000,11.85970000000000,12.1186,NA,622609474135,11.5128,11.2843,0.2285,10.8711,12.2729,12.2612,0.0117,-0.7609,5592.1974,NA,NA,NA
q2rtx.exe,39492,0x177137A1C80,DXGI,0,0,1,Hardware: Independent Flip,Application,622609709602,12.2641,12.26240000000000,11.12220000000000,0.20710000000000,10.97060000000000,10.9784,NA,622609589263,12.2410,12.0339,0.2071,11.6312,11.3733,11.3600,0.0133,1.1419,5604.4615,NA,NA,NA
q2rtx.exe,39492,0x177137A1C80,DXGI,0,0,1,Hardware: Independent Flip,Application,622609823245,11.3259,11.36430000000000,16.36480000000000,0.20190000000000,13.79600000000000,15.9789,NA,622609711673,11.3591,11.1572,0.2019,10.7635,14.1897,14.1897,0.0000,-5.0389,5615.7874,NA,NA,NA
q2rtx.exe,39492,0x177137A1C80,DXGI,0,0,1,Hardware: Independent Flip,Application,622609914652,9.1649,9.14070000000000,11.48960000000000,0.20720000000000,18.32020000000000,18.3278,NA,622609825264,9.1460,8.9388,0.2072,13.5941,13.6649,13.6649,0.0000,-2.3247,5624.9523,NA,NA,NA
q2rtx.exe,39492,0x177137A1C80,DXGI,0,0,1,Hardware: Independent Flip,Application,622610012202,9.8579,9.75500000000000,11.50810000000000,0.19980000000000,18.36610000000000,20.0809,NA,622609916724,9.7476,9.5478,0.1998,18.1130,9.8009,9.8009,0.0000,-1.6502,5634.8102,NA,NA,NA
q2rtx.exe,39492,0x177137A1C80,DXGI,0,0,1,Hardware: Independent Flip,Application,622610118504,10.5643,10.63020000000000,10.47500000000000,0.19650000000000,19.04170000000000,19.9257,NA,622610014200,10.6269,10.4304,0.1965,18.1663,11.3058,11.3058,0.0000,0.0893,5645.3745,NA,NA,NA
q2rtx.exe,39492,0x177137A1C80,DXGI,0,0,1,Hardware: Independent Flip,Application,622610236076,11.6940,11.75720000000000,15.28810000000000,0.21940000000000,21.04160000000000,23.4566,NA,622610120469,11.7801,11.5607,0.2194,18.8452,13.7571,13.7571,0.0000,-3.5941,5657.0685,NA,NA,NA
q2rtx.exe,39492,0x177137A1C80,DXGI,0,0,1,Hardware: Independent Flip,Application,622610357071,11.9082,12.09950000000000,9.62650000000000,0.20730000000000,19.75830000000000,20.9836,NA,622610238270,12.0874,11.8801,0.2073,20.8222,10.8162,10.8162,0.0000,2.2817,5668.9767,NA,NA,NA
q2rtx.exe,39492,0x177137A1C80,DXGI,0,0,1,Hardware: Independent Flip,Application,622610470653,11.5797,11.35820000000000,10.58300000000000,0.19600000000000,19.26350000000000,20.2084,NA,622610359144,11.3469,11.1509,0.1960,19.5510,10.8634,10.8634,0.0000,0.9967,5680.5564,NA,NA,NA
q2rtx.exe,39492,0x177137A1C80,DXGI,0,0,1,Hardware: Independent Flip,Application,622610598842,12.8347,12.81890000000000,11.98560000000000,0.19550000000000,19.32350000000000,19.3751,NA,622610472613,12.8184,12.6229,0.1955,19.0675,12.8789,12.8789,0.0000,0.8491,5693.3911,NA,NA,NA
q2rtx.exe,39492,0x177137A1C80,DXGI,0,0,1,Hardware: Independent Flip,Application,622610727115,12.7651,12.82730000000000,9.57560000000000,0.21060000000000,16.11560000000000,16.1234,NA,622610600797,12.8424,12.6318,0.2106,19.1280,9.6194,9.6194,0.0000,3.1895,5706.1562,NA,NA,NA
q2rtx.exe,39492,0x177137A1C80,DXGI,0,0,1,Hardware: Independent Flip,Application,622610854325,12.7960,12.72100000000000,13.10780000000000,0.21320000000000,16.44740000000000,16.5102,NA,622610729221,12.7236,12.5104,0.2132,15.9050,13.0528,13.0528,0.0000,-0.3118,5718.9522,NA,NA,NA
q2rtx.exe,39492,0x177137A1C80,DXGI,0,0,1,Hardware: Independent Flip,Application,622611115205,12.7968,26.08800000000000,14.20810000000000,0.26350000000000,4.63030000000000,4.6303,NA,622610856457,26.1383,25.8748,0.2635,16.2342,14.2709,14.2597,0.0112,-1.4113,5731.7490,NA,NA,NA
q2rtx.exe,39492,0x177137A1C80,DXGI,0,0,1,Hardware: Independent Flip,Application,622611118265,NA,0.30600000000000,5.02350000000000,0.14970000000000,4.81780000000000,9.3478,NA,622611117840,0.1922,0.0425,0.1497,4.3668,0.4935,0.4935,0.0000,NA,0.0000,4.5300,NA,NA
q2rtx.exe,39492,0x177137A1C80,DXGI,0,0,1,Hardware: Independent Flip,Application,622611120565,NA,0.23000000000000,4.38660000000000,0.14670000000000,4.83370000000000,13.5044,NA,622611119762,0.2270,0.0803,0.1467,4.6681,0.2459,0.2459,0.0000,NA,0.0000,8.6707,NA,NA
q2rtx.exe,39492,0x177137A1C80,DXGI,0,512,1,Hardware: Independent Flip,Application,622611298352,12.4158,17.77870000000000,7.54250000000000,0.34420000000000,2.71190000000000,3.2682,NA,622611122032,17.9762,17.6320,0.3442,4.6870,15.6569,15.6468,0.0101,-4.5368,5744.1648,0.5563,NA,NA
q2rtx.exe,39492,0x177137A1C80,DXGI,0,512,1,Hardware: Independent Flip,Application,622611395290,12.4110,9.69380000000000,7.66920000000000,0.19660000000000,1.24310000000000,1.2436,NA,622611301794,9.5462,9.3496,0.1966,2.3677,8.2250,8.2188,0.0062,4.7418,5756.5758,0.0005,NA,NA
q2rtx.exe,39492,0x177137A1C80,DXGI,0,512,1,Hardware: Independent Flip,Application,622611441409,NA,4.61190000000000,4.79650000000000,0.19760000000000,1.42820000000000,1.4282,NA,622611397256,4.6129,4.4153,0.1976,1.0465,4.7970,4.7970,0.0000,NA,0.0000,NA,NA,NA
q2rtx.exe,39492,0x177137A1C80,DXGI,0,512,1,Hardware: Independent Flip,Application,622611487880,NA,4.64710000000000,3.68340000000000,0.26680000000000,0.46450000000000,0.4645,NA,622611443385,4.7163,4.4495,0.2668,1.2306,3.6834,3.6834,0.0000,NA,0.0000,NA,NA,NA
q2rtx.exe,39492,0x177137A1C80,DXGI,0,512,1,Hardware: Independent Flip,Application,622611555246,11.5017,6.73660000000000,7.82170000000000,0.18390000000000,1.26660000000000,1.5496,NA,622611490548,6.6537,6.4698,0.1839,0.1977,7.5387,7.5311,0.0076,-4.7999,5768.0775,0.2830,NA,NA
q2rtx.exe,39492,0x177137A1C80,DXGI,0,512,1,Hardware: Independent Flip,Application,622611602486,NA,4.72400000000000,5.05700000000000,0.20580000000000,1.33410000000000,1.8826,NA,622611557085,4.7459,4.5401,0.2058,1.0827,4.7915,4.7915,0.0000,NA,0.0000,0.5485,NA,NA
q2rtx.exe,39492,0x177137A1C80,DXGI,0,512,1,Hardware: Independent Flip,Application,622611650585,NA,4.80990000000000,6.59770000000000,0.20020000000000,0.42840000000000,3.6704,NA,622611604544,4.8043,4.6041,0.2002,1.1283,3.9042,3.9042,0.0000,NA,0.0000,3.2420,NA,NA
q2rtx.exe,39492,0x177137A1C80,DXGI,0,512,1,Hardware: Independent Flip,Application,622611711284,13.3436,6.06990000000000,4.71740000000000,0.18060000000000,1.27570000000000,2.3179,NA,622611652587,6.0503,5.8697,0.1806,0.2282,6.9172,6.9116,0.0056,-3.0285,5781.4211,1.0422,NA,NA
q2rtx.exe,39492,0x177137A1C80,DXGI,0,512,1,Hardware: Independent Flip,Application,622611760548,NA,4.92640000000000,4.06930000000000,0.31170000000000,1.10890000000000,1.4608,NA,622611713090,5.0575,4.7458,0.3117,1.0951,4.7596,4.7596,0.0000,NA,0.0000,0.3519,NA,NA
q2rtx.exe,39492,0x177137A1C80,DXGI,0,512,1,Hardware: Independent Flip,Application,622611810443,NA,4.98950000000000,5.35900000000000,0.19800000000000,0.45440000000000,1.8303,NA,622611763665,4.8758,4.6778,0.1980,0.7972,4.3350,4.3350,0.0000,NA,0.0000,1.3759,NA,NA
q2rtx.exe,39492,0x177137A1C80,DXGI,0,512,1,Hardware: Independent Flip,Application,622611869874,13.3520,5.94310000000000,5.53170000000000,0.18530000000000,1.41820000000000,1.4189,NA,622611812423,5.9304,5.7451,0.1853,0.2564,6.9069,6.9005,0.0064,-1.6080,5794.7731,0.0007,NA,NA
q2rtx.exe,39492,0x177137A1C80,DXGI,0,512,1,Hardware: Independent Flip,Application,622611921495,NA,5.16210000000000,5.94950000000000,0.19580000000000,1.11960000000000,2.2063,NA,622611871727,5.1726,4.9768,0.1958,1.2329,4.8635,4.8635,0.0000,NA,0.0000,1.0867,NA,NA
q2rtx.exe,39492,0x177137A1C80,DXGI,0,512,1,Hardware: Independent Flip,Application,622611973330,NA,5.18350000000000,4.02030000000000,0.18540000000000,0.65760000000000,1.0431,NA,622611923453,5.1731,4.9877,0.1854,0.9238,4.7215,4.7215,0.0000,NA,0.0000,0.3855,NA,NA
q2rtx.exe,39492,0x177137A1C80,DXGI,0,512,1,Hardware: Independent Flip,Application,622612031112,13.3441,5.77820000000000,6.19790000000000,0.18510000000000,1.35910000000000,1.4628,NA,622611975184,5.7779,5.5928,0.1851,0.4722,6.4797,6.4746,0.0051,-2.8236,5808.1172,0.1037,NA,NA
q2rtx.exe,39492,0x177137A1C80,DXGI,0,512,1,Hardware: Independent Flip,Application,622612082537,NA,5.14250000000000,5.25210000000000,0.18760000000000,0.84850000000000,1.5724,NA,622612032963,5.1450,4.9574,0.1876,1.1740,4.6319,4.6319,0.0000,NA,0.0000,0.7239,NA,NA
q2rtx.exe,39492,0x177137A1C80,DXGI,0,512,1,Hardware: Independent Flip,Application,622612135371,NA,5.28340000000000,5.87450000000000,0.21650000000000,2.16350000000000,2.1635,NA,622612084413,5.3123,5.0958,0.2165,0.6609,6.5984,6.5984,0.0000,NA,0.0000,NA,NA,NA
q2rtx.exe,39492,0x177137A1C80,DXGI,0,512,1,Hardware: Independent Flip,Application,622612190633,13.3507,5.52620000000000,5.15170000000000,0.18660000000000,1.41910000000000,1.7890,NA,622612137536,5.4963,5.3097,0.1866,1.9470,4.7818,4.7760,0.0058,-2.9276,5821.4679,0.3699,NA,NA
q2rtx.exe,39492,0x177137A1C80,DXGI,0,512,1,Hardware: Independent Flip,Application,622612243087,NA,5.24540000000000,10.68310000000000,0.20930000000000,7.22670000000000,7.2267,NA,622612192499,5.2681,5.0588,0.2093,1.2325,11.0530,11.0530,0.0000,NA,0.0000,NA,NA,NA
q2rtx.exe,39492,0x177137A1C80,DXGI,0,512,1,Hardware: Independent Flip,Application,622612296137,NA,5.30500000000000,0.69190000000000,0.16720000000000,2.61360000000000,2.6136,NA,622612245180,5.2629,5.0957,0.1672,7.0174,0.6919,0.6919,0.0000,NA,0.0000,NA,NA,NA
q2rtx.exe,39492,0x177137A1C80,DXGI,0,512,1,Hardware: Independent Flip,Application,622612342565,15.5410,4.64280000000000,3.64320000000000,0.17510000000000,1.61360000000000,1.6140,NA,622612297809,4.6507,4.4756,0.1751,2.4464,3.6428,3.6428,0.0000,0.5228,5837.0089,0.0004,NA,NA
q2rtx.exe,39492,0x177137A1C80,DXGI,0,512,1,Hardware: Independent Flip,Application,622612394728,NA,5.21630000000000,5.32370000000000,0.18600000000000,1.72140000000000,1.7214,NA,622612344316,5.2272,5.0412,0.1860,1.4385,5.3241,5.3241,0.0000,NA,0.0000,NA,NA,NA
q2rtx.exe,39492,0x177137A1C80,DXGI,0,512,1,Hardware: Independent Flip,Application,622612448007,NA,5.32790000000000,5.79160000000000,0.18740000000000,2.18510000000000,2.1851,NA,622612396588,5.3293,5.1419,0.1874,1.5354,5.7916,5.7916,0.0000,NA,0.0000,NA,NA,NA
q2rtx.exe,39492,0x177137A1C80,DXGI,0,512,1,Hardware: Independent Flip,Application,622612561464,15.9574,11.34570000000000,10.48040000000000,0.20060000000000,1.31900000000000,1.3198,NA,622612449881,11.3589,11.1583,0.2006,1.9977,10.4796,10.4735,0.0061,-5.6383,5852.9663,0.0008,NA,NA
q2rtx.exe,39492,0x177137A1C80,DXGI,0,512,1,Hardware: Independent Flip,Application,622612613992,NA,5.25280000000000,7.19810000000000,0.19860000000000,0.89960000000000,3.2651,NA,622612563470,5.2508,5.0522,0.1986,1.1184,4.8334,4.8334,0.0000,NA,0.0000,2.3655,NA,NA
q2rtx.exe,39492,0x177137A1C80,DXGI,0,512,1,Hardware: Independent Flip,Application,622612667345,NA,5.33530000000000,7.63720000000000,0.19170000000000,0.51650000000000,5.5670,NA,622612615978,5.3284,5.1367,0.1917,0.7010,4.9522,4.9522,0.0000,NA,0.0000,5.0505,NA,NA
q2rtx.exe,39492,0x177137A1C80,DXGI,0,512,1,Hardware: Independent Flip,Application,622612769241,15.8466,10.18960000000000,6.03680000000000,0.19940000000000,1.41340000000000,1.4142,NA,622612669262,10.1973,9.9979,0.1994,0.3248,11.0865,11.0323,0.0542,-5.0255,5868.8129,0.0008,NA,NA
q2rtx.exe,39492,0x177137A1C80,DXGI,0,512,1,Hardware: Independent Flip,Application,622612821967,NA,5.27260000000000,7.50770000000000,0.19070000000000,0.80460000000000,3.6493,NA,622612771235,5.2639,5.0732,0.1907,1.2140,4.6638,4.6638,0.0000,NA,0.0000,2.8447,NA,NA
q2rtx.exe,39492,0x177137A1C80,DXGI,0,512,1,Hardware: Independent Flip,Application,622612875598,NA,5.36310000000000,6.38750000000000,0.19730000000000,0.55190000000000,4.6737,NA,622612823874,5.3697,5.1724,0.1973,0.6139,5.1104,5.1104,0.0000,NA,0.0000,4.1218,NA,NA
q2rtx.exe,39492,0x177137A1C80,DXGI,0,512,1,Hardware: Independent Flip,Application,622612982301,20.0610,10.67030000000000,7.68880000000000,0.19280000000000,1.29200000000000,1.6922,NA,622612877571,10.6658,10.4730,0.1928,0.3546,11.4104,11.4027,0.0077,-1.5230,5888.8739,0.4002,NA,NA
q2rtx.exe,39492,0x177137A1C80,DXGI,0,512,1,Hardware: Independent Flip,Application,622613043180,NA,6.08790000000000,6.66330000000000,0.18080000000000,0.73270000000000,2.2676,NA,622612984229,6.0759,5.8951,0.1808,1.0992,5.5286,5.5286,0.0000,NA,0.0000,1.5349,NA,NA
q2rtx.exe,39492,0x177137A1C80,DXGI,0,512,1,Hardware: Independent Flip,Application,622613104959,NA,6.17790000000000,7.57460000000000,0.19450000000000,1.73900000000000,3.6643,NA,622613044988,6.1916,5.9971,0.1945,0.5519,7.1842,7.1842,0.0000,NA,0.0000,1.9253,NA,NA
q2rtx.exe,39492,0x177137A1C80,DXGI,0,512,1,Hardware: Independent Flip,Application,622613189528,20.9162,8.45690000000000,6.17620000000000,0.19840000000000,1.38280000000000,1.3836,NA,622613106904,8.4608,8.2624,0.1984,1.5445,8.1007,8.0940,0.0067,0.5021,5909.7901,0.0008,NA,NA
q2rtx.exe,39492,0x177137A1C80,DXGI,0,512,1,Hardware: Independent Flip,Application,622613257926,NA,6.83980000000000,7.44420000000000,0.19680000000000,0.66210000000000,1.9880,NA,622613191512,6.8382,6.6414,0.1968,1.1844,6.1191,6.1191,0.0000,NA,0.0000,1.3259,NA,NA
q2rtx.exe,39492,0x177137A1C80,DXGI,0,512,1,Hardware: Independent Flip,Application,622613327508,NA,6.95820000000000,6.16620000000000,0.20500000000000,0.64500000000000,1.1960,NA,622613259894,6.9664,6.7614,0.2050,0.4653,6.9411,6.9411,0.0000,NA,0.0000,0.5510,NA,NA
q2rtx.exe,39492,0x177137A1C80,DXGI,0,0,1,Hardware: Independent Flip,Application,622613506587,58.7537,17.90790000000000,33.55850000000000,0.20780000000000,14.03080000000000,16.8466,NA,622613329558,17.9107,17.7029,0.2078,0.4400,31.2937,31.2737,0.0200,11.5848,5968.5438,NA,NA,NA
q2rtx.exe,39492,0x177137A1C80,DXGI,0,0,1,Hardware: Independent Flip,Application,622613514925,16.5351,0.83380000000000,16.30550000000000,0.17660000000000,28.14180000000000,32.3183,NA,622613508665,0.8026,0.6260,0.1766,13.8230,14.9448,14.9448,0.0000,0.2296,5985.0789,NA,NA,NA
q2rtx.exe,39492,0x177137A1C80,DXGI,0,0,1,Hardware: Independent Flip,Application,622613638729,12.3454,12.38040000000000,8.38800000000000,0.18860000000000,25.49190000000000,28.3259,NA,622613516691,12.3924,12.2038,0.1886,27.9652,9.7305,9.7305,0.0000,3.9574,5997.4243,NA,NA,NA
q2rtx.exe,39492,0x177137A1C80,DXGI,0,0,1,Hardware: Independent Flip,Application,622613783937,14.5162,14.52080000000000,11.10140000000000,0.24860000000000,24.73980000000000,24.9065,NA,622613640615,14.5808,14.3322,0.2486,25.3033,13.7687,13.7687,0.0000,3.4148,6011.9405,NA,NA,NA
q2rtx.exe,39492,0x177137A1C80,DXGI,0,0,1,Hardware: Independent Flip,Application,622613932479,14.5098,14.85420000000000,11.86780000000000,0.19780000000000,20.31520000000000,21.9201,NA,622613786423,14.8034,14.6056,0.1978,24.4912,10.4296,10.4296,0.0000,2.6420,6026.4503,NA,NA,NA
q2rtx.exe,39492,0x177137A1C80,DXGI,0,0,1,Hardware: Independent Flip,Application,622614074438,14.5154,14.19590000000000,11.55080000000000,0.21390000000000,19.12950000000000,19.2750,NA,622613934457,14.2120,13.9981,0.2139,20.1174,13.0102,13.0102,0.0000,2.9646,6040.9657,NA,NA,NA
q2rtx.exe,39492,0x177137A1C80,DXGI,0,0,1,Hardware: Independent Flip,Application,622614212520,13.7386,13.80820000000000,10.98240000000000,0.20890000000000,15.43590000000000,16.4492,NA,622614076577,13.8032,13.5943,0.2089,18.9156,10.1146,10.1146,0.0000,2.7562,6054.7043,NA,NA,NA
q2rtx.exe,39492,0x177137A1C80,DXGI,0,0,1,Hardware: Independent Flip,Application,622614333677,12.1529,12.11570000000000,9.28890000000000,0.19650000000000,12.94260000000000,13.6224,NA,622614214609,12.1033,11.9068,0.1965,15.2270,9.6224,9.6185,0.0039,2.8640,6066.8572,NA,NA,NA
q2rtx.exe,39492,0x177137A1C80,DXGI,0,0,1,Hardware: Independent Flip,Application,622614462109,12.8211,12.84320000000000,10.83970000000000,0.28420000000000,10.92320000000000,11.6189,NA,622614335642,12.9309,12.6467,0.2842,12.7461,10.8238,10.8149,0.0089,1.9814,6079.6783,NA,NA,NA
q2rtx.exe,39492,0x177137A1C80,DXGI,0,512,1,Hardware: Independent Flip,Application,622614596338,12.6890,13.42290000000000,13.23270000000000,0.21810000000000,10.45240000000000,11.4287,NA,622614464951,13.3568,13.1387,0.2181,10.6390,12.9521,12.0308,0.9213,-0.5437,6092.3673,0.9763,NA,NA
q2rtx.exe,39492,0x177137A1C80,DXGI,0,512,1,Hardware: Independent Flip,Application,622614599108,NA,0.27700000000000,3.60530000000000,0.17360000000000,10.85160000000000,14.7570,NA,622614598519,0.2325,0.0589,0.1736,10.2343,0.6762,0.6762,0.0000,NA,0.0000,3.9054,NA,NA
q2rtx.exe,39492,0x177137A1C80,DXGI,0,512,1,Hardware: Independent Flip,Application,622614601537,NA,0.24290000000000,3.53970000000000,0.18030000000000,10.84960000000000,18.0538,NA,622614600844,0.2496,0.0693,0.1803,10.6780,0.2409,0.2409,0.0000,NA,0.0000,7.2042,NA,NA
q2rtx.exe,39492,0x177137A1C80,DXGI,0,512,1,Hardware: Independent Flip,Application,622614703241,10.3989,10.17040000000000,7.23780000000000,0.17970000000000,14.26800000000000,15.1212,NA,622614603340,10.1698,9.9901,0.1797,10.6693,13.5888,13.5831,0.0057,-3.9839,6102.7662,0.8532,NA,NA
q2rtx.exe,39492,0x177137A1C80,DXGI,0,512,1,Hardware: Independent Flip,Application,622614708903,NA,0.56620000000000,4.03540000000000,0.23850000000000,14.70120000000000,18.5904,NA,622614705038,0.6250,0.3865,0.2385,14.0883,0.9994,0.9914,0.0080,NA,0.0000,3.8892,NA,NA
q2rtx.exe,39492,0x177137A1C80,DXGI,0,512,1,Hardware: Independent Flip,Application,622614826131,10.4003,11.72280000000000,19.17540000000000,0.20110000000000,26.04300000000000,26.0430,NA,622614711288,11.6854,11.4843,0.2011,14.4627,23.0646,23.0542,0.0104,-12.8105,6113.1665,NA,NA,NA
q2rtx.exe,39492,0x177137A1C80,DXGI,0,512,1,Hardware: Independent Flip,Application,622614960288,10.3774,13.41570000000000,2.87400000000000,0.29500000000000,15.50080000000000,15.5013,NA,622614828142,13.5096,13.2146,0.2950,25.8419,2.8735,2.8735,0.0000,7.5034,6123.5439,0.0005,NA,NA
q2rtx.exe,39492,0x177137A1C80,DXGI,0,512,1,Hardware: Independent Flip,Application,622614963865,NA,0.35770000000000,8.70710000000000,0.14420000000000,16.79770000000000,23.8507,NA,622614963238,0.2069,0.0627,0.1442,15.2058,1.6546,1.6546,0.0000,NA,NA,7.0530,NA,NA
q2rtx.exe,39492,0x177137A1C80,DXGI,0,512,1,Hardware: Independent Flip,Application,622615087985,11.1731,12.41200000000000,NA,0.27550000000000,4.61900000000000,11.4387,NA,622614965307,12.5433,12.2678,0.2755,16.6535,0.2333,0.2333,0.0000,2.4660,6134.7170,6.8197,NA,NA
q2rtx.exe,39492,0x177137A1C80,DXGI,0,512,1,Hardware: Independent Flip,Application,622615116663,NA,2.86780000000000,6.94970000000000,0.19810000000000,15.52060000000000,15.5206,NA,622615090740,2.7904,2.5923,0.1981,4.3435,13.7694,13.7631,0.0063,NA,0.0000,NA,NA,NA
q2rtx.exe,39492,0x177137A1C80,DXGI,0,512,1,Hardware: Independent Flip,Application,622615133068,NA,1.64050000000000,0.98780000000000,0.22060000000000,14.86790000000000,14.8679,NA,622615118644,1.6630,1.4424,0.2206,15.3225,0.9878,0.9789,0.0089,NA,0.0000,NA,NA,NA
q2rtx.exe,39492,0x177137A1C80,DXGI,0,512,1,Hardware: Independent Flip,Application,622615135886,NA,0.28180000000000,0.22400000000000,0.15670000000000,14.80960000000000,14.8101,NA,622615135274,0.2179,0.0612,0.1567,14.6473,0.2235,0.2235,0.0000,NA,0.0000,0.0005,NA,NA
q2rtx.exe,39492,0x177137A1C80,DXGI,0,512,1,Hardware: Independent Flip,Application,622615273332,13.0146,13.74460000000000,12.60420000000000,0.21910000000000,13.66880000000000,13.6697,NA,622615137453,13.8070,13.5879,0.2191,14.6529,12.6038,12.5997,0.0041,-7.7511,6147.7316,0.0009,NA,NA
q2rtx.exe,39492,0x177137A1C80,DXGI,0,512,1,Hardware: Independent Flip,Application,622615283060,NA,0.97280000000000,8.99450000000000,0.19610000000000,14.42660000000000,21.6914,NA,622615275523,0.9498,0.7537,0.1961,13.4497,1.7306,1.7306,0.0000,NA,0.0000,7.2648,NA,NA
q2rtx.exe,39492,0x177137A1C80,DXGI,0,512,1,Hardware: Independent Flip,Application,622615285844,NA,0.27840000000000,8.96560000000000,0.13220000000000,14.39650000000000,30.3786,NA,622615285021,0.2145,0.0823,0.1322,14.2305,0.2483,0.2483,0.0000,NA,0.0000,15.9821,NA,NA
q2rtx.exe,39492,0x177137A1C80,DXGI,0,512,1,Hardware: Independent Flip,Application,622615411543,12.9791,12.56990000000000,0.00010000000000,0.20550000000000,15.88770000000000,17.8088,NA,622615287166,12.6432,12.4377,0.2055,14.2643,14.0611,14.0534,0.0077,-4.9811,6160.7107,1.9211,NA,NA
q2rtx.exe,39492,0x177137A1C80,DXGI,0,512,1,Hardware: Independent Flip,Application,622615428551,NA,1.70080000000000,3.42660000000000,0.25030000000000,16.44120000000000,19.5346,NA,622615413598,1.7456,1.4953,0.2503,15.6822,2.2543,2.2543,0.0000,NA,0.0000,3.0934,NA,NA
q2rtx.exe,39492,0x177137A1C80,DXGI,0,512,1,Hardware: Independent Flip,Application,622615431645,NA,0.30940000000000,6.50020000000000,0.15040000000000,22.83230000000000,25.7254,NA,622615431054,0.2095,0.0591,0.1504,16.1909,6.7005,6.7005,0.0000,NA,0.0000,2.8931,NA,NA
q2rtx.exe,39492,0x177137A1C80,DXGI,0,512,1,Hardware: Independent Flip,Application,622615572300,15.5197,14.06550000000000,7.72460000000000,0.33740000000000,18.89730000000000,19.3845,NA,622615433149,14.2525,13.9151,0.3374,22.6819,10.1305,10.1226,0.0079,-2.1317,6176.2304,0.4872,NA,NA
q2rtx.exe,39492,0x177137A1C80,DXGI,0,512,1,Hardware: Independent Flip,Application,622615594205,NA,2.19050000000000,5.88580000000000,0.20560000000000,17.61510000000000,23.0798,NA,622615575674,2.0587,1.8531,0.2056,18.5599,0.9083,0.9083,0.0000,NA,0.0000,5.4647,NA,NA
q2rtx.exe,39492,0x177137A1C80,DXGI,0,512,1,Hardware: Independent Flip,Application,622615661254,NA,6.70490000000000,7.20710000000000,0.20290000000000,11.16360000000000,23.5820,NA,622615596261,6.7022,6.4993,0.2029,17.4095,0.2534,0.2534,0.0000,NA,0.0000,12.4184,NA,NA
q2rtx.exe,39492,0x177137A1C80,DXGI,0,512,1,Hardware: Independent Flip,Application,622615762734,13.9467,10.14800000000000,0.15620000000000,0.26530000000000,13.58920000000000,13.5902,NA,622615663283,10.2104,9.9451,0.2653,10.9607,12.5736,12.5657,0.0079,0.6976,6190.1771,0.0010,NA,NA
q2rtx.exe,39492,0x177137A1C80,DXGI,0,512,1,Hardware: Independent Flip,Application,622615774056,NA,1.13220000000000,4.42500000000000,0.19590000000000,13.73180000000000,16.8830,NA,622615765387,1.0628,0.8669,0.1959,13.3239,1.2748,1.2748,0.0000,NA,0.0000,3.1512,NA,NA
q2rtx.exe,39492,0x177137A1C80,DXGI,0,512,1,Hardware: Independent Flip,Application,622615776586,NA,0.25300000000000,4.40070000000000,0.12920000000000,13.72330000000000,21.0307,NA,622615776015,0.1863,0.0571,0.1292,13.5359,0.2445,0.2445,0.0000,NA,0.0000,7.3074,NA,NA
q2rtx.exe,39492,0x177137A1C80,DXGI,0,512,1,Hardware: Independent Flip,Application,622615900251,18.0210,12.36650000000000,6.90690000000000,0.24680000000000,15.28840000000000,15.5711,NA,622615777878,12.4841,12.2373,0.2468,13.5941,13.9316,13.9248,0.0068,2.2884,6208.1981,0.2827,NA,NA
q2rtx.exe,39492,0x177137A1C80,DXGI,0,512,1,Hardware: Independent Flip,Application,622615912538,NA,1.22870000000000,4.87250000000000,0.22690000000000,14.97590000000000,19.2149,NA,622615902719,1.2088,0.9819,0.2269,15.0416,0.9162,0.9162,0.0000,NA,0.0000,4.2390,NA,NA
q2rtx.exe,39492,0x177137A1C80,DXGI,0,512,1,Hardware: Independent Flip,Application,622615915355,NA,0.28170000000000,5.13560000000000,0.13520000000000,14.94330000000000,24.0688,NA,622615914807,0.1900,0.0548,0.1352,14.7490,0.2491,0.2491,0.0000,NA,0.0000,9.1255,NA,NA
q2rtx.exe,39492,0x177137A1C80,DXGI,0,512,1,Hardware: Independent Flip,Application,622616054678,15.5588,13.93230000000000,4.10130000000000,0.21590000000000,13.51860000000000,14.2378,NA,622615916707,14.0130,13.7971,0.2159,14.8081,12.5076,12.5027,0.0049,1.4494,6223.7569,0.7192,NA,NA
q2rtx.exe,39492,0x177137A1C80,DXGI,0,512,1,Hardware: Independent Flip,Application,622616063444,NA,0.87660000000000,3.76960000000000,0.20130000000000,14.24740000000000,17.1308,NA,622616056837,0.8620,0.6607,0.2013,13.3027,1.6054,1.6054,0.0000,NA,0.0000,2.8834,NA,NA
q2rtx.exe,39492,0x177137A1C80,DXGI,0,512,1,Hardware: Independent Flip,Application,622616066045,NA,0.26010000000000,5.31560000000000,0.12520000000000,14.24050000000000,22.1863,NA,622616065457,0.1840,0.0588,0.1252,14.0461,0.2532,0.2532,0.0000,NA,0.0000,7.9458,NA,NA
q2rtx.exe,39492,0x177137A1C80,DXGI,0,512,1,Hardware: Independent Flip,Application,622616191301,13.6054,12.52560000000000,5.37380000000000,0.19860000000000,15.03370000000000,15.0345,NA,622616067297,12.5990,12.4004,0.1986,14.1153,13.3188,13.3122,0.0066,-0.8536,6237.3623,0.0008,NA,NA
q2rtx.exe,39492,0x177137A1C80,DXGI,0,512,1,Hardware: Independent Flip,Application,622616207217,NA,1.59160000000000,5.74720000000000,0.32140000000000,14.77320000000000,19.1901,NA,622616193287,1.7144,1.3930,0.3214,14.8351,1.3311,1.3311,0.0000,NA,0.0000,4.4169,NA,NA
q2rtx.exe,39492,0x177137A1C80,DXGI,0,512,1,Hardware: Independent Flip,Application,622616211052,NA,0.38350000000000,3.88640000000000,0.13700000000000,14.60500000000000,22.6930,NA,622616210431,0.1991,0.0621,0.1370,14.4518,0.2153,0.2153,0.0000,NA,0.0000,8.0880,NA,NA
q2rtx.exe,39492,0x177137A1C80,DXGI,0,512,1,Hardware: Independent Flip,Application,622616343141,15.5393,13.20890000000000,5.52560000000000,0.21990000000000,14.45190000000000,15.0097,NA,622616212422,13.2918,13.0719,0.2199,14.4680,13.0558,13.0500,0.0058,0.3801,6252.9016,0.5578,NA,NA
q2rtx.exe,39492,0x177137A1C80,DXGI,0,512,1,Hardware: Independent Flip,Application,622616356067,NA,1.29260000000000,4.31810000000000,0.20890000000000,14.45860000000000,18.0352,NA,622616345340,1.2816,1.0727,0.2089,14.2320,1.2993,1.2993,0.0000,NA,0.0000,3.5766,NA,NA
q2rtx.exe,39492,0x177137A1C80,DXGI,0,512,1,Hardware: Independent Flip,Application,622616358729,NA,0.26620000000000,4.84890000000000,0.14410000000000,14.42740000000000,22.6179,NA,622616358156,0.2014,0.0573,0.1441,14.2497,0.2350,0.2350,0.0000,NA,0.0000,8.1905,NA,NA
q2rtx.exe,39492,0x177137A1C80,DXGI,0,512,1,Hardware: Independent Flip,Application,622616489272,14.9097,13.05430000000000,4.74490000000000,0.23960000000000,14.25920000000000,14.3085,NA,622616360170,13.1498,12.9102,0.2396,14.2833,12.8861,12.8792,0.0069,0.9978,6267.8113,0.0493,NA,NA
q2rtx.exe,39492,0x177137A1C80,DXGI,0,512,1,Hardware: Independent Flip,Application,622616501969,NA,1.26970000000000,4.58410000000000,0.21740000000000,14.29940000000000,17.6229,NA,622616491668,1.2475,1.0301,0.2174,14.0196,1.3099,1.3099,0.0000,NA,0.0000,3.3235,NA,NA
q2rtx.exe,39492,0x177137A1C80,DXGI,0,512,1,Hardware: Independent Flip,Application,622616504741,NA,0.27720000000000,4.60660000000000,0.13300000000000,14.26500000000000,21.9523,NA,622616504143,0.1928,0.0598,0.1330,14.0820,0.2428,0.2428,0.0000,NA,0.0000,7.6873,NA,NA
q2rtx.exe,39492,0x177137A1C80,DXGI,0,512,1,Hardware: Independent Flip,Application,622616633748,15.2792,12.90070000000000,5.22690000000000,0.22400000000000,14.27770000000000,14.2785,NA,622616506071,12.9917,12.7677,0.2240,14.1320,12.9134,12.9076,0.0058,0.8616,6283.0905,0.0008,NA,NA
q2rtx.exe,39492,0x177137A1C80,DXGI,0,512,1,Hardware: Independent Flip,Application,622616646316,NA,1.25680000000000,4.90470000000000,0.21830000000000,14.36140000000000,17.9264,NA,622616635988,1.2511,1.0328,0.2183,14.0537,1.3405,1.3405,0.0000,NA,0.0000,3.5650,NA,NA
q2rtx.exe,39492,0x177137A1C80,DXGI,0,512,1,Hardware: Independent Flip,Application,622616649091,NA,0.27750000000000,4.70510000000000,0.13950000000000,14.33640000000000,22.3540,NA,622616648499,0.1987,0.0592,0.1395,14.1431,0.2525,0.2525,0.0000,NA,0.0000,8.0176,NA,NA
q2rtx.exe,39492,0x177137A1C80,DXGI,0,512,1,Hardware: Independent Flip,Application,622616778120,14.6759,12.90290000000000,5.55460000000000,0.21280000000000,14.73990000000000,15.0057,NA,622616650486,12.9762,12.7634,0.2128,14.1969,13.3064,13.2980,0.0084,-0.4885,6297.7664,0.2658,NA,NA
q2rtx.exe,39492,0x177137A1C80,DXGI,0,512,1,Hardware: Independent Flip,Application,622616791337,NA,1.32170000000000,4.71180000000000,0.23240000000000,14.73460000000000,18.3958,NA,622616780248,1.3413,1.1089,0.2324,14.5271,1.3164,1.3164,0.0000,NA,0.0000,3.6612,NA,NA
q2rtx.exe,39492,0x177137A1C80,DXGI,0,512,1,Hardware: Independent Flip,Application,622616794240,NA,0.29030000000000,4.95050000000000,0.13630000000000,14.69400000000000,23.0560,NA,622616793661,0.1942,0.0579,0.1363,14.5022,0.2497,0.2497,0.0000,NA,0.0000,8.3620,NA,NA
q2rtx.exe,39492,0x177137A1C80,DXGI,0,512,1,Hardware: Independent Flip,Application,622616926950,14.5875,13.27100000000000,5.22910000000000,0.21170000000000,14.72830000000000,15.0141,NA,622616795603,13.3464,13.1347,0.2117,14.5577,13.3053,13.2984,0.0069,-0.3039,6312.3539,0.2858,NA,NA
q2rtx.exe,39492,0x177137A1C80,DXGI,0,512,1,Hardware: Independent Flip,Application,622616940043,NA,1.30930000000000,4.58910000000000,0.22610000000000,14.76920000000000,18.2939,NA,622616929067,1.3237,1.0976,0.2261,14.5166,1.3502,1.3502,0.0000,NA,0.0000,3.5247,NA,NA
q2rtx.exe,39492,0x177137A1C80,DXGI,0,512,1,Hardware: Independent Flip,Application,622616942893,NA,0.28500000000000,4.85220000000000,0.15130000000000,14.72720000000000,22.8611,NA,622616942304,0.2102,0.0589,0.1513,14.5431,0.2430,0.2430,0.0000,NA,0.0000,8.1339,NA,NA
q2rtx.exe,39492,0x177137A1C80,DXGI,0,512,1,Hardware: Independent Flip,Application,622617075862,14.6365,13.29690000000000,4.40080000000000,0.22400000000000,13.93190000000000,13.9650,NA,622616944406,13.3696,13.1456,0.2240,14.5759,12.5016,12.4965,0.0051,0.7944,6326.9904,0.0331,NA,NA
q2rtx.exe,39492,0x177137A1C80,DXGI,0,512,1,Hardware: Independent Flip,Application,622617089054,NA,1.31920000000000,4.58180000000000,0.22530000000000,13.95940000000000,17.2276,NA,622617078102,1.3205,1.0952,0.2253,13.7079,1.3467,1.3467,0.0000,NA,0.0000,3.2682,NA,NA
q2rtx.exe,39492,0x177137A1C80,DXGI,0,512,1,Hardware: Independent Flip,Application,622617091895,NA,0.28410000000000,4.59100000000000,0.13560000000000,13.92000000000000,21.5345,NA,622617091307,0.1944,0.0588,0.1356,13.7341,0.2447,0.2447,0.0000,NA,0.0000,7.6145,NA,NA
q2rtx.exe,39492,0x177137A1C80,DXGI,0,512,1,Hardware: Independent Flip,Application,622617216754,14.9835,12.48590000000000,5.45760000000000,0.20690000000000,14.50550000000000,14.5062,NA,622617093251,12.5572,12.3503,0.2069,13.7844,13.0714,13.0642,0.0072,0.3531,6341.9739,0.0007,NA,NA
q2rtx.exe,39492,0x177137A1C80,DXGI,0,512,1,Hardware: Independent Flip,Application,622617229955,NA,1.32010000000000,5.14180000000000,0.23300000000000,14.46640000000000,18.3279,NA,622617218823,1.3462,1.1132,0.2330,14.2986,1.2810,1.2810,0.0000,NA,0.0000,3.8615,NA,NA
q2rtx.exe,39492,0x177137A1C80,DXGI,0,512,1,Hardware: Independent Flip,Application,622617232901,NA,0.29460000000000,4.61830000000000,0.14010000000000,14.41730000000000,22.6516,NA,622617232285,0.2017,0.0616,0.1401,14.2334,0.2455,0.2455,0.0000,NA,0.0000,8.2343,NA,NA
q2rtx.exe,39492,0x177137A1C80,DXGI,0,512,1,Hardware: Independent Flip,Application,622617363466,15.0566,13.05650000000000,5.71300000000000,0.24590000000000,14.87540000000000,15.3081,NA,622617234302,13.1623,12.9164,0.2459,14.2772,13.5146,13.5072,0.0074,-0.4165,6357.0305,0.4327,NA,NA
q2rtx.exe,39492,0x177137A1C80,DXGI,0,512,1,Hardware: Independent Flip,Application,622617375801,NA,1.23350000000000,4.59310000000000,0.23460000000000,14.94470000000000,18.6677,NA,622617365925,1.2222,0.9876,0.2346,14.6295,1.3028,1.3028,0.0000,NA,0.0000,3.7230,NA,NA
q2rtx.exe,39492,0x177137A1C80,DXGI,0,512,1,Hardware: Independent Flip,Application,622617378680,NA,0.28790000000000,4.99460000000000,0.13330000000000,14.89070000000000,23.3744,NA,622617378147,0.1866,0.0533,0.1333,14.7101,0.2339,0.2339,0.0000,NA,0.0000,8.4837,NA,NA
q2rtx.exe,39492,0x177137A1C80,DXGI,0,512,1,Hardware: Independent Flip,Application,622617514587,14.2122,13.59070000000000,5.44550000000000,0.32170000000000,14.89770000000000,15.2292,NA,622617380013,13.7791,13.4574,0.3217,14.7574,13.5977,13.5903,0.0074,-0.8210,6371.2427,0.3315,NA,NA
q2rtx.exe,39492,0x177137A1C80,DXGI,0,512,1,Hardware: Independent Flip,Application,622617526873,NA,1.22860000000000,4.58400000000000,0.24990000000000,15.04700000000000,18.5846,NA,622617517804,1.1568,0.9069,0.2499,14.5760,1.3779,1.3779,0.0000,NA,0.0000,3.5376,NA,NA
q2rtx.exe,39492,0x177137A1C80,DXGI,0,512,1,Hardware: Independent Flip,Application,622617529935,NA,0.30620000000000,4.88530000000000,0.12810000000000,14.99400000000000,23.1637,NA,622617529372,0.1844,0.0563,0.1281,14.7971,0.2532,0.2532,0.0000,NA,0.0000,8.1697,NA,NA
q2rtx.exe,39492,0x177137A1C80,DXGI,0,512,1,Hardware: Independent Flip,Application,622617665390,14.9033,13.54550000000000,4.99110000000000,0.35620000000000,14.50460000000000,14.6093,NA,622617531216,13.7736,13.4174,0.3562,14.8659,13.0561,13.0507,0.0054,0.4429,6386.1460,0.1047,NA,NA
q2rtx.exe,39492,0x177137A1C80,DXGI,0,512,1,Hardware: Independent Flip,Application,622617678826,NA,1.34360000000000,4.69150000000000,0.22430000000000,14.63540000000000,17.9572,NA,622617668952,1.2117,0.9874,0.2243,14.1484,1.4744,1.4744,0.0000,NA,0.0000,3.3218,NA,NA
q2rtx.exe,39492,0x177137A1C80,DXGI,0,512,1,Hardware: Independent Flip,Application,622617681684,NA,0.28580000000000,4.77810000000000,0.16150000000000,14.60850000000000,22.4495,NA,622617681069,0.2230,0.0615,0.1615,14.4111,0.2589,0.2589,0.0000,NA,0.0000,7.8410,NA,NA
q2rtx.exe,39492,0x177137A1C80,DXGI,0,512,1,Hardware: Independent Flip,Application,622617812250,15.2643,13.05660000000000,6.15880000000000,0.24370000000000,15.55050000000000,15.5517,NA,622617683299,13.1388,12.8951,0.2437,14.4470,13.9986,13.9916,0.0070,-0.3641,6401.4103,0.0012,NA,NA
q2rtx.exe,39492,0x177137A1C80,DXGI,0,512,1,Hardware: Independent Flip,Application,622617826929,NA,1.46790000000000,5.22450000000000,0.28150000000000,14.97400000000000,19.3083,NA,622617814687,1.5057,1.2242,0.2815,15.3068,0.8914,0.8914,0.0000,NA,0.0000,4.3343,NA,NA
q2rtx.exe,39492,0x177137A1C80,DXGI,0,512,1,Hardware: Independent Flip,Application,622617830359,NA,0.34300000000000,5.17960000000000,0.13700000000000,14.87760000000000,24.1449,NA,622617829744,0.1985,0.0615,0.1370,14.6925,0.2466,0.2466,0.0000,NA,0.0000,9.2673,NA,NA
q2rtx.exe,39492,0x177137A1C80,DXGI,0,512,1,Hardware: Independent Flip,Application,622617970103,15.4044,13.97440000000000,3.95530000000000,0.29560000000000,13.62800000000000,14.1258,NA,622617831729,14.1330,13.8374,0.2956,14.7406,12.7248,12.7188,0.0060,1.0450,6416.8147,0.4978,NA,NA
q2rtx.exe,39492,0x177137A1C80,DXGI,0,512,1,Hardware: Independent Flip,Application,622617977951,NA,0.78480000000000,4.13380000000000,0.23680000000000,14.53470000000000,17.4748,NA,622617973059,0.7260,0.4892,0.2368,13.3324,1.6915,1.6915,0.0000,NA,0.0000,2.9401,NA,NA
q2rtx.exe,39492,0x177137A1C80,DXGI,0,512,1,Hardware: Independent Flip,Application,622617980932,NA,0.29810000000000,4.60630000000000,0.13500000000000,14.47570000000000,21.7830,NA,622617980319,0.1963,0.0613,0.1350,14.2979,0.2391,0.2391,0.0000,NA,0.0000,7.3073,NA,NA
q2rtx.exe,39492,0x177137A1C80,DXGI,0,512,1,Hardware: Independent Flip,Application,622618107744,14.6550,12.68120000000000,6.65580000000000,0.20390000000000,15.75690000000000,15.7576,NA,622617982282,12.7501,12.5462,0.2039,14.3407,13.9624,13.9563,0.0061,-0.7409,6431.4697,0.0007,NA,NA
q2rtx.exe,39492,0x177137A1C80,DXGI,0,512,1,Hardware: Independent Flip,Application,622618124491,NA,1.67470000000000,6.01550000000000,0.22330000000000,15.01900000000000,20.0984,NA,622618109783,1.6941,1.4708,0.2233,15.5530,0.9368,0.9368,0.0000,NA,0.0000,5.0794,NA,NA
q2rtx.exe,39492,0x177137A1C80,DXGI,0,512,1,Hardware: Independent Flip,Application,622618127272,NA,0.27810000000000,4.24730000000000,0.12600000000000,15.00380000000000,24.0676,NA,622618126724,0.1808,0.0548,0.1260,14.7957,0.2629,0.2629,0.0000,NA,0.0000,9.0638,NA,NA
q2rtx.exe,39492,0x177137A1C80,DXGI,0,512,1,Hardware: Independent Flip,Application,622618266967,16.0489,13.96950000000000,4.59510000000000,0.23400000000000,13.86720000000000,14.6932,NA,622618128532,14.0775,13.8435,0.2340,14.8778,12.8329,12.8274,0.0055,1.1910,6447.5186,0.8260,NA,NA
q2rtx.exe,39492,0x177137A1C80,DXGI,0,512,1,Hardware: Independent Flip,Application,622618276248,NA,0.92810000000000,3.86470000000000,0.31260000000000,14.64880000000000,17.6298,NA,622618269307,1.0067,0.6941,0.3126,13.6332,1.7097,1.7097,0.0000,NA,0.0000,2.9810,NA,NA
q2rtx.exe,39492,0x177137A1C80,DXGI,0,512,1,Hardware: Independent Flip,Application,622618279995,NA,0.37470000000000,5.04900000000000,0.13800000000000,14.52210000000000,22.3041,NA,622618279374,0.2001,0.0621,0.1380,14.3362,0.2480,0.2480,0.0000,NA,0.0000,7.7820,NA,NA
q2rtx.exe,39492,0x177137A1C80,DXGI,0,512,1,Hardware: Independent Flip,Application,622618407151,14.1480,12.71560000000000,5.83800000000000,0.26820000000000,15.42570000000000,15.4265,NA,622618281375,12.8458,12.5776,0.2682,14.3841,13.6192,13.6120,0.0072,-0.6037,6461.6666,0.0008,NA,NA
q2rtx.exe,39492,0x177137A1C80,DXGI,0,512,1,Hardware: Independent Flip,Application,622618424279,NA,1.71280000000000,5.35760000000000,0.21750000000000,15.01330000000000,19.0713,NA,622618409833,1.6621,1.4446,0.2175,15.1575,1.3004,1.3004,0.0000,NA,0.0000,4.0580,NA,NA
q2rtx.exe,39492,0x177137A1C80,DXGI,0,512,1,Hardware: Independent Flip,Application,622618427090,NA,0.28110000000000,4.47040000000000,0.13480000000000,14.97320000000000,23.2606,NA,622618426454,0.1984,0.0636,0.1348,14.7958,0.2410,0.2410,0.0000,NA,0.0000,8.2874,NA,NA
q2rtx.exe,39492,0x177137A1C80,DXGI,0,512,1,Hardware: Independent Flip,Application,622618563446,16.2484,13.63560000000000,5.89500000000000,0.20990000000000,14.82690000000000,15.5200,NA,622618428438,13.7107,13.5008,0.2099,14.8384,13.4893,13.4829,0.0064,0.5254,6477.9150,0.6931,NA,NA
q2rtx.exe,39492,0x177137A1C80,DXGI,0,512,1,Hardware: Independent Flip,Application,622618575518,NA,1.20720000000000,4.32790000000000,0.23360000000000,14.89740000000000,18.6407,NA,622618565545,1.2309,0.9973,0.2336,14.6170,1.2777,1.2777,0.0000,NA,0.0000,3.7433,NA,NA
q2rtx.exe,39492,0x177137A1C80,DXGI,0,512,1,Hardware: Independent Flip,Application,622618578421,NA,0.29030000000000,4.99310000000000,0.13500000000000,14.84400000000000,23.3435,NA,622618577854,0.1917,0.0567,0.1350,14.6638,0.2369,0.2369,0.0000,NA,0.0000,8.4995,NA,NA
q2rtx.exe,39492,0x177137A1C80,DXGI,0,512,1,Hardware: Independent Flip,Application,622618713898,14.3108,13.54770000000000,5.34180000000000,0.23750000000000,14.77720000000000,15.1376,NA,622618579771,13.6502,13.4127,0.2375,14.7090,13.4809,13.4763,0.0046,-0.3520,6492.2258,0.3604,NA,NA
q2rtx.exe,39492,0x177137A1C80,DXGI,0,512,1,Hardware: Independent Flip,Application,622618725822,NA,1.19240000000000,4.42080000000000,0.21120000000000,14.93820000000000,18.3660,NA,622618716273,1.1661,0.9549,0.2112,14.5397,1.3534,1.3534,0.0000,NA,0.0000,3.4278,NA,NA
q2rtx.exe,39492,0x177137A1C80,DXGI,0,512,1,Hardware: Independent Flip,Application,622618728511,NA,0.26890000000000,4.75300000000000,0.13210000000000,14.91860000000000,22.8501,NA,622618727934,0.1898,0.0577,0.1321,14.7270,0.2493,0.2493,0.0000,NA,0.0000,7.9315,NA,NA
q2rtx.exe,39492,0x177137A1C80,DXGI,0,512,1,Hardware: Independent Flip,Application,622618863104,15.9742,13.45930000000000,5.81660000000000,0.22990000000000,15.10260000000000,15.2074,NA,622618729832,13.5571,13.3272,0.2299,14.7865,13.6433,13.6367,0.0066,0.9838,6508.2000,0.1048,NA,NA
q2rtx.exe,39492,0x177137A1C80,DXGI,0,512,1,Hardware: Independent Flip,Application,622618876297,NA,1.31930000000000,4.88180000000000,0.24100000000000,15.15900000000000,18.7699,NA,622618865403,1.3304,1.0894,0.2410,14.8727,1.3757,1.3757,0.0000,NA,0.0000,3.6109,NA,NA
q2rtx.exe,39492,0x177137A1C80,DXGI,0,512,1,Hardware: Independent Flip,Application,622618879275,NA,0.29780000000000,4.93740000000000,0.13750000000000,15.10700000000000,23.4095,NA,622618878707,0.1943,0.0568,0.1375,14.9180,0.2458,0.2458,0.0000,NA,0.0000,8.3025,NA,NA
q2rtx.exe,39492,0x177137A1C80,DXGI,0,512,1,Hardware: Independent Flip,Application,622619016029,15.4339,13.67540000000000,5.78780000000000,0.22580000000000,15.04940000000000,15.5219,NA,622618880650,13.7637,13.5379,0.2258,14.9695,13.6178,13.6083,0.0095,-0.1731,6523.6339,0.4725,NA,NA
q2rtx.exe,39492,0x177137A1C80,DXGI,0,512,1,Hardware: Independent Flip,Application,622619029182,NA,1.31530000000000,4.58020000000000,0.31980000000000,15.05930000000000,18.7868,NA,622619018287,1.4093,1.0895,0.3198,14.8236,1.3252,1.3252,0.0000,NA,0.0000,3.7275,NA,NA
q2rtx.exe,39492,0x177137A1C80,DXGI,0,512,1,Hardware: Independent Flip,Application,622619033072,NA,0.38900000000000,5.02960000000000,0.14140000000000,14.90740000000000,23.4274,NA,622619032380,0.2106,0.0692,0.1414,14.7395,0.2371,0.2371,0.0000,NA,0.0000,8.5200,NA,NA
q2rtx.exe,39492,0x177137A1C80,DXGI,0,512,1,Hardware: Independent Flip,Application,622619168364,15.3673,13.52920000000000,4.71750000000000,0.49020000000000,14.48030000000000,14.6157,NA,622619034486,13.8780,13.3878,0.4902,14.7660,13.1021,13.0971,0.0050,1.0400,6539.0012,0.1354,NA,NA
q2rtx.exe,39492,0x177137A1C80,DXGI,0,512,1,Hardware: Independent Flip,Application,622619181046,NA,1.26820000000000,4.62260000000000,0.21900000000000,14.52250000000000,17.9701,NA,622619173266,0.9970,0.7780,0.2190,13.9901,1.3104,1.3104,0.0000,NA,0.0000,3.4476,NA,NA
q2rtx.exe,39492,0x177137A1C80,DXGI,0,512,1,Hardware: Independent Flip,Application,622619183827,NA,0.27810000000000,4.69230000000000,0.13620000000000,14.46160000000000,22.3843,NA,622619183236,0.1953,0.0591,0.1362,14.3035,0.2172,0.2172,0.0000,NA,0.0000,7.9227,NA,NA
q2rtx.exe,39492,0x177137A1C80,DXGI,0,512,1,Hardware: Independent Flip,Application,622619314891,15.6739,13.10640000000000,5.34270000000000,0.23760000000000,14.61950000000000,14.6206,NA,622619185189,13.2078,12.9702,0.2376,14.3254,13.2643,13.2564,0.0079,1.0163,6554.6751,0.0011,NA,NA
q2rtx.exe,39492,0x177137A1C80,DXGI,0,512,1,Hardware: Independent Flip,Application,622619327533,NA,1.26420000000000,5.13450000000000,0.20190000000000,14.63970000000000,18.4909,NA,622619317267,1.2285,1.0266,0.2019,14.3819,1.2844,1.2844,0.0000,NA,0.0000,3.8512,NA,NA
q2rtx.exe,39492,0x177137A1C80,DXGI,0,512,1,Hardware: Independent Flip,Application,622619330134,NA,0.26010000000000,4.63590000000000,0.13290000000000,14.61520000000000,22.8667,NA,622619329552,0.1911,0.0582,0.1329,14.4378,0.2356,0.2356,0.0000,NA,0.0000,8.2515,NA,NA
q2rtx.exe,39492,0x177137A1C80,DXGI,0,512,1,Hardware: Independent Flip,Application,622619463254,15.6472,13.31200000000000,5.18330000000000,0.23550000000000,14.37970000000000,14.7380,NA,622619331463,13.4146,13.1791,0.2355,14.4823,13.0765,13.0706,0.0059,0.6935,6570.3223,0.3583,NA,NA
q2rtx.exe,39492,0x177137A1C80,DXGI,0,512,1,Hardware: Independent Flip,Application,622619475160,NA,1.19060000000000,4.52970000000000,0.22480000000000,14.51180000000000,18.0771,NA,622619465609,1.1799,0.9551,0.2248,14.1442,1.3227,1.3227,0.0000,NA,0.0000,3.5653,NA,NA
q2rtx.exe,39492,0x177137A1C80,DXGI,0,512,1,Hardware: Independent Flip,Application,622619478004,NA,0.28440000000000,4.83790000000000,0.13720000000000,14.46160000000000,22.6306,NA,622619477408,0.1968,0.0596,0.1372,14.2870,0.2342,0.2342,0.0000,NA,0.0000,8.1690,NA,NA
q2rtx.exe,39492,0x177137A1C80,DXGI,0,512,1,Hardware: Independent Flip,Application,622619608916,15.0420,13.09120000000000,4.28760000000000,0.26220000000000,13.74200000000000,13.8270,NA,622619479376,13.2162,12.9540,0.2622,14.3244,12.3716,12.3660,0.0056,1.3868,6585.3643,0.0850,NA,NA
q2rtx.exe,39492,0x177137A1C80,DXGI,0,512,1,Hardware: Independent Flip,Application,622619621602,NA,1.26860000000000,4.45000000000000,0.22820000000000,13.79460000000000,17.0084,NA,622619611538,1.2346,1.0064,0.2282,13.4798,1.3212,1.3212,0.0000,NA,0.0000,3.2138,NA,NA
q2rtx.exe,39492,0x177137A1C80,DXGI,0,512,1,Hardware: Independent Flip,Application,622619624476,NA,0.28740000000000,4.50920000000000,0.13760000000000,13.75260000000000,21.2302,NA,622619623884,0.1968,0.0592,0.1376,13.5664,0.2454,0.2454,0.0000,NA,0.0000,7.4776,NA,NA
q2rtx.exe,39492,0x177137A1C80,DXGI,0,512,1,Hardware: Independent Flip,Application,622619748393,15.2119,12.39170000000000,6.06080000000000,0.20120000000000,14.89840000000000,14.8993,NA,622619625852,12.4553,12.2541,0.2012,13.6150,13.5375,13.5312,0.0063,0.1919,6600.5762,0.0009,NA,NA
q2rtx.exe,39492,0x177137A1C80,DXGI,0,512,1,Hardware: Independent Flip,Application,622619760919,NA,1.25260000000000,5.18120000000000,0.23960000000000,14.53690000000000,18.8279,NA,622619750405,1.2910,1.0514,0.2396,14.6972,0.8911,0.8911,0.0000,NA,0.0000,4.2910,NA,NA
q2rtx.exe,39492,0x177137A1C80,DXGI,0,512,1,Hardware: Independent Flip,Application,622619763898,NA,0.29790000000000,4.82860000000000,0.13140000000000,14.47920000000000,23.3586,NA,622619763315,0.1897,0.0583,0.1314,14.2973,0.2402,0.2402,0.0000,NA,0.0000,8.8794,NA,NA
q2rtx.exe,39492,0x177137A1C80,DXGI,0,512,1,Hardware: Independent Flip,Application,622619899296,15.2064,13.53980000000000,4.27980000000000,0.22900000000000,13.35400000000000,14.0986,NA,622619765212,13.6374,13.4084,0.2290,14.3478,12.4146,12.4102,0.0044,0.9168,6615.7826,0.7446,NA,NA
q2rtx.exe,39492,0x177137A1C80,DXGI,0,512,1,Hardware: Independent Flip,Application,622619907618,NA,0.83220000000000,3.78440000000000,0.21640000000000,13.85780000000000,17.0508,NA,622619901586,0.8196,0.6032,0.2164,13.1250,1.3360,1.3360,0.0000,NA,0.0000,3.1930,NA,NA
q2rtx.exe,39492,0x177137A1C80,DXGI,0,512,1,Hardware: Independent Flip,Application,622619910359,NA,0.27410000000000,4.53890000000000,0.13400000000000,13.83430000000000,21.3156,NA,622619909782,0.1917,0.0577,0.1340,13.6414,0.2506,0.2506,0.0000,NA,0.0000,7.4813,NA,NA
q2rtx.exe,39492,0x177137A1C80,DXGI,0,512,1,Hardware: Independent Flip,Application,622620034396,15.2125,12.40370000000000,6.11770000000000,0.29870000000000,15.02880000000000,15.0296,NA,622619911699,12.5684,12.2697,0.2987,13.7003,13.5982,13.5919,0.0063,0.7715,6630.9951,0.0008,NA,NA
q2rtx.exe,39492,0x177137A1C80,DXGI,0,512,1,Hardware: Independent Flip,Application,622620047381,NA,1.29850000000000,5.35520000000000,0.24710000000000,14.66240000000000,19.0863,NA,622620037383,1.2469,0.9998,0.2471,14.7301,0.9321,0.9321,0.0000,NA,0.0000,4.4239,NA,NA
q2rtx.exe,39492,0x177137A1C80,DXGI,0,512,1,Hardware: Independent Flip,Application,622620050423,NA,0.30420000000000,4.26560000000000,0.13930000000000,14.60600000000000,23.0477,NA,622620049852,0.1964,0.0571,0.1393,14.4153,0.2478,0.2478,0.0000,NA,0.0000,8.4417,NA,NA
q2rtx.exe,39492,0x177137A1C80,DXGI,0,512,1,Hardware: Independent Flip,Application,622620186604,15.2085,13.61810000000000,4.80580000000000,0.20630000000000,13.47150000000000,14.2354,NA,622620051816,13.6851,13.4788,0.2063,14.4667,12.4836,12.4777,0.0059,0.7819,6646.2036,0.7639,NA,NA
q2rtx.exe,39492,0x177137A1C80,DXGI,0,512,1,Hardware: Independent Flip,Application,622620195368,NA,0.87640000000000,3.79960000000000,0.22270000000000,13.93400000000000,17.1586,NA,622620188667,0.8928,0.6701,0.2227,13.2652,1.3389,1.3389,0.0000,NA,0.0000,3.2246,NA,NA
q2rtx.exe,39492,0x177137A1C80,DXGI,0,512,1,Hardware: Independent Flip,Application,622620198177,NA,0.28090000000000,4.57090000000000,0.13420000000000,13.90980000000000,21.4486,NA,622620197595,0.1924,0.0582,0.1342,13.7113,0.2567,0.2567,0.0000,NA,0.0000,7.5388,NA,NA
q2rtx.exe,39492,0x177137A1C80,DXGI,0,512,1,Hardware: Independent Flip,Application,622620323085,13.8900,12.49080000000000,6.01240000000000,0.25790000000000,14.96950000000000,14.9702,NA,622620199519,12.6145,12.3566,0.2579,13.7756,13.5505,13.5442,0.0063,-0.4929,6660.0936,0.0007,NA,NA
q2rtx.exe,39492,0x177137A1C80,DXGI,0,512,1,Hardware: Independent Flip,Application,622620336216,NA,1.31310000000000,5.09770000000000,0.22090000000000,14.54060000000000,18.7548,NA,622620325664,1.2761,1.0552,0.2209,14.7116,0.8842,0.8842,0.0000,NA,0.0000,4.2142,NA,NA
q2rtx.exe,39492,0x177137A1C80,DXGI,0,512,1,Hardware: Independent Flip,Application,622620339021,NA,0.28050000000000,4.48900000000000,0.13330000000000,14.51210000000000,22.9633,NA,622620338425,0.1929,0.0596,0.1333,14.3197,0.2520,0.2520,0.0000,NA,0.0000,8.4512,NA,NA
q2rtx.exe,39492,0x177137A1C80,DXGI,0,512,1,Hardware: Independent Flip,Application,622620474904,15.5232,13.58830000000000,4.70390000000000,0.31800000000000,13.35080000000000,14.0789,NA,622620340354,13.7730,13.4550,0.3180,14.3788,12.4270,12.4203,0.0067,1.2326,6675.6168,0.7281,NA,NA
q2rtx.exe,39492,0x177137A1C80,DXGI,0,512,1,Hardware: Independent Flip,Application,622620483057,NA,0.81530000000000,3.80400000000000,0.28760000000000,14.23320000000000,17.0676,NA,622620478084,0.7849,0.4973,0.2876,13.0328,1.6977,1.6977,0.0000,NA,0.0000,2.8344,NA,NA
q2rtx.exe,39492,0x177137A1C80,DXGI,0,512,1,Hardware: Independent Flip,Application,622620486522,NA,0.34650000000000,4.50660000000000,0.13480000000000,14.12910000000000,21.2277,NA,622620485933,0.1937,0.0589,0.1348,13.9456,0.2424,0.2424,0.0000,NA,0.0000,7.0986,NA,NA
q2rtx.exe,39492,0x177137A1C80,DXGI,0,512,1,Hardware: Independent Flip,Application,622620609916,13.9118,12.33940000000000,6.56560000000000,0.22060000000000,15.45270000000000,15.4539,NA,622620487870,12.4252,12.2046,0.2206,13.9943,13.6630,13.6560,0.0070,-0.9644,6689.5286,0.0012,NA,NA
q2rtx.exe,39492,0x177137A1C80,DXGI,0,512,1,Hardware: Independent Flip,Application,622620626656,NA,1.67400000000000,5.21710000000000,0.22000000000000,14.67300000000000,18.9970,NA,622620612122,1.6734,1.4534,0.2200,15.2321,0.8943,0.8943,0.0000,NA,0.0000,4.3240,NA,NA
q2rtx.exe,39492,0x177137A1C80,DXGI,0,512,1,Hardware: Independent Flip,Application,622620629428,NA,0.27720000000000,4.67270000000000,0.13610000000000,14.61490000000000,23.3925,NA,622620628856,0.1933,0.0572,0.1361,14.4530,0.2191,0.2191,0.0000,NA,0.0000,8.7776,NA,NA
q2rtx.exe,39492,0x177137A1C80,DXGI,0,512,1,Hardware: Independent Flip,Application,622620765994,15.4981,13.65660000000000,4.32130000000000,0.20780000000000,13.32150000000000,14.0572,NA,622620630789,13.7283,13.5205,0.2078,14.4788,12.3632,12.3577,0.0055,1.2870,6705.0267,0.7357,NA,NA
q2rtx.exe,39492,0x177137A1C80,DXGI,0,512,1,Hardware: Independent Flip,Application,622620774407,NA,0.84130000000000,3.77370000000000,0.22180000000000,13.76250000000000,16.9896,NA,622620768072,0.8553,0.6335,0.2218,13.1137,1.2823,1.2823,0.0000,NA,0.0000,3.2271,NA,NA
q2rtx.exe,39492,0x177137A1C80,DXGI,0,512,1,Hardware: Independent Flip,Application,622620777182,NA,0.27750000000000,4.77940000000000,0.13100000000000,13.72780000000000,21.4915,NA,622620776625,0.1867,0.0557,0.1310,13.5407,0.2428,0.2428,0.0000,NA,0.0000,7.7637,NA,NA
q2rtx.exe,39492,0x177137A1C80,DXGI,0,512,1,Hardware: Independent Flip,Application,622620900638,13.8071,12.34560000000000,5.49300000000000,0.23150000000000,14.63800000000000,14.6389,NA,622620778492,12.4461,12.2146,0.2315,13.5968,13.2558,13.2494,0.0064,-0.2390,6718.8338,0.0009,NA,NA
q2rtx.exe,39492,0x177137A1C80,DXGI,0,512,1,Hardware: Independent Flip,Application,622620913384,NA,1.27460000000000,5.44500000000000,0.22850000000000,14.68110000000000,18.8093,NA,622620902953,1.2716,1.0431,0.2285,14.4065,1.3177,1.3177,0.0000,NA,0.0000,4.1282,NA,NA
q2rtx.exe,39492,0x177137A1C80,DXGI,0,512,1,Hardware: Independent Flip,Application,622620916261,NA,0.28770000000000,3.91050000000000,0.13330000000000,14.64050000000000,22.4321,NA,622620915669,0.1925,0.0592,0.1333,14.4526,0.2471,0.2471,0.0000,NA,0.0000,7.7916,NA,NA
q2rtx.exe,39492,0x177137A1C80,DXGI,0,512,1,Hardware: Independent Flip,Application,622621049266,15.9438,13.30050000000000,5.74910000000000,0.24050000000000,14.51570000000000,14.8807,NA,622620917594,13.4077,13.1672,0.2405,14.5072,13.1757,13.1693,0.0064,0.8392,6734.7776,0.3650,NA,NA
q2rtx.exe,39492,0x177137A1C80,DXGI,0,512,1,Hardware: Independent Flip,Application,622621061576,NA,1.23100000000000,4.56200000000000,0.22290000000000,14.58190000000000,18.2117,NA,622621051671,1.2134,0.9905,0.2229,14.2752,1.2972,1.2972,0.0000,NA,0.0000,3.6298,NA,NA
q2rtx.exe,39492,0x177137A1C80,DXGI,0,512,1,Hardware: Independent Flip,Application,622621064404,NA,0.28280000000000,4.89580000000000,0.13570000000000,14.54650000000000,22.8247,NA,622621063805,0.1956,0.0599,0.1357,14.3590,0.2474,0.2474,0.0000,NA,0.0000,8.2782,NA,NA
q2rtx.exe,39492,0x177137A1C80,DXGI,0,512,1,Hardware: Independent Flip,Application,622621195815,13.7466,13.14110000000000,5.22280000000000,0.21320000000000,14.67440000000000,14.9064,NA,622621065761,13.2186,13.0054,0.2132,14.4108,13.2690,13.2633,0.0057,-0.9340,6748.5242,0.2320,NA,NA
q2rtx.exe,39492,0x177137A1C80,DXGI,0,512,1,Hardware: Independent Flip,Application,622621208818,NA,1.30030000000000,4.59580000000000,0.21550000000000,14.63810000000000,18.2019,NA,622621197947,1.3026,1.0871,0.2155,14.4612,1.2640,1.2640,0.0000,NA,0.0000,3.5638,NA,NA
q2rtx.exe,39492,0x177137A1C80,DXGI,0,512,1,Hardware: Independent Flip,Application,622621211555,NA,0.27370000000000,4.79700000000000,0.13320000000000,14.60950000000000,22.7252,NA,622621210973,0.1914,0.0582,0.1332,14.4226,0.2451,0.2451,0.0000,NA,0.0000,8.1157,NA,NA
q2rtx.exe,39492,0x177137A1C80,DXGI,0,512,1,Hardware: Independent Flip,Application,622621344255,15.0916,13.27000000000000,4.72850000000000,0.37150000000000,14.14780000000000,14.1837,NA,622621212887,13.5083,13.1368,0.3715,14.4763,12.8083,12.8039,0.0044,0.9703,6763.6158,0.0359,NA,NA
q2rtx.exe,39492,0x177137A1C80,DXGI,0,512,1,Hardware: Independent Flip,Application,622621356565,NA,1.23100000000000,4.68230000000000,0.22270000000000,14.22370000000000,17.6350,NA,622621347970,1.0822,0.8595,0.2227,13.7763,1.3069,1.3069,0.0000,NA,0.0000,3.4113,NA,NA
q2rtx.exe,39492,0x177137A1C80,DXGI,0,512,1,Hardware: Independent Flip,Application,622621359386,NA,0.28210000000000,4.66610000000000,0.14870000000000,14.16500000000000,22.0190,NA,622621358792,0.2081,0.0594,0.1487,14.0010,0.2234,0.2234,0.0000,NA,0.0000,7.8540,NA,NA
q2rtx.exe,39492,0x177137A1C80,DXGI,0,512,1,Hardware: Independent Flip,Application,622621488141,14.9456,12.87550000000000,5.36310000000000,0.25980000000000,14.50580000000000,14.5066,NA,622621360873,12.9866,12.7268,0.2598,14.0163,13.2163,13.2094,0.0069,0.2341,6778.5614,0.0008,NA,NA
q2rtx.exe,39492,0x177137A1C80,DXGI,0,512,1,Hardware: Independent Flip,Application,622621500070,NA,1.19290000000000,4.94260000000000,0.20820000000000,14.67880000000000,18.2563,NA,622621490739,1.1413,0.9331,0.2082,14.2460,1.3659,1.3659,0.0000,NA,0.0000,3.5775,NA,NA
q2rtx.exe,39492,0x177137A1C80,DXGI,0,512,1,Hardware: Independent Flip,Application,622621502772,NA,0.27020000000000,4.86100000000000,0.13570000000000,14.63220000000000,22.8471,NA,622621502152,0.1977,0.0620,0.1357,14.4706,0.2236,0.2236,0.0000,NA,0.0000,8.2149,NA,NA
q2rtx.exe,39492,0x177137A1C80,DXGI,0,512,1,Hardware: Independent Flip,Application,622621635462,15.0577,13.26900000000000,5.38230000000000,0.24750000000000,14.61470000000000,14.9604,NA,622621504129,13.3808,13.1333,0.2475,14.4965,13.2515,13.2443,0.0072,-0.1282,6793.6191,0.3457,NA,NA
q2rtx.exe,39492,0x177137A1C80,DXGI,0,512,1,Hardware: Independent Flip,Application,622621648091,NA,1.26290000000000,4.61680000000000,0.21330000000000,14.69530000000000,18.3143,NA,622621637937,1.2287,1.0154,0.2133,14.3672,1.3435,1.3435,0.0000,NA,0.0000,3.6190,NA,NA
q2rtx.exe,39492,0x177137A1C80,DXGI,0,512,1,Hardware: Independent Flip,Application,622621650815,NA,0.27240000000000,4.93330000000000,0.13080000000000,14.67460000000000,22.9752,NA,622621650224,0.1899,0.0591,0.1308,14.4820,0.2517,0.2517,0.0000,NA,0.0000,8.3006,NA,NA
q2rtx.exe,39492,0x177137A1C80,DXGI,0,512,1,Hardware: Independent Flip,Application,622621782984,14.4812,13.21690000000000,4.90040000000000,0.21930000000000,14.61420000000000,14.6587,NA,622621652123,13.3054,13.0861,0.2193,14.5438,13.1565,13.1505,0.0060,0.0307,6808.1003,0.0445,NA,NA
q2rtx.exe,39492,0x177137A1C80,DXGI,0,512,1,Hardware: Independent Flip,Application,622621796366,NA,1.33820000000000,4.76870000000000,0.23900000000000,14.60030000000000,18.0892,NA,622621785177,1.3579,1.1189,0.2390,14.3949,1.3243,1.3243,0.0000,NA,0.0000,3.4889,NA,NA
q2rtx.exe,39492,0x177137A1C80,DXGI,0,512,1,Hardware: Independent Flip,Application,622621799355,NA,0.29890000000000,4.79860000000000,0.13450000000000,14.55770000000000,22.5889,NA,622621798756,0.1944,0.0599,0.1345,14.3613,0.2563,0.2563,0.0000,NA,0.0000,8.0312,NA,NA
q2rtx.exe,39492,0x177137A1C80,DXGI,0,512,1,Hardware: Independent Flip,Application,622621931417,14.9401,13.20620000000000,5.17660000000000,0.23400000000000,14.55840000000000,14.5593,NA,622621800700,13.3057,13.0717,0.2340,14.4232,13.2069,13.2011,0.0058,0.1962,6823.0404,0.0009,NA,NA
q2rtx.exe,39492,0x177137A1C80,DXGI,0,512,1,Hardware: Independent Flip,Application,622621943707,NA,1.22900000000000,4.96850000000000,0.31160000000000,14.61640000000000,18.2988,NA,622621933757,1.3066,0.9950,0.3116,14.3244,1.2870,1.2870,0.0000,NA,0.0000,3.6824,NA,NA
q2rtx.exe,39492,0x177137A1C80,DXGI,0,512,1,Hardware: Independent Flip,Application,622621947594,NA,0.38870000000000,4.85470000000000,0.15990000000000,14.47570000000000,22.7648,NA,622621946823,0.2370,0.0771,0.1599,14.3048,0.2480,0.2480,0.0000,NA,0.0000,8.2891,NA,NA
q2rtx.exe,39492,0x177137A1C80,DXGI,0,512,1,Hardware: Independent Flip,Application,622622078668,14.9924,13.10740000000000,5.22760000000000,0.22900000000000,14.71000000000000,14.8850,NA,622621949193,13.1765,12.9475,0.2290,14.3158,13.3417,13.3322,0.0095,-0.0584,6838.0328,0.1750,NA,NA
q2rtx.exe,39492,0x177137A1C80,DXGI,0,512,1,Hardware: Independent Flip,Application,622622091556,NA,1.28880000000000,4.81750000000000,0.22470000000000,14.74840000000000,18.4137,NA,622622080958,1.2845,1.0598,0.2247,14.4810,1.3272,1.3272,0.0000,NA,0.0000,3.6653,NA,NA
q2rtx.exe,39492,0x177137A1C80,DXGI,0,512,1,Hardware: Independent Flip,Application,622622094382,NA,0.28260000000000,4.92320000000000,0.14260000000000,14.68740000000000,23.0543,NA,622622093803,0.2005,0.0579,0.1426,14.5237,0.2216,0.2216,0.0000,NA,0.0000,8.3669,NA,NA
q2rtx.exe,39492,0x177137A1C80,DXGI,0,512,1,Hardware: Independent Flip,Application,622622227371,14.8512,13.29890000000000,4.84970000000000,0.21650000000000,14.51370000000000,14.6051,NA,622622095808,13.3728,13.1563,0.2165,14.5448,13.1252,13.1207,0.0045,0.2608,6852.8840,0.0914,NA,NA
q2rtx.exe,39492,0x177137A1C80,DXGI,0,512,1,Hardware: Independent Flip,Application,622622240330,NA,1.29590000000000,4.75280000000000,0.20520000000000,14.52360000000000,18.0620,NA,622622229536,1.2846,1.0794,0.2052,14.2972,1.3058,1.3058,0.0000,NA,0.0000,3.5384,NA,NA
q2rtx.exe,39492,0x177137A1C80,DXGI,0,512,1,Hardware: Independent Flip,Application,622622242970,NA,0.26400000000000,4.81750000000000,0.13050000000000,14.50670000000000,22.6155,NA,622622242382,0.1893,0.0588,0.1305,14.3184,0.2471,0.2471,0.0000,NA,0.0000,8.1088,NA,NA
q2rtx.exe,39492,0x177137A1C80,DXGI,0,512,1,Hardware: Independent Flip,Application,622622373989,14.9661,13.10190000000000,4.86910000000000,0.21120000000000,14.38190000000000,14.3827,NA,622622244275,13.1826,12.9714,0.2112,14.3762,12.9771,12.9702,0.0069,0.5267,6867.8501,0.0008,NA,NA
q2rtx.exe,39492,0x177137A1C80,DXGI,0,512,1,Hardware: Independent Flip,Application,622622387119,NA,1.31300000000000,4.86450000000000,0.20430000000000,14.36350000000000,17.9342,NA,622622376101,1.3061,1.1018,0.2043,14.1707,1.2946,1.2946,0.0000,NA,0.0000,3.5707,NA,NA
q2rtx.exe,39492,0x177137A1C80,DXGI,0,512,1,Hardware: Independent Flip,Application,622622389738,NA,0.26190000000000,4.75830000000000,0.13730000000000,14.35190000000000,22.4306,NA,622622389162,0.1949,0.0576,0.1373,14.1592,0.2503,0.2503,0.0000,NA,0.0000,8.0787,NA,NA
q2rtx.exe,39492,0x177137A1C80,DXGI,0,512,1,Hardware: Independent Flip,Application,622622519928,15.0421,13.01900000000000,4.98880000000000,0.20660000000000,14.36850000000000,14.4004,NA,622622391111,13.0883,12.8817,0.2066,14.2146,13.0356,13.0356,0.0000,0.4305,6882.8922,0.0319,NA,NA
q2rtx.exe,39492,0x177137A1C80,DXGI,0,512,1,Hardware: Independent Flip,Application,622622532390,NA,1.24620000000000,4.84000000000000,0.31780000000000,14.44490000000000,17.9942,NA,622622521994,1.3574,1.0396,0.3178,14.1619,1.3226,1.3226,0.0000,NA,0.0000,3.5493,NA,NA
q2rtx.exe,39492,0x177137A1C80,DXGI,0,512,1,Hardware: Independent Flip,Application,622622536183,NA,0.37930000000000,4.84680000000000,0.13760000000000,14.31850000000000,22.4617,NA,622622535568,0.1991,0.0615,0.1376,14.1271,0.2529,0.2529,0.0000,NA,0.0000,8.1432,NA,NA
q2rtx.exe,39492,0x177137A1C80,DXGI,0,512,1,Hardware: Independent Flip,Application,622622665253,14.8092,12.90700000000000,4.98190000000000,0.21890000000000,14.48950000000000,14.5366,NA,622622537559,12.9883,12.7694,0.2189,14.1809,13.0780,13.0780,0.0000,0.1405,6897.7014,0.0471,NA,NA
q2rtx.exe,39492,0x177137A1C80,DXGI,0,512,1,Hardware: Independent Flip,Application,622622678041,NA,1.27880000000000,4.85920000000000,0.22380000000000,14.61870000000000,18.1170,NA,622622667442,1.2837,1.0599,0.2238,14.2706,1.4080,1.4080,0.0000,NA,0.0000,3.4983,NA,NA
q2rtx.exe,39492,0x177137A1C80,DXGI,0,512,1,Hardware: Independent Flip,Application,622622680917,NA,0.28760000000000,4.83820000000000,0.13120000000000,14.56270000000000,22.6676,NA,622622680279,0.1950,0.0638,0.1312,14.3949,0.2316,0.2316,0.0000,NA,0.0000,8.1049,NA,NA
q2rtx.exe,39492,0x177137A1C80,DXGI,0,512,1,Hardware: Independent Flip,Application,622622811732,14.6998,13.08150000000000,5.04900000000000,0.23480000000000,14.59980000000000,14.6351,NA,622622682229,13.1851,12.9503,0.2348,14.4315,13.1186,13.1186,0.0000,-0.0466,6912.4012,0.0353,NA,NA
q2rtx.exe,39492,0x177137A1C80,DXGI,0,512,1,Hardware: Independent Flip,Application,622622825496,NA,1.37640000000000,4.87310000000000,0.31010000000000,14.57470000000000,18.1318,NA,622622814080,1.4517,1.1416,0.3101,14.3650,1.3513,1.3513,0.0000,NA,0.0000,3.5571,NA,NA
q2rtx.exe,39492,0x177137A1C80,DXGI,0,512,1,Hardware: Independent Flip,Application,622622829251,NA,0.37550000000000,4.88680000000000,0.14120000000000,14.43950000000000,22.6431,NA,622622828597,0.2066,0.0654,0.1412,14.2646,0.2403,0.2403,0.0000,NA,0.0000,8.2036,NA,NA
q2rtx.exe,39492,0x177137A1C80,DXGI,0,512,1,Hardware: Independent Flip,Application,622622959533,14.6407,13.02820000000000,5.00800000000000,0.21470000000000,14.56950000000000,14.6229,NA,622622830663,13.1017,12.8870,0.2147,14.2983,13.1582,13.1582,0.0000,-0.1272,6927.0419,0.0534,NA,NA
q2rtx.exe,39492,0x177137A1C80,DXGI,0,512,1,Hardware: Independent Flip,Application,622622972298,NA,1.27650000000000,4.86240000000000,0.22350000000000,14.62620000000000,18.2088,NA,622622961680,1.2853,1.0618,0.2235,14.3548,1.3332,1.3332,0.0000,NA,0.0000,3.5826,NA,NA
q2rtx.exe,39492,0x177137A1C80,DXGI,0,512,1,Hardware: Independent Flip,Application,622622975080,NA,0.27820000000000,4.88920000000000,0.14280000000000,14.59020000000000,22.8198,NA,622622974533,0.1975,0.0547,0.1428,14.4027,0.2422,0.2422,0.0000,NA,0.0000,8.2296,NA,NA
q2rtx.exe,39492,0x177137A1C80,DXGI,0,512,1,Hardware: Independent Flip,Application,622623106964,14.7690,13.18840000000000,4.80690000000000,0.22170000000000,14.41290000000000,14.4383,NA,622622976508,13.2673,13.0456,0.2217,14.4474,13.0111,13.0111,0.0000,0.2105,6941.8109,0.0254,NA,NA
q2rtx.exe,39492,0x177137A1C80,DXGI,0,512,1,Hardware: Independent Flip,Application,622623120015,NA,1.30510000000000,4.83320000000000,0.20780000000000,14.53320000000000,17.9664,NA,622623109181,1.2912,1.0834,0.2078,14.1912,1.4254,1.4254,0.0000,NA,0.0000,3.4332,NA,NA
q2rtx.exe,39492,0x177137A1C80,DXGI,0,512,1,Hardware: Independent Flip,Application,622623122740,NA,0.27250000000000,4.83230000000000,0.13880000000000,14.51130000000000,22.5262,NA,622623122093,0.2035,0.0647,0.1388,14.3254,0.2506,0.2506,0.0000,NA,0.0000,8.0149,NA,NA
q2rtx.exe,39492,0x177137A1C80,DXGI,0,512,1,Hardware: Independent Flip,Application,622623253343,14.7010,13.06030000000000,4.75240000000000,0.23900000000000,14.21730000000000,14.2183,NA,622623124128,13.1605,12.9215,0.2390,14.3725,12.7663,12.7663,0.0000,0.2831,6956.5119,0.0010,NA,NA
q2rtx.exe,39492,0x177137A1C80,DXGI,0,512,1,Hardware: Independent Flip,Application,622623266558,NA,1.32150000000000,4.86760000000000,0.31010000000000,14.84610000000000,17.7644,NA,622623255733,1.3926,1.0825,0.3101,13.9783,1.9503,1.9503,0.0000,NA,0.0000,2.9183,NA,NA
q2rtx.exe,39492,0x177137A1C80,DXGI,0,512,1,Hardware: Independent Flip,Application,622623270294,NA,0.37360000000000,4.73570000000000,0.15540000000000,14.70740000000000,22.1265,NA,622623269659,0.2189,0.0635,0.1554,14.5360,0.2349,0.2349,0.0000,NA,0.0000,7.4191,NA,NA
q2rtx.exe,39492,0x177137A1C80,DXGI,0,512,1,Hardware: Independent Flip,Application,622623397688,14.7776,12.73940000000000,6.38250000000000,0.22340000000000,15.76880000000000,15.7696,NA,622623271848,12.8074,12.5840,0.2234,14.5520,13.8008,13.7944,0.0064,-1.2082,6971.2895,0.0008,NA,NA
q2rtx.exe,39492,0x177137A1C80,DXGI,0,512,1,Hardware: Independent Flip,Application,622623416205,NA,1.85170000000000,5.38290000000000,0.22690000000000,14.90470000000000,19.3008,NA,622623399922,1.8552,1.6283,0.2269,15.5454,0.9876,0.9789,0.0087,NA,0.0000,4.3961,NA,NA
q2rtx.exe,39492,0x177137A1C80,DXGI,0,512,1,Hardware: Independent Flip,Application,622623419061,NA,0.28560000000000,5.33860000000000,0.13450000000000,15.00090000000000,24.3538,NA,622623418474,0.1932,0.0587,0.1345,14.6778,0.3818,0.3818,0.0000,NA,0.0000,9.3529,NA,NA
q2rtx.exe,39492,0x177137A1C80,DXGI,0,512,1,Hardware: Independent Flip,Application,622623557595,14.6437,13.85340000000000,3.67990000000000,0.39310000000000,13.62280000000000,14.1803,NA,622623420406,14.1120,13.7189,0.3931,14.8664,12.4753,12.4688,0.0065,0.2423,6985.9332,0.5575,NA,NA
q2rtx.exe,39492,0x177137A1C80,DXGI,0,512,1,Hardware: Independent Flip,Application,622623566467,NA,0.88720000000000,4.08470000000000,0.30920000000000,14.07390000000000,17.3778,NA,622623561526,0.8033,0.4941,0.3092,13.2297,1.3383,1.3383,0.0000,NA,0.0000,3.3039,NA,NA
q2rtx.exe,39492,0x177137A1C80,DXGI,0,512,1,Hardware: Independent Flip,Application,622623570132,NA,0.36650000000000,4.57670000000000,0.13250000000000,13.92540000000000,21.5880,NA,622623569559,0.1898,0.0573,0.1325,13.7647,0.2180,0.2180,0.0000,NA,0.0000,7.6626,NA,NA
q2rtx.exe,39492,0x177137A1C80,DXGI,0,512,1,Hardware: Independent Flip,Application,622623695560,14.4607,12.54280000000000,6.08150000000000,0.21920000000000,15.12590000000000,15.1267,NA,622623571457,12.6295,12.4103,0.2192,13.7929,13.7433,13.7367,0.0066,-0.2822,7000.3939,0.0008,NA,NA
q2rtx.exe,39492,0x177137A1C80,DXGI,0,512,1,Hardware: Independent Flip,Application,622623708582,NA,1.30220000000000,5.87230000000000,0.19900000000000,14.79100000000000,19.6968,NA,622623697752,1.2820,1.0830,0.1990,14.9067,0.9673,0.9673,0.0000,NA,0.0000,4.9058,NA,NA
q2rtx.exe,39492,0x177137A1C80,DXGI,0,512,1,Hardware: Independent Flip,Application,622623711161,NA,0.25790000000000,3.95820000000000,0.15340000000000,14.78540000000000,23.3971,NA,622623710572,0.2123,0.0589,0.1534,14.5920,0.2523,0.2523,0.0000,NA,0.0000,8.6117,NA,NA
q2rtx.exe,39492,0x177137A1C80,DXGI,0,512,1,Hardware: Independent Flip,Application,622623848905,14.4640,13.77440000000000,4.76590000000000,0.20240000000000,13.60030000000000,14.3886,NA,622623712695,13.8234,13.6210,0.2024,14.6320,12.5893,12.5827,0.0066,-0.1324,7014.8579,0.7883,NA,NA
q2rtx.exe,39492,0x177137A1C80,DXGI,0,512,1,Hardware: Independent Flip,Application,622623857673,NA,0.87680000000000,3.82440000000000,0.29420000000000,14.45020000000000,17.3362,NA,622623850929,0.9686,0.6744,0.2942,13.3979,1.7267,1.7267,0.0000,NA,0.0000,2.8860,NA,NA
q2rtx.exe,39492,0x177137A1C80,DXGI,0,512,1,Hardware: Independent Flip,Application,622623861214,NA,0.35410000000000,4.98370000000000,0.14020000000000,14.33700000000000,21.9658,NA,622623860615,0.2001,0.0599,0.1402,14.1560,0.2409,0.2409,0.0000,NA,0.0000,7.6288,NA,NA
q2rtx.exe,39492,0x177137A1C80,DXGI,0,512,1,Hardware: Independent Flip,Application,622623987063,14.4639,12.58490000000000,5.84670000000000,0.23580000000000,15.22650000000000,15.2276,NA,622623862616,12.6805,12.4447,0.2358,14.1968,13.4744,13.4686,0.0058,-0.1909,7029.3218,0.0011,NA,NA
q2rtx.exe,39492,0x177137A1C80,DXGI,0,512,1,Hardware: Independent Flip,Application,622624003505,NA,1.64420000000000,5.08820000000000,0.21940000000000,14.66530000000000,18.6716,NA,622623989421,1.6278,1.4084,0.2194,14.9907,1.0830,1.0830,0.0000,NA,0.0000,4.0063,NA,NA
q2rtx.exe,39492,0x177137A1C80,DXGI,0,512,1,Hardware: Independent Flip,Application,622624006275,NA,0.27700000000000,4.67220000000000,0.13600000000000,14.64430000000000,23.0668,NA,622624005699,0.1936,0.0576,0.1360,14.4459,0.2560,0.2560,0.0000,NA,0.0000,8.4225,NA,NA
q2rtx.exe,39492,0x177137A1C80,DXGI,0,512,1,Hardware: Independent Flip,Application,622624141040,14.4663,13.47650000000000,5.39340000000000,0.21330000000000,14.38690000000000,14.9837,NA,622624007635,13.5538,13.3405,0.2133,14.5083,13.2191,13.2120,0.0071,-0.6875,7043.7881,0.5968,NA,NA
q2rtx.exe,39492,0x177137A1C80,DXGI,0,512,1,Hardware: Independent Flip,Application,622624151585,NA,1.05450000000000,4.27040000000000,0.22650000000000,14.60860000000000,18.1996,NA,622624143173,1.0677,0.8412,0.2265,14.1736,1.2762,1.2762,0.0000,NA,0.0000,3.5910,NA,NA
q2rtx.exe,39492,0x177137A1C80,DXGI,0,512,1,Hardware: Independent Flip,Application,622624154448,NA,0.28630000000000,4.83990000000000,0.13670000000000,14.57880000000000,22.7532,NA,622624153850,0.1965,0.0598,0.1367,14.3821,0.2565,0.2565,0.0000,NA,0.0000,8.1744,NA,NA
q2rtx.exe,39492,0x177137A1C80,DXGI,0,512,1,Hardware: Independent Flip,Application,622624286596,13.8202,13.21480000000000,4.81370000000000,0.23930000000000,14.29660000000000,14.3521,NA,622624155815,13.3174,13.0781,0.2393,14.4421,12.9326,12.9263,0.0063,-0.1038,7057.6083,0.0555,NA,NA
q2rtx.exe,39492,0x177137A1C80,DXGI,0,512,1,Hardware: Independent Flip,Application,622624298914,NA,1.23180000000000,4.58990000000000,0.29350000000000,14.35910000000000,17.7102,NA,622624288989,1.2860,0.9925,0.2935,14.0573,1.2943,1.2943,0.0000,NA,0.0000,3.3511,NA,NA
q2rtx.exe,39492,0x177137A1C80,DXGI,0,512,1,Hardware: Independent Flip,Application,622624302444,NA,0.35300000000000,4.59510000000000,0.14040000000000,14.24650000000000,21.9523,NA,622624301849,0.1999,0.0595,0.1404,14.0656,0.2404,0.2404,0.0000,NA,0.0000,7.7058,NA,NA
q2rtx.exe,39492,0x177137A1C80,DXGI,0,512,1,Hardware: Independent Flip,Application,622624430973,15.5047,12.85290000000000,5.42180000000000,0.19890000000000,14.45580000000000,14.5212,NA,622624303848,12.9114,12.7125,0.1989,14.1061,13.0622,13.0537,0.0085,0.8979,7073.1130,0.0654,NA,NA
q2rtx.exe,39492,0x177137A1C80,DXGI,0,512,1,Hardware: Independent Flip,Application,622624443800,NA,1.28270000000000,4.79490000000000,0.23060000000000,14.49520000000000,18.0334,NA,622624432962,1.3144,1.0838,0.2306,14.2569,1.3221,1.3221,0.0000,NA,0.0000,3.5382,NA,NA
q2rtx.exe,39492,0x177137A1C80,DXGI,0,512,1,Hardware: Independent Flip,Application,622624446840,NA,0.30400000000000,4.83190000000000,0.13970000000000,14.43290000000000,22.5613,NA,622624446106,0.2131,0.0734,0.1397,14.2646,0.2417,0.2417,0.0000,NA,0.0000,8.1284,NA,NA
q2rtx.exe,39492,0x177137A1C80,DXGI,0,512,1,Hardware: Independent Flip,Application,622624576984,14.7453,13.01440000000000,5.66150000000000,0.22270000000000,14.84140000000000,15.2084,NA,622624448237,13.0974,12.8747,0.2227,14.2932,13.4229,13.3709,0.0520,-0.5430,7087.8583,0.3670,NA,NA
q2rtx.exe,39492,0x177137A1C80,DXGI,0,512,1,Hardware: Independent Flip,Application,622624590066,NA,1.30820000000000,4.61670000000000,0.22680000000000,14.87250000000000,18.5169,NA,622624579211,1.3123,1.0855,0.2268,14.6187,1.3393,1.3393,0.0000,NA,0.0000,3.6444,NA,NA
q2rtx.exe,39492,0x177137A1C80,DXGI,0,512,1,Hardware: Independent Flip,Application,622624592950,NA,0.28840000000000,4.95640000000000,0.13690000000000,14.82650000000000,23.1849,NA,622624592334,0.1985,0.0616,0.1369,14.6457,0.2424,0.2424,0.0000,NA,0.0000,8.3584,NA,NA
q2rtx.exe,39492,0x177137A1C80,DXGI,0,512,1,Hardware: Independent Flip,Application,622624727106,14.6757,13.41560000000000,4.89870000000000,0.22540000000000,14.51090000000000,14.6680,NA,622624594319,13.5041,13.2787,0.2254,14.6896,13.1000,13.0948,0.0052,0.2039,7102.5340,0.1571,NA,NA
q2rtx.exe,39492,0x177137A1C80,DXGI,0,512,1,Hardware: Independent Flip,Application,622624740102,NA,1.29960000000000,4.62440000000000,0.22830000000000,14.56780000000000,17.9928,NA,622624729360,1.3025,1.0742,0.2283,14.2855,1.3565,1.3565,0.0000,NA,0.0000,3.4250,NA,NA
q2rtx.exe,39492,0x177137A1C80,DXGI,0,512,1,Hardware: Independent Flip,Application,622624742997,NA,0.28950000000000,4.74880000000000,0.13630000000000,14.52020000000000,22.4521,NA,622624742385,0.1975,0.0612,0.1363,14.3395,0.2419,0.2419,0.0000,NA,0.0000,7.9319,NA,NA
q2rtx.exe,39492,0x177137A1C80,DXGI,0,512,1,Hardware: Independent Flip,Application,622624874173,14.9301,13.11760000000000,4.79150000000000,0.20990000000000,14.12500000000000,14.1260,NA,622624744360,13.1912,12.9813,0.2099,14.3839,12.7224,12.7224,0.0000,0.7654,7117.4641,0.0010,NA,NA
q2rtx.exe,39492,0x177137A1C80,DXGI,0,512,1,Hardware: Independent Flip,Application,622624887209,NA,1.30360000000000,4.85290000000000,0.21920000000000,14.18960000000000,17.6753,NA,622624876272,1.3129,1.0937,0.2192,13.9151,1.3682,1.3682,0.0000,NA,0.0000,3.4857,NA,NA
q2rtx.exe,39492,0x177137A1C80,DXGI,0,512,1,Hardware: Independent Flip,Application,622624890031,NA,0.28220000000000,4.58430000000000,0.13580000000000,14.14950000000000,21.9774,NA,622624889401,0.1988,0.0630,0.1358,13.9704,0.2421,0.2421,0.0000,NA,0.0000,7.8279,NA,NA
q2rtx.exe,39492,0x177137A1C80,DXGI,0,0,1,Hardware: Independent Flip,Application,622625017639,15.2261,12.76080000000000,NA,0.21050000000000,22.94810000000000,NA,NA,622624891389,12.8355,12.6250,0.2105,14.0137,21.5594,21.5462,0.0132,NA,NA,NA,NA,NA
q2rtx.exe,39492,0x177137A1C80,DXGI,0,0,1,Hardware: Independent Flip,Application,622625143689,14.9187,12.60500000000000,17.75670000000000,0.20930000000000,11.31300000000000,14.3683,NA,622625019744,12.6038,12.3945,0.2093,22.7376,0.9699,0.9385,0.0314,2.9509,7147.6089,NA,NA,NA
q2rtx.exe,39492,0x177137A1C80,DXGI,0,0,1,Hardware: Independent Flip,Application,622625289317,14.4167,14.56280000000000,21.62640000000000,0.25950000000000,10.90180000000000,21.4319,NA,622625145782,14.6130,14.3535,0.2595,11.1037,14.1516,12.0796,2.0720,-7.2097,7162.0256,NA,NA,NA
q2rtx.exe,39492,0x177137A1C80,DXGI,0,0,1,Hardware: Independent Flip,Application,622625402357,10.9377,11.30400000000000,13.62910000000000,0.20650000000000,21.68960000000000,23.7570,NA,622625291912,11.2510,11.0445,0.2065,10.6423,22.0918,22.0786,0.0132,-2.6914,7172.9633,NA,NA,NA
q2rtx.exe,39492,0x177137A1C80,DXGI,0,0,1,Hardware: Independent Flip,Application,622625514365,11.1913,11.20080000000000,2.75690000000000,0.24000000000000,11.43490000000000,15.3131,NA,622625404422,11.2343,10.9943,0.2400,21.4831,0.9461,0.9382,0.0079,8.4344,7184.1546,NA,NA,NA
q2rtx.exe,39492,0x177137A1C80,DXGI,0,0,1,Hardware: Independent Flip,Application,622625619518,11.1495,10.51530000000000,7.80240000000000,0.22880000000000,11.92080000000000,12.6002,NA,622625516765,10.5041,10.2753,0.2288,11.1949,11.0012,10.9895,0.0117,3.3471,7195.3041,NA,NA,NA
q2rtx.exe,39492,0x177137A1C80,DXGI,0,0,1,Hardware: Independent Flip,Application,622625743231,11.9617,12.37130000000000,11.33740000000000,0.22310000000000,11.55710000000000,11.5663,NA,622625621806,12.3656,12.1425,0.2231,11.6920,12.0076,11.9924,0.0152,0.6243,7207.2658,NA,NA,NA
q2rtx.exe,39492,0x177137A1C80,DXGI,0,0,1,Hardware: Independent Flip,Application,622625855112,10.6260,11.18810000000000,21.86570000000000,0.44920000000000,21.40110000000000,22.2439,NA,622625745462,11.4142,10.9650,0.4492,11.3340,21.0321,21.0218,0.0103,-11.2397,7217.8918,NA,NA,NA
q2rtx.exe,39492,0x177137A1C80,DXGI,0,0,1,Hardware: Independent Flip,Application,622625961544,10.6252,10.64320000000000,6.87160000000000,0.20630000000000,11.73990000000000,18.4723,NA,622625859604,10.4003,10.1940,0.2063,20.9519,0.9820,0.9737,0.0083,3.7536,7228.5170,NA,NA,NA
q2rtx.exe,39492,0x177137A1C80,DXGI,0,0,1,Hardware: Independent Flip,Application,622626070008,11.7596,10.84640000000000,15.20140000000000,0.20600000000000,21.65790000000000,22.8273,NA,622625963607,10.8461,10.6401,0.2060,11.5336,20.7644,20.7517,0.0127,-3.4418,7240.2766,NA,NA,NA
q2rtx.exe,39492,0x177137A1C80,DXGI,0,0,1,Hardware: Independent Flip,Application,622626183110,10.7501,11.31020000000000,2.36000000000000,0.20120000000000,11.29940000000000,13.8771,NA,622626072068,11.3054,11.1042,0.2012,21.4519,0.9517,0.9450,0.0067,8.3901,7251.0267,NA,NA,NA
q2rtx.exe,39492,0x177137A1C80,DXGI,0,0,1,Hardware: Independent Flip,Application,622626285955,10.6247,10.28450000000000,27.65120000000000,0.28210000000000,21.95790000000000,31.2438,NA,622626185122,10.3654,10.0833,0.2821,11.0982,20.9430,20.9299,0.0131,-17.0265,7261.6514,NA,NA,NA
q2rtx.exe,39492,0x177137A1C80,DXGI,0,0,1,Hardware: Independent Flip,Application,622626399740,10.5611,11.37850000000000,2.77710000000000,0.22700000000000,11.89450000000000,22.6424,NA,622626288776,11.3234,11.0964,0.2270,21.6758,1.3151,1.3072,0.0079,7.7840,7272.2125,NA,NA,NA
q2rtx.exe,39492,0x177137A1C80,DXGI,0,0,1,Hardware: Independent Flip,Application,622626504832,10.4737,10.50920000000000,10.86130000000000,0.28000000000000,22.10020000000000,22.9945,NA,622626402010,10.5622,10.2822,0.2800,11.6675,20.7149,20.7011,0.0138,-0.3876,7282.6862,NA,NA,NA
q2rtx.exe,39492,0x177137A1C80,DXGI,0,0,1,Hardware: Independent Flip,Application,622626621555,10.5869,11.67230000000000,6.83460000000000,0.22310000000000,13.68530000000000,18.1568,NA,622626507632,11.6154,11.3923,0.2231,21.8202,3.2574,3.2497,0.0077,3.7523,7293.2731,NA,NA,NA
q2rtx.exe,39492,0x177137A1C80,DXGI,0,0,1,Hardware: Independent Flip,Application,622626724762,10.5398,10.32070000000000,5.96620000000000,0.33850000000000,13.79320000000000,13.8023,NA,622626623786,10.4361,10.0976,0.3385,13.4622,10.4286,10.4129,0.0157,4.5736,7303.8129,NA,NA,NA
q2rtx.exe,39492,0x177137A1C80,DXGI,0,0,1,Hardware: Independent Flip,Application,622626858636,10.4335,13.38740000000000,10.69670000000000,0.22510000000000,11.10240000000000,11.1116,NA,622626728147,13.2740,13.0489,0.2251,13.4547,10.6966,10.6720,0.0246,-0.2632,7314.2464,NA,NA,NA
q2rtx.exe,39492,0x177137A1C80,DXGI,0,0,1,Hardware: Independent Flip,Application,622626965655,10.4191,10.70190000000000,11.72230000000000,0.50680000000000,12.12310000000000,12.1320,NA,622626860887,10.9836,10.4768,0.5068,10.8773,11.7226,11.7082,0.0144,-1.3032,7324.6655,NA,NA,NA
q2rtx.exe,39492,0x177137A1C80,DXGI,0,0,1,Hardware: Independent Flip,Application,622627082673,12.6005,11.70180000000000,21.72950000000000,0.24190000000000,21.04680000000000,22.1597,NA,622626970723,11.4369,11.1950,0.2419,11.6163,20.6255,20.6152,0.0103,-9.1290,7337.2660,NA,NA,NA
q2rtx.exe,39492,0x177137A1C80,DXGI,0,0,1,Hardware: Independent Flip,Application,622627188867,10.4294,10.61940000000000,2.40720000000000,0.21470000000000,11.58550000000000,13.9475,NA,622627085092,10.5922,10.3775,0.2147,20.8049,1.1581,1.1499,0.0082,8.0222,7347.6954,NA,NA,NA
q2rtx.exe,39492,0x177137A1C80,DXGI,0,0,1,Hardware: Independent Flip,Application,622627291886,11.3134,10.30190000000000,18.92050000000000,0.23260000000000,22.02320000000000,22.5661,NA,622627191014,10.3198,10.0872,0.2326,11.3708,20.7396,20.7286,0.0110,-7.6071,7359.0088,NA,NA,NA
q2rtx.exe,39492,0x177137A1C80,DXGI,0,0,1,Hardware: Independent Flip,Application,622627407471,10.4258,11.55850000000000,2.78310000000000,0.21560000000000,11.40020000000000,13.7907,NA,622627294212,11.5415,11.3259,0.2156,21.7906,0.9355,0.9279,0.0076,7.6427,7369.4346,NA,NA,NA
q2rtx.exe,39492,0x177137A1C80,DXGI,0,0,1,Hardware: Independent Flip,Application,622627510653,10.3348,10.31820000000000,18.91520000000000,0.24670000000000,21.97160000000000,22.3877,NA,622627409627,10.3493,10.1026,0.2467,11.1846,20.8896,20.8767,0.0129,-8.5804,7379.7694,NA,NA,NA
q2rtx.exe,39492,0x177137A1C80,DXGI,0,0,1,Hardware: Independent Flip,Application,622627624401,10.3671,11.37480000000000,7.24840000000000,0.24680000000000,11.64190000000000,18.2613,NA,622627513120,11.3749,11.1281,0.2468,21.7249,1.0451,1.0381,0.0070,3.1187,7390.1365,NA,NA,NA
q2rtx.exe,39492,0x177137A1C80,DXGI,0,0,1,Hardware: Independent Flip,Application,622627729273,10.3669,10.48720000000000,15.51150000000000,0.32000000000000,22.13130000000000,23.2856,NA,622627626869,10.5604,10.2404,0.3200,11.3951,20.9766,20.9650,0.0116,-5.1446,7400.5034,NA,NA,NA
q2rtx.exe,39492,0x177137A1C80,DXGI,0,0,1,Hardware: Independent Flip,Application,622627844361,10.4104,11.50880000000000,2.37810000000000,0.23500000000000,11.58070000000000,14.1549,NA,622627732473,11.4238,11.1888,0.2350,21.8113,0.9582,0.9508,0.0074,8.0323,7410.9138,NA,NA,NA
q2rtx.exe,39492,0x177137A1C80,DXGI,0,0,1,Hardware: Independent Flip,Application,622627949649,10.4645,10.52880000000000,16.53720000000000,0.35110000000000,11.90020000000000,20.1633,NA,622627846711,10.6449,10.2938,0.3511,11.3457,10.8483,10.8364,0.0119,-6.0727,7421.3783,NA,NA,NA
q2rtx.exe,39492,0x177137A1C80,DXGI,0,0,1,Hardware: Independent Flip,Application,622628063755,10.3913,11.41060000000000,5.55700000000000,0.25510000000000,12.46520000000000,14.3097,NA,622627953160,11.3146,11.0595,0.2551,11.5491,11.9756,11.9605,0.0151,4.8343,7431.7696,NA,NA,NA
q2rtx.exe,39492,0x177137A1C80,DXGI,0,0,1,Hardware: Independent Flip,Application,622628185773,10.4131,12.20180000000000,9.19700000000000,0.28580000000000,11.29740000000000,11.3049,NA,622628066306,12.2325,11.9467,0.2858,12.2101,11.0340,11.0229,0.0111,1.2161,7442.1827,NA,NA,NA
q2rtx.exe,39492,0x177137A1C80,DXGI,0,0,1,Hardware: Independent Flip,Application,622628293379,10.7781,10.76060000000000,11.70260000000000,0.21420000000000,12.23820000000000,12.2469,NA,622628188631,10.6890,10.4748,0.2142,11.0116,11.7014,11.6888,0.0126,-0.9245,7452.9608,NA,NA,NA
q2rtx.exe,39492,0x177137A1C80,DXGI,0,0,1,Hardware: Independent Flip,Application,622628412072,11.9676,11.86930000000000,21.88920000000000,0.22600000000000,21.14170000000000,22.2668,NA,622628295521,11.8811,11.6551,0.2260,12.0240,20.7728,20.7622,0.0106,-9.9216,7464.9284,NA,NA,NA
q2rtx.exe,39492,0x177137A1C80,DXGI,0,0,1,Hardware: Independent Flip,Application,622628518147,11.5054,10.60750000000000,6.56340000000000,0.32560000000000,11.87010000000000,18.2227,NA,622628414332,10.7071,10.3815,0.3256,20.9157,1.3359,1.3263,0.0096,4.9420,7476.4338,NA,NA,NA
q2rtx.exe,39492,0x177137A1C80,DXGI,0,0,1,Hardware: Independent Flip,Application,622628622289,11.2593,10.41420000000000,15.62790000000000,0.22780000000000,22.43110000000000,23.4364,NA,622628521403,10.3164,10.0886,0.2278,11.5445,20.9752,20.9632,0.0120,-4.3686,7487.6931,NA,NA,NA
q2rtx.exe,39492,0x177137A1C80,DXGI,0,0,1,Hardware: Independent Flip,Application,622628741388,11.2606,11.90990000000000,2.38240000000000,0.23560000000000,11.50280000000000,13.9089,NA,622628624567,11.9177,11.6821,0.2356,22.2033,0.9816,0.9736,0.0080,8.8782,7498.9537,NA,NA,NA
q2rtx.exe,39492,0x177137A1C80,DXGI,0,0,1,Hardware: Independent Flip,Application,622628844896,10.4969,10.35080000000000,18.89280000000000,0.26730000000000,22.08350000000000,22.4509,NA,622628743744,10.3825,10.1152,0.2673,11.2672,20.9315,20.9200,0.0115,-8.3959,7509.4506,NA,NA,NA
q2rtx.exe,39492,0x177137A1C80,DXGI,0,0,1,Hardware: Independent Flip,Application,622628959774,10.7729,11.48780000000000,7.32660000000000,0.22810000000000,11.53580000000000,18.2897,NA,622628847569,11.4486,11.2205,0.2281,21.8162,0.9401,0.9320,0.0081,3.4463,7520.2235,NA,NA,NA
q2rtx.exe,39492,0x177137A1C80,DXGI,0,0,1,Hardware: Independent Flip,Application,622629064065,11.8191,10.42910000000000,15.17710000000000,0.32280000000000,21.91970000000000,23.0377,NA,622628962055,10.5238,10.2010,0.3228,11.3077,20.8130,20.8005,0.0125,-3.3580,7532.0426,NA,NA,NA
q2rtx.exe,39492,0x177137A1C80,DXGI,0,0,1,Hardware: Independent Flip,Application,622629178979,10.3206,11.49140000000000,6.51860000000000,0.22100000000000,11.74000000000000,18.0649,NA,622629067293,11.3896,11.1686,0.2210,21.5969,1.3117,1.3036,0.0081,3.8020,7542.3632,NA,NA,NA
q2rtx.exe,39492,0x177137A1C80,DXGI,0,0,1,Hardware: Independent Flip,Application,622629282221,11.7231,10.32420000000000,15.50870000000000,0.20830000000000,22.19110000000000,23.2494,NA,622629181189,10.3115,10.1032,0.2083,11.5190,20.7753,20.7639,0.0114,-3.7856,7554.0863,NA,NA,NA
q2rtx.exe,39492,0x177137A1C80,DXGI,0,0,1,Hardware: Independent Flip,Application,622629398808,10.2253,11.65870000000000,6.58680000000000,0.21700000000000,11.84090000000000,18.1775,NA,622629284304,11.6674,11.4504,0.2170,21.9828,1.3085,1.3003,0.0082,3.6385,7564.3116,NA,NA,NA
q2rtx.exe,39492,0x177137A1C80,DXGI,0,0,1,Hardware: Independent Flip,Application,622629502432,11.1952,10.36240000000000,15.49080000000000,0.23320000000000,22.25110000000000,23.3059,NA,622629400978,10.3786,10.1454,0.2332,11.6239,20.7726,20.7620,0.0106,-4.2956,7575.5068,NA,NA,NA
q2rtx.exe,39492,0x177137A1C80,DXGI,0,0,1,Hardware: Independent Flip,Application,622629620673,10.4924,11.82410000000000,6.58350000000000,0.26280000000000,11.73350000000000,18.0653,NA,622629504764,11.8537,11.5909,0.2628,22.0179,1.3065,1.2992,0.0073,3.9089,7585.9992,NA,NA,NA
q2rtx.exe,39492,0x177137A1C80,DXGI,0,0,1,Hardware: Independent Flip,Application,622629723574,11.4989,10.29010000000000,15.51550000000000,0.32250000000000,22.26090000000000,23.2907,NA,622629623301,10.3498,10.0273,0.3225,11.4707,20.8175,20.8035,0.0140,-4.0166,7597.4981,NA,NA,NA
q2rtx.exe,39492,0x177137A1C80,DXGI,0,0,1,Hardware: Independent Flip,Application,622629841881,10.5178,11.83070000000000,6.61090000000000,0.37520000000000,13.33540000000000,18.0709,NA,622629726799,11.8834,11.5082,0.3752,21.9384,2.9052,2.9052,0.0000,3.9069,7608.0159,NA,NA,NA
q2rtx.exe,39492,0x177137A1C80,DXGI,0,0,1,Hardware: Independent Flip,Application,622629945373,10.3087,10.34920000000000,5.23660000000000,0.28860000000000,12.94900000000000,12.9583,NA,622629845633,10.2626,9.9740,0.2886,12.9602,9.9628,9.9488,0.0140,5.0721,7618.3246,NA,NA,NA
q2rtx.exe,39492,0x177137A1C80,DXGI,0,0,1,Hardware: Independent Flip,Application,622630071125,10.4702,12.57520000000000,21.40390000000000,0.24260000000000,21.09450000000000,21.7870,NA,622629948259,12.5292,12.2866,0.2426,12.6604,20.7207,20.7113,0.0094,-10.9337,7628.7948,NA,NA,NA
q2rtx.exe,39492,0x177137A1C80,DXGI,0,0,1,Hardware: Independent Flip,Application,622630176854,12.6846,10.57290000000000,6.94700000000000,0.19860000000000,11.45920000000000,18.1611,NA,622630073551,10.5289,10.3303,0.1986,20.8519,0.9376,0.9295,0.0081,5.7376,7641.4794,NA,NA,NA
q2rtx.exe,39492,0x177137A1C80,DXGI,0,0,1,Hardware: Independent Flip,Application,622630280235,11.5555,10.33810000000000,15.33380000000000,0.28030000000000,21.99380000000000,23.1568,NA,622630178840,10.4198,10.1395,0.2803,11.2606,20.8727,20.8616,0.0111,-3.7783,7653.0349,NA,NA,NA
q2rtx.exe,39492,0x177137A1C80,DXGI,0,0,1,Hardware: Independent Flip,Application,622630395156,11.9077,11.49210000000000,2.37130000000000,0.29090000000000,11.43240000000000,14.0360,NA,622630283038,11.5027,11.2118,0.2909,21.7135,0.9307,0.9231,0.0076,9.5364,7664.9426,NA,NA,NA
q2rtx.exe,39492,0x177137A1C80,DXGI,0,0,1,Hardware: Independent Flip,Application,622630498640,11.9148,10.34840000000000,27.63270000000000,0.32160000000000,21.88720000000000,31.3203,NA,622630398065,10.3791,10.0575,0.3216,11.1415,20.8032,20.7905,0.0127,-15.7179,7676.8574,NA,NA,NA
q2rtx.exe,39492,0x177137A1C80,DXGI,0,0,1,Hardware: Independent Flip,Application,622630612678,11.9102,11.40380000000000,2.76580000000000,0.18570000000000,11.81040000000000,22.6823,NA,622630501856,11.2679,11.0822,0.1857,21.5656,1.3270,1.3188,0.0082,9.1444,7688.7676,NA,NA,NA
q2rtx.exe,39492,0x177137A1C80,DXGI,0,0,1,Hardware: Independent Flip,Application,622630715683,10.1890,10.30050000000000,10.83830000000000,0.25500000000000,22.29730000000000,23.2201,NA,622630614535,10.3698,10.1148,0.2550,11.6247,20.7874,20.7740,0.0134,-0.6493,7698.9566,NA,NA,NA
q2rtx.exe,39492,0x177137A1C80,DXGI,0,0,1,Hardware: Independent Flip,Application,622630833524,10.1762,11.78410000000000,2.77560000000000,0.23200000000000,11.48150000000000,14.2116,NA,622630718233,11.7611,11.5291,0.2320,22.0423,0.9683,0.9613,0.0070,7.4006,7709.1328,NA,NA,NA
q2rtx.exe,39492,0x177137A1C80,DXGI,0,0,1,Hardware: Independent Flip,Application,622630937556,10.1717,10.40320000000000,18.92660000000000,0.20900000000000,21.86830000000000,22.7350,NA,622630835844,10.3802,10.1712,0.2090,11.2495,20.7900,20.7796,0.0104,-8.7549,7719.3045,NA,NA,NA
q2rtx.exe,39492,0x177137A1C80,DXGI,0,0,1,Hardware: Independent Flip,Application,622631051098,10.1451,11.35420000000000,2.78440000000000,0.25460000000000,11.46430000000000,14.1652,NA,622630939646,11.3998,11.1452,0.2546,21.6593,0.9502,0.9418,0.0084,7.3607,7729.4496,NA,NA,NA
q2rtx.exe,39492,0x177137A1C80,DXGI,0,0,1,Hardware: Independent Flip,Application,622631154709,11.1349,10.36110000000000,18.91190000000000,0.25930000000000,21.91510000000000,22.7160,NA,622631053644,10.3658,10.1065,0.2593,11.2097,20.8119,20.7991,0.0128,-7.7770,7740.5845,NA,NA,NA
q2rtx.exe,39492,0x177137A1C80,DXGI,0,0,1,Hardware: Independent Flip,Application,622631268868,10.5038,11.41590000000000,2.82270000000000,0.20410000000000,11.47710000000000,14.1228,NA,622631157302,11.3607,11.1566,0.2041,21.6558,0.9779,0.9703,0.0076,7.6811,7751.0883,NA,NA,NA
q2rtx.exe,39492,0x177137A1C80,DXGI,0,0,1,Hardware: Independent Flip,Application,622631371904,11.4988,10.30360000000000,18.87860000000000,0.24450000000000,22.00450000000000,22.6978,NA,622631270909,10.3440,10.0995,0.2445,11.2730,20.8310,20.8199,0.0111,-7.3798,7762.5871,NA,NA,NA
q2rtx.exe,39492,0x177137A1C80,DXGI,0,0,1,Hardware: Independent Flip,Application,622631485975,10.1238,11.40710000000000,2.81000000000000,0.22710000000000,11.53820000000000,14.1007,NA,622631374349,11.3897,11.1626,0.2271,21.7600,0.9408,0.9333,0.0075,7.3138,7772.7109,NA,NA,NA
q2rtx.exe,39492,0x177137A1C80,DXGI,0,0,1,Hardware: Independent Flip,Application,622631590212,10.1673,10.42370000000000,18.88660000000000,0.36540000000000,21.92980000000000,22.5636,NA,622631488246,10.5620,10.1966,0.3654,11.3111,20.8153,20.8048,0.0105,-8.7193,7782.8782,NA,NA,NA
q2rtx.exe,39492,0x177137A1C80,DXGI,0,0,1,Hardware: Independent Flip,Application,622631703365,10.3954,11.31530000000000,2.77380000000000,0.21840000000000,11.59130000000000,14.0221,NA,622631593866,11.1683,10.9499,0.2184,21.5644,0.9768,0.9684,0.0084,7.6216,7793.2736,NA,NA,NA
q2rtx.exe,39492,0x177137A1C80,DXGI,0,0,1,Hardware: Independent Flip,Application,622631809997,11.3734,10.66320000000000,18.91930000000000,0.30550000000000,21.68960000000000,22.2782,NA,622631705549,10.7503,10.4448,0.3055,11.3729,20.7615,20.7499,0.0116,-7.5459,7804.6470,NA,NA,NA
q2rtx.exe,39492,0x177137A1C80,DXGI,0,0,1,Hardware: Independent Flip,Application,622631922266,10.4673,11.22690000000000,2.79680000000000,0.21930000000000,11.41740000000000,13.8481,NA,622631813052,11.1407,10.9214,0.2193,21.3841,0.9547,0.9470,0.0077,7.6705,7815.1143,NA,NA,NA
q2rtx.exe,39492,0x177137A1C80,DXGI,0,0,1,Hardware: Independent Flip,Application,622632025478,11.3447,10.32120000000000,18.92680000000000,0.31350000000000,21.88400000000000,22.4537,NA,622631924459,10.4154,10.1019,0.3135,11.1981,20.7878,20.7768,0.0110,-7.5821,7826.4590,NA,NA,NA
q2rtx.exe,39492,0x177137A1C80,DXGI,0,0,1,Hardware: Independent Flip,Application,622632138253,10.3419,11.27750000000000,7.07980000000000,0.21360000000000,11.72640000000000,18.2560,NA,622632028613,11.1776,10.9640,0.2136,21.5705,1.1199,1.0667,0.0532,3.2621,7836.8009,NA,NA,NA
q2rtx.exe,39492,0x177137A1C80,DXGI,0,0,1,Hardware: Independent Flip,Application,622632242385,11.3618,10.41320000000000,15.32210000000000,0.24370000000000,21.99510000000000,23.1649,NA,622632140389,10.4433,10.1996,0.2437,11.5128,20.6819,20.6705,0.0114,-3.9603,7848.1627,NA,NA,NA
q2rtx.exe,39492,0x177137A1C80,DXGI,0,0,1,Hardware: Independent Flip,Application,622632357327,10.3517,11.49420000000000,2.36300000000000,0.20330000000000,11.45500000000000,14.0337,NA,622632244822,11.4538,11.2505,0.2033,21.7514,0.9541,0.9461,0.0080,7.9887,7858.5144,NA,NA,NA
q2rtx.exe,39492,0x177137A1C80,DXGI,0,0,1,Hardware: Independent Flip,Application,622632460913,11.4132,10.35860000000000,27.64540000000000,0.24260000000000,21.90940000000000,31.3205,NA,622632359360,10.3979,10.1553,0.2426,11.2517,20.8130,20.8024,0.0106,-16.2322,7869.9276,NA,NA,NA
q2rtx.exe,39492,0x177137A1C80,DXGI,0,0,1,Hardware: Independent Flip,Application,622632575629,10.3985,11.47160000000000,2.78100000000000,0.20850000000000,11.74900000000000,22.6299,NA,622632463339,11.4375,11.2290,0.2085,21.6668,1.3112,1.3035,0.0077,7.6175,7880.3261,NA,NA,NA
q2rtx.exe,39492,0x177137A1C80,DXGI,0,0,1,Hardware: Independent Flip,Application,622632678369,11.3905,10.27400000000000,10.83960000000000,0.23240000000000,22.29100000000000,23.1955,NA,622632577714,10.2979,10.0655,0.2324,11.5405,20.8160,20.8045,0.0115,0.5509,7891.7166,NA,NA,NA
q2rtx.exe,39492,0x177137A1C80,DXGI,0,0,1,Hardware: Independent Flip,Application,622632796113,10.3811,11.77440000000000,2.80550000000000,0.28060000000000,11.47300000000000,14.2266,NA,622632680693,11.8226,11.5420,0.2806,22.0586,0.9564,0.9472,0.0092,7.5756,7902.0977,NA,NA,NA
q2rtx.exe,39492,0x177137A1C80,DXGI,0,0,1,Hardware: Independent Flip,Application,622632899465,11.6884,10.33520000000000,18.89060000000000,0.24860000000000,21.94160000000000,22.7820,NA,622632798919,10.3032,10.0546,0.2486,11.1924,20.8038,20.7921,0.0117,-7.2022,7913.7861,NA,NA,NA
q2rtx.exe,39492,0x177137A1C80,DXGI,0,0,1,Hardware: Independent Flip,Application,622633014081,10.4335,11.46160000000000,2.77100000000000,0.21970000000000,11.42690000000000,14.0914,NA,622632901951,11.4327,11.2130,0.2197,21.6930,0.9469,0.9386,0.0083,7.6625,7924.2196,NA,NA,NA
q2rtx.exe,39492,0x177137A1C80,DXGI,0,0,1,Hardware: Independent Flip,Application,622633117280,11.3809,10.31990000000000,18.92450000000000,0.26070000000000,21.93350000000000,22.6960,NA,622633016278,10.3609,10.1002,0.2607,11.2072,20.8265,20.8160,0.0105,-7.5436,7935.6005,NA,NA,NA
q2rtx.exe,39492,0x177137A1C80,DXGI,0,0,1,Hardware: Independent Flip,Application,622633230888,10.4654,11.36080000000000,2.77420000000000,0.19540000000000,11.51580000000000,14.1094,NA,622633119887,11.2955,11.1001,0.1954,21.6728,0.9431,0.9348,0.0083,7.6912,7946.0659,NA,NA,NA
q2rtx.exe,39492,0x177137A1C80,DXGI,0,0,1,Hardware: Independent Flip,Application,622633334999,11.2677,10.41110000000000,18.93440000000000,0.25920000000000,21.89510000000000,22.6327,NA,622633232842,10.4749,10.2157,0.2592,11.3204,20.7904,20.7792,0.0112,-7.6667,7957.3336,NA,NA,NA
q2rtx.exe,39492,0x177137A1C80,DXGI,0,0,1,Hardware: Independent Flip,Application,622633449080,10.3972,11.40810000000000,2.76650000000000,0.20800000000000,11.42290000000000,13.9911,NA,622633337591,11.3569,11.1489,0.2080,21.6359,0.9359,0.9276,0.0083,7.6307,7967.7308,NA,NA,NA
q2rtx.exe,39492,0x177137A1C80,DXGI,0,0,1,Hardware: Independent Flip,Application,622633552583,11.3606,10.35030000000000,18.92440000000000,0.23290000000000,21.92150000000000,22.5652,NA,622633451160,10.3752,10.1423,0.2329,11.2149,20.8489,20.8363,0.0126,-7.5638,7979.0914,NA,NA,NA
q2rtx.exe,39492,0x177137A1C80,DXGI,0,0,1,Hardware: Independent Flip,Application,622633665716,10.4327,11.31330000000000,2.80530000000000,0.19780000000000,11.60530000000000,14.0572,NA,622633554912,11.2782,11.0804,0.1978,21.6886,0.9971,0.9882,0.0089,7.6274,7989.5241,NA,NA,NA
q2rtx.exe,39492,0x177137A1C80,DXGI,0,0,1,Hardware: Independent Flip,Application,622633770337,11.3769,10.46210000000000,18.88830000000000,0.24420000000000,22.07110000000000,22.4834,NA,622633667694,10.5085,10.2643,0.2442,11.4075,20.9279,20.9166,0.0113,-7.5114,8000.9010,NA,NA,NA
q2rtx.exe,39492,0x177137A1C80,DXGI,0,0,1,Hardware: Independent Flip,Application,622633885551,10.3609,11.52140000000000,7.27740000000000,0.18820000000000,11.47960000000000,18.2394,NA,622633772779,11.4654,11.2772,0.1882,21.8269,0.9299,0.9228,0.0071,3.0835,8011.2619,NA,NA,NA
q2rtx.exe,39492,0x177137A1C80,DXGI,0,0,1,Hardware: Independent Flip,Application,622633990163,11.4802,10.46120000000000,15.23620000000000,0.33390000000000,21.83720000000000,23.0144,NA,622633887433,10.6069,10.2730,0.3339,11.2914,20.8188,20.8076,0.0112,-3.7560,8022.7421,NA,NA,NA
q2rtx.exe,39492,0x177137A1C80,DXGI,0,0,1,Hardware: Independent Flip,Application,622634102513,10.5012,11.23500000000000,2.34750000000000,0.22390000000000,11.55310000000000,14.1269,NA,622633993502,11.1250,10.9011,0.2239,21.5033,0.9509,0.9420,0.0089,8.1537,8033.2433,NA,NA,NA
q2rtx.exe,39492,0x177137A1C80,DXGI,0,0,1,Hardware: Independent Flip,Application,622634207611,11.3748,10.50980000000000,27.68680000000000,0.31720000000000,21.92230000000000,31.3039,NA,622634104752,10.6031,10.2859,0.3172,11.3292,20.8790,20.8663,0.0127,-16.3120,8044.6181,NA,NA,NA
q2rtx.exe,39492,0x177137A1C80,DXGI,0,0,1,Hardware: Independent Flip,Application,622634321944,10.3148,11.43330000000000,2.74800000000000,0.25020000000000,11.80100000000000,22.6186,NA,622634210783,11.3663,11.1161,0.2502,21.6051,1.3120,1.3041,0.0079,7.5668,8054.9329,NA,NA,NA
q2rtx.exe,39492,0x177137A1C80,DXGI,0,0,1,Hardware: Independent Flip,Application,622634425799,11.6077,10.38550000000000,10.82980000000000,0.22050000000000,22.30980000000000,23.0629,NA,622634324446,10.3558,10.1353,0.2205,11.5508,20.8943,20.8813,0.0130,0.7779,8066.5406,NA,NA,NA
q2rtx.exe,39492,0x177137A1C80,DXGI,0,0,1,Hardware: Independent Flip,Application,622634544704,10.2471,11.89050000000000,2.77590000000000,0.25820000000000,11.36790000000000,13.9483,NA,622634428004,11.9282,11.6700,0.2582,22.0893,0.9486,0.9404,0.0082,7.4712,8076.7877,NA,NA,NA
q2rtx.exe,39492,0x177137A1C80,DXGI,0,0,1,Hardware: Independent Flip,Application,622634647413,11.7593,10.27090000000000,18.93730000000000,0.25350000000000,21.90370000000000,22.6147,NA,622634547286,10.2662,10.0127,0.2535,11.1097,20.8067,20.7959,0.0108,-7.1780,8088.5470,NA,NA,NA
q2rtx.exe,39492,0x177137A1C80,DXGI,0,0,1,Hardware: Independent Flip,Application,622634761200,10.4510,11.37870000000000,2.77520000000000,0.20710000000000,11.45640000000000,14.0112,NA,622634649948,11.3323,11.1252,0.2071,21.6502,0.9314,0.9234,0.0080,7.6758,8098.9980,NA,NA,NA
q2rtx.exe,39492,0x177137A1C80,DXGI,0,0,1,Hardware: Independent Flip,Application,622634864790,11.3380,10.35900000000000,18.91530000000000,0.30950000000000,21.87850000000000,22.5675,NA,622634763271,10.4614,10.1519,0.3095,11.2493,20.7811,20.7692,0.0119,-7.5773,8110.3360,NA,NA,NA
q2rtx.exe,39492,0x177137A1C80,DXGI,0,0,1,Hardware: Independent Flip,Application,622634978512,10.4308,11.37220000000000,2.77020000000000,0.22010000000000,11.45230000000000,13.9655,NA,622634867885,11.2828,11.0627,0.2201,21.5690,0.9460,0.9374,0.0086,7.6606,8120.7668,NA,NA,NA
q2rtx.exe,39492,0x177137A1C80,DXGI,0,0,1,Hardware: Independent Flip,Application,622635081868,11.2538,10.33560000000000,18.92140000000000,0.27970000000000,21.93750000000000,22.5513,NA,622634980713,10.3952,10.1155,0.2797,11.2322,20.8208,20.8065,0.0143,-7.6676,8132.0206,NA,NA,NA
q2rtx.exe,39492,0x177137A1C80,DXGI,0,0,1,Hardware: Independent Flip,Application,622635196340,10.5320,11.44720000000000,2.77800000000000,0.21490000000000,11.47550000000000,13.8821,NA,622635084665,11.3824,11.1675,0.2149,21.6578,0.9852,0.9767,0.0085,7.7540,8142.5526,NA,NA,NA
q2rtx.exe,39492,0x177137A1C80,DXGI,0,0,1,Hardware: Independent Flip,Application,622635299984,11.2574,10.36440000000000,18.93640000000000,0.22750000000000,21.87470000000000,22.4541,NA,622635198489,10.3770,10.1495,0.2275,11.2606,20.7636,20.7518,0.0118,-7.6790,8153.8100,NA,NA,NA
q2rtx.exe,39492,0x177137A1C80,DXGI,0,0,1,Hardware: Independent Flip,Application,622635414033,10.4018,11.40490000000000,7.07790000000000,0.22690000000000,11.58880000000000,18.1271,NA,622635302259,11.4043,11.1774,0.2269,21.6472,1.1190,1.1117,0.0073,3.3239,8164.2118,NA,NA,NA
q2rtx.exe,39492,0x177137A1C80,DXGI,0,0,1,Hardware: Independent Flip,Application,622635517069,11.3487,10.30360000000000,15.56050000000000,0.27480000000000,22.24540000000000,23.3840,NA,622635416302,10.3515,10.0767,0.2748,11.3619,20.9602,20.9490,0.0112,-4.2118,8175.5605,NA,NA,NA
q2rtx.exe,39492,0x177137A1C80,DXGI,0,0,1,Hardware: Independent Flip,Application,622635634181,10.3983,11.71120000000000,2.37870000000000,0.25030000000000,11.47080000000000,14.0515,NA,622635519817,11.6867,11.4364,0.2503,21.9706,0.9366,0.9283,0.0083,8.0196,8185.9588,NA,NA,NA
q2rtx.exe,39492,0x177137A1C80,DXGI,0,0,1,Hardware: Independent Flip,Application,622635737818,11.6451,10.36370000000000,27.65660000000000,0.23630000000000,21.92920000000000,31.3444,NA,622635636684,10.3497,10.1134,0.2363,11.2205,20.8221,20.8102,0.0119,-16.0115,8197.6039,NA,NA,NA
q2rtx.exe,39492,0x177137A1C80,DXGI,0,0,1,Hardware: Independent Flip,Application,622635851792,10.4356,11.39740000000000,2.76780000000000,0.22090000000000,11.86890000000000,22.7148,NA,622635740181,11.3820,11.1611,0.2209,21.6929,1.3371,1.3285,0.0086,7.6678,8208.0395,NA,NA,NA
q2rtx.exe,39492,0x177137A1C80,DXGI,0,0,1,Hardware: Independent Flip,Application,622635955805,11.3636,10.40130000000000,10.89370000000000,0.28720000000000,22.20540000000000,23.2072,NA,622635854001,10.4676,10.1804,0.2872,11.6480,20.7378,20.7261,0.0117,0.4699,8219.4031,NA,NA,NA
q2rtx.exe,39492,0x177137A1C80,DXGI,0,0,1,Hardware: Independent Flip,Application,622636073894,10.4084,11.80890000000000,2.72030000000000,0.21450000000000,11.38310000000000,14.1186,NA,622635958677,11.7362,11.5217,0.2145,21.9182,0.9866,0.9780,0.0086,7.6881,8229.8115,NA,NA,NA
q2rtx.exe,39492,0x177137A1C80,DXGI,0,0,1,Hardware: Independent Flip,Application,622636176422,11.9037,10.25280000000000,18.92780000000000,0.25320000000000,21.92500000000000,22.7936,NA,622636076039,10.2915,10.0383,0.2532,11.1686,20.7947,20.7832,0.0115,-7.0241,8241.7152,NA,NA,NA
q2rtx.exe,39492,0x177137A1C80,DXGI,0,0,1,Hardware: Independent Flip,Application,622636290749,10.1751,11.43270000000000,2.80390000000000,0.21440000000000,11.44740000000000,14.1648,NA,622636178954,11.3939,11.1795,0.2144,21.6718,0.9551,0.9471,0.0080,7.3712,8251.8903,NA,NA,NA
q2rtx.exe,39492,0x177137A1C80,DXGI,0,0,1,Hardware: Independent Flip,Application,622636394233,11.3926,10.34840000000000,18.88920000000000,0.24990000000000,21.94350000000000,22.7056,NA,622636292893,10.3839,10.1340,0.2499,11.2330,20.8445,20.8309,0.0136,-7.4966,8263.2829,NA,NA,NA
q2rtx.exe,39492,0x177137A1C80,DXGI,0,0,1,Hardware: Independent Flip,Application,622636508691,10.3745,11.44580000000000,2.77310000000000,0.22660000000000,11.43400000000000,14.0329,NA,622636396732,11.4225,11.1959,0.2266,21.6936,0.9363,0.9278,0.0085,7.6014,8273.6574,NA,NA,NA
q2rtx.exe,39492,0x177137A1C80,DXGI,0,0,1,Hardware: Independent Flip,Application,622636614278,11.4691,10.55870000000000,18.93790000000000,0.20740000000000,21.84670000000000,22.4121,NA,622636510957,10.5395,10.3321,0.2074,11.2074,20.9714,20.9601,0.0113,-7.4688,8285.1265,NA,NA,NA
q2rtx.exe,39492,0x177137A1C80,DXGI,0,0,1,Hardware: Independent Flip,Application,622636726686,10.4165,11.24080000000000,2.76900000000000,0.37120000000000,11.55380000000000,13.9403,NA,622636616352,11.4046,11.0334,0.3712,21.6393,0.9479,0.9394,0.0085,7.6475,8295.5430,NA,NA,NA
q2rtx.exe,39492,0x177137A1C80,DXGI,0,0,1,Hardware: Independent Flip,Application,622636831543,11.2937,10.48570000000000,18.91960000000000,0.22210000000000,22.13890000000000,22.3742,NA,622636730398,10.3366,10.1145,0.2221,11.1826,21.0708,21.0605,0.0103,-7.6259,8306.8367,NA,NA,NA
q2rtx.exe,39492,0x177137A1C80,DXGI,0,0,1,Hardware: Independent Flip,Application,622636946628,10.5947,11.50850000000000,7.50370000000000,0.20440000000000,11.57750000000000,18.3694,NA,622636833764,11.4908,11.2864,0.2044,21.9168,0.9471,0.9396,0.0075,3.0910,8317.4314,NA,NA,NA
q2rtx.exe,39492,0x177137A1C80,DXGI,0,0,1,Hardware: Independent Flip,Application,622637053612,11.4379,10.69840000000000,15.42070000000000,0.39410000000000,21.99060000000000,23.0917,NA,622636948672,10.8881,10.4940,0.3941,11.3731,21.1115,21.0995,0.0120,-3.9828,8328.8693,NA,NA,NA
q2rtx.exe,39492,0x177137A1C80,DXGI,0,0,1,Hardware: Independent Flip,Application,622637167000,10.6614,11.33880000000000,6.60860000000000,0.26710000000000,11.96470000000000,18.3615,NA,622637057553,11.2118,10.9447,0.2671,21.5965,1.3129,1.3045,0.0084,4.0528,8339.5307,NA,NA,NA
q2rtx.exe,39492,0x177137A1C80,DXGI,0,0,1,Hardware: Independent Flip,Application,622637272444,11.3391,10.54440000000000,15.56660000000000,0.32310000000000,22.38540000000000,23.3837,NA,622637169671,10.6004,10.2773,0.3231,11.6976,20.9651,20.9538,0.0113,-4.2275,8350.8698,NA,NA,NA
q2rtx.exe,39492,0x177137A1C80,DXGI,0,0,1,Hardware: Independent Flip,Application,622637390771,10.6456,11.83270000000000,2.40820000000000,0.21440000000000,11.49340000000000,13.9592,NA,622637275675,11.7240,11.5096,0.2144,22.0623,0.9407,0.9329,0.0078,8.2374,8361.5154,NA,NA,NA
q2rtx.exe,39492,0x177137A1C80,DXGI,0,0,1,Hardware: Independent Flip,Application,622637495082,11.7533,10.43110000000000,27.75470000000000,0.35320000000000,21.97650000000000,31.2828,NA,622637392915,10.5699,10.2167,0.3532,11.2790,20.9142,20.9031,0.0111,-16.0014,8373.2687,NA,NA,NA
q2rtx.exe,39492,0x177137A1C80,DXGI,0,0,1,Hardware: Independent Flip,Application,622637610235,10.4438,11.51530000000000,2.77910000000000,0.22170000000000,11.38680000000000,22.5466,NA,622637498614,11.3838,11.1621,0.2217,21.6233,0.9256,0.9172,0.0084,7.6647,8383.7125,NA,NA,NA
q2rtx.exe,39492,0x177137A1C80,DXGI,0,0,1,Hardware: Independent Flip,Application,622637713666,11.5050,10.34310000000000,10.83020000000000,0.24140000000000,22.23740000000000,23.0337,NA,622637612452,10.3628,10.1214,0.2414,11.1651,21.1937,21.1791,0.0146,0.6748,8395.2175,NA,NA,NA
q2rtx.exe,39492,0x177137A1C80,DXGI,0,0,1,Hardware: Independent Flip,Application,622637829442,10.3868,11.57760000000000,2.77600000000000,0.27710000000000,11.61410000000000,14.2321,NA,622637716080,11.6133,11.3362,0.2771,21.9960,0.9543,0.9462,0.0081,7.6108,8405.6043,NA,NA,NA
q2rtx.exe,39492,0x177137A1C80,DXGI,0,0,1,Hardware: Independent Flip,Application,622637935124,11.4703,10.56820000000000,18.93830000000000,0.21540000000000,22.13750000000000,22.6022,NA,622637832213,10.5065,10.2911,0.2154,11.3370,21.0916,21.0794,0.0122,-7.4680,8417.0746,NA,NA,NA
q2rtx.exe,39492,0x177137A1C80,DXGI,0,0,1,Hardware: Independent Flip,Application,622638050189,10.6072,11.50650000000000,7.25030000000000,0.27200000000000,11.59310000000000,18.3460,NA,622637937278,11.5631,11.2911,0.2720,21.9221,0.9621,0.9540,0.0081,3.3569,8427.6818,NA,NA,NA
q2rtx.exe,39492,0x177137A1C80,DXGI,0,0,1,Hardware: Independent Flip,Application,622638155578,11.6419,10.53890000000000,15.46730000000000,0.29660000000000,22.10000000000000,23.2744,NA,622638052909,10.5635,10.2669,0.2966,11.3211,21.0458,21.0346,0.0112,-3.8254,8439.3237,NA,NA,NA
q2rtx.exe,39492,0x177137A1C80,DXGI,0,0,1,Hardware: Independent Flip,Application,622638270285,10.4897,11.47070000000000,2.36430000000000,0.21000000000000,11.57070000000000,14.1680,NA,622638158544,11.3841,11.1741,0.2100,21.8034,0.9414,0.9337,0.0077,8.1254,8449.8134,NA,NA,NA
q2rtx.exe,39492,0x177137A1C80,DXGI,0,0,1,Hardware: Independent Flip,Application,622638375242,11.4238,10.49570000000000,27.64930000000000,0.36870000000000,22.04170000000000,31.3216,NA,622638272385,10.6544,10.2857,0.3687,11.3607,20.9667,20.9539,0.0128,-16.2255,8461.2372,NA,NA,NA
q2rtx.exe,39492,0x177137A1C80,DXGI,0,0,1,Hardware: Independent Flip,Application,622638489560,10.5113,11.43180000000000,2.74840000000000,0.28150000000000,11.93390000000000,22.6382,NA,622638378929,11.3446,11.0631,0.2815,21.6730,1.3240,1.3159,0.0081,7.7629,8471.7485,NA,NA,NA
q2rtx.exe,39492,0x177137A1C80,DXGI,0,0,1,Hardware: Independent Flip,Application,622638594452,11.4157,10.48920000000000,10.83530000000000,0.33160000000000,22.33560000000000,22.9843,NA,622638492375,10.5393,10.2077,0.3316,11.6524,20.8909,20.8791,0.0118,0.5804,8483.1642,NA,NA,NA
q2rtx.exe,39492,0x177137A1C80,DXGI,0,0,1,Hardware: Independent Flip,Application,622638712445,10.4904,11.79930000000000,7.00930000000000,0.37070000000000,13.80560000000000,18.1943,NA,622638597768,11.8384,11.4677,0.3707,22.0040,3.2693,3.2628,0.0065,3.4811,8493.6546,NA,NA,NA
q2rtx.exe,39492,0x177137A1C80,DXGI,0,0,1,Hardware: Independent Flip,Application,622638816540,11.7867,10.40950000000000,6.07150000000000,0.23060000000000,13.84720000000000,13.8563,NA,622638716152,10.2694,10.0388,0.2306,13.4349,10.4511,10.4366,0.0145,5.7152,8505.4413,NA,NA,NA
q2rtx.exe,39492,0x177137A1C80,DXGI,0,0,1,Hardware: Independent Flip,Application,622638951836,10.4327,13.52960000000000,21.78620000000000,0.34130000000000,21.34970000000000,22.1129,NA,622638818846,13.6403,13.2990,0.3413,13.6166,21.0321,21.0213,0.0108,-11.3535,8515.8740,NA,NA,NA
q2rtx.exe,39492,0x177137A1C80,DXGI,0,0,1,Hardware: Independent Flip,Application,622639058407,13.4741,10.65710000000000,6.94210000000000,0.22300000000000,11.80930000000000,18.3979,NA,622638955249,10.5388,10.3158,0.2230,21.0084,1.1167,1.1059,0.0108,6.5320,8529.3481,NA,NA,NA
q2rtx.exe,39492,0x177137A1C80,DXGI,0,0,1,Hardware: Independent Flip,Application,622639164809,10.8401,10.64020000000000,15.51890000000000,0.25750000000000,22.12310000000000,23.2766,NA,622639060637,10.6747,10.4172,0.2575,11.5863,20.9540,20.9426,0.0114,-4.6788,8540.1882,NA,NA,NA
q2rtx.exe,39492,0x177137A1C80,DXGI,0,0,1,Hardware: Independent Flip,Application,622639280191,10.4587,11.53820000000000,2.35560000000000,0.23600000000000,11.52410000000000,14.0940,NA,622639167384,11.5167,11.2807,0.2360,21.8656,0.9392,0.9305,0.0087,8.1031,8550.6469,NA,NA,NA
q2rtx.exe,39492,0x177137A1C80,DXGI,0,0,1,Hardware: Independent Flip,Application,622639384841,11.5500,10.46500000000000,27.67610000000000,0.22790000000000,21.96180000000000,31.3051,NA,622639282551,10.4569,10.2290,0.2279,11.2881,20.9027,20.8897,0.0130,-16.1261,8562.1969,NA,NA,NA
q2rtx.exe,39492,0x177137A1C80,DXGI,0,0,1,Hardware: Independent Flip,Application,622639500265,10.5095,11.54240000000000,2.77520000000000,0.22030000000000,13.71010000000000,22.5379,NA,622639387120,11.5348,11.3145,0.2203,21.7339,3.2907,3.2835,0.0072,7.7343,8572.7064,NA,NA,NA
q2rtx.exe,39492,0x177137A1C80,DXGI,0,0,1,Hardware: Independent Flip,Application,622639603794,11.4320,10.35290000000000,2.74430000000000,0.22840000000000,12.96340000000000,14.9293,NA,622639502468,10.3610,10.1326,0.2284,13.4898,9.6062,9.5917,0.0145,8.6877,8584.1384,NA,NA,NA
q2rtx.exe,39492,0x177137A1C80,DXGI,0,0,1,Hardware: Independent Flip,Application,622639732639,10.4636,12.88450000000000,21.70210000000000,0.35900000000000,21.36020000000000,23.7469,NA,622639606078,13.0151,12.6561,0.3590,12.7350,21.2813,21.2707,0.0106,-11.2385,8594.6020,NA,NA,NA
q2rtx.exe,39492,0x177137A1C80,DXGI,0,0,1,Hardware: Independent Flip,Application,622639839976,12.6215,10.73370000000000,2.97830000000000,0.21960000000000,11.55400000000000,15.9915,NA,622639736229,10.5943,10.3747,0.2196,21.0012,0.9275,0.9195,0.0080,9.6432,8607.2235,NA,NA,NA
q2rtx.exe,39492,0x177137A1C80,DXGI,0,0,1,Hardware: Independent Flip,Application,622639946517,12.3727,10.65410000000000,27.04820000000000,0.20750000000000,22.02830000000000,32.3856,NA,622639842172,10.6420,10.4345,0.2075,11.3344,21.1284,21.1144,0.0140,-14.6755,8619.5962,NA,NA,NA
q2rtx.exe,39492,0x177137A1C80,DXGI,0,0,1,Hardware: Independent Flip,Application,622640061130,10.5060,11.46130000000000,2.77190000000000,0.21520000000000,11.88440000000000,23.6962,NA,622639948592,11.4690,11.2538,0.2152,21.8208,1.3174,1.3093,0.0081,7.7341,8630.1022,NA,NA,NA
q2rtx.exe,39492,0x177137A1C80,DXGI,0,0,1,Hardware: Independent Flip,Application,622640165777,10.2215,10.46470000000000,10.83340000000000,0.21680000000000,22.48100000000000,24.0649,NA,622640063282,10.4663,10.2495,0.2168,11.6692,21.0613,21.0490,0.0123,-0.6119,8640.3237,NA,NA,NA
q2rtx.exe,39492,0x177137A1C80,DXGI,0,0,1,Hardware: Independent Flip,Application,622640284711,10.5309,11.89340000000000,2.78370000000000,0.23940000000000,11.52630000000000,14.9552,NA,622640167945,11.9160,11.6766,0.2394,22.2642,0.9387,0.9291,0.0096,7.7472,8650.8546,NA,NA,NA
q2rtx.exe,39492,0x177137A1C80,DXGI,0,0,1,Hardware: Independent Flip,Application,622640389118,11.8005,10.44070000000000,18.91530000000000,0.24920000000000,21.95990000000000,23.4298,NA,622640287105,10.4505,10.2013,0.2492,11.2869,20.8743,20.8614,0.0129,-7.1148,8662.6551,NA,NA,NA
q2rtx.exe,39492,0x177137A1C80,DXGI,0,0,1,Hardware: Independent Flip,Application,622640504571,10.5367,11.54530000000000,2.79580000000000,0.34220000000000,11.34750000000000,14.6803,NA,622640391610,11.6383,11.2961,0.3422,21.7107,0.9329,0.9251,0.0078,7.7409,8673.1918,NA,NA,NA
q2rtx.exe,39492,0x177137A1C80,DXGI,0,0,1,Hardware: Independent Flip,Application,622640607773,11.3621,10.32020000000000,18.90290000000000,0.38740000000000,21.97950000000000,23.2630,NA,622640507993,10.3654,9.9780,0.3874,11.0053,20.9522,20.9408,0.0114,-7.5408,8684.5539,NA,NA,NA
q2rtx.exe,39492,0x177137A1C80,DXGI,0,0,1,Hardware: Independent Flip,Application,622640722163,10.4271,11.43900000000000,2.78750000000000,0.24780000000000,11.47870000000000,14.6115,NA,622640611647,11.2994,11.0516,0.2478,21.5921,0.9382,0.9303,0.0079,7.6396,8694.9810,NA,NA,NA
q2rtx.exe,39492,0x177137A1C80,DXGI,0,0,1,Hardware: Independent Flip,Application,622640827731,11.3754,10.55680000000000,18.92140000000000,0.25850000000000,22.04090000000000,22.9761,NA,622640724641,10.5675,10.3090,0.2585,11.2309,21.1190,21.1067,0.0123,-7.5460,8706.3564,NA,NA,NA
q2rtx.exe,39492,0x177137A1C80,DXGI,0,0,1,Hardware: Independent Flip,Application,622640942419,10.5480,11.46880000000000,2.77510000000000,0.22110000000000,11.59800000000000,14.2824,NA,622640830316,11.4314,11.2103,0.2211,21.7824,1.0259,1.0170,0.0089,7.7729,8716.9044,NA,NA,NA
q2rtx.exe,39492,0x177137A1C80,DXGI,0,0,1,Hardware: Independent Flip,Application,622641046399,11.4811,10.39800000000000,18.91050000000000,0.23560000000000,22.19470000000000,22.7949,NA,622640944630,10.4125,10.1769,0.2356,11.3769,20.9947,20.9839,0.0108,-7.4294,8728.3855,NA,NA,NA
q2rtx.exe,39492,0x177137A1C80,DXGI,0,0,1,Hardware: Independent Flip,Application,622641162242,10.6101,11.58430000000000,2.78200000000000,0.22010000000000,11.57670000000000,13.9926,NA,622641048755,11.5688,11.3487,0.2201,21.9591,0.9663,0.9588,0.0075,7.8281,8738.9956,NA,NA,NA
q2rtx.exe,39492,0x177137A1C80,DXGI,0,0,1,Hardware: Independent Flip,Application,622641267365,11.3893,10.51230000000000,18.92240000000000,0.20700000000000,21.98760000000000,22.4027,NA,622641164443,10.4992,10.2922,0.2070,11.3566,20.9232,20.9128,0.0104,-7.5331,8750.3849,NA,NA,NA
q2rtx.exe,39492,0x177137A1C80,DXGI,0,0,1,Hardware: Independent Flip,Application,622641381837,10.5864,11.44720000000000,8.36100000000000,0.21570000000000,11.48760000000000,19.3165,NA,622641269435,11.4559,11.2402,0.2157,21.7806,0.9472,0.9396,0.0076,2.2254,8760.9713,NA,NA,NA
q2rtx.exe,39492,0x177137A1C80,DXGI,0,0,1,Hardware: Independent Flip,Application,622641487879,11.3715,10.60420000000000,13.12160000000000,0.27400000000000,21.82330000000000,21.8339,NA,622641383994,10.6625,10.3885,0.2740,11.2719,20.9399,20.9283,0.0116,-1.7501,8772.3428,NA,NA,NA
q2rtx.exe,39492,0x177137A1C80,DXGI,0,0,1,Hardware: Independent Flip,Application,622641600705,10.5429,11.28260000000000,8.73350000000000,0.23340000000000,13.68790000000000,19.2848,NA,622641490619,11.2420,11.0086,0.2334,21.5493,3.1472,3.1413,0.0059,1.8094,8782.8857,NA,NA,NA
q2rtx.exe,39492,0x177137A1C80,DXGI,0,0,1,Hardware: Independent Flip,Application,622641704904,11.4035,10.41990000000000,14.18110000000000,0.31580000000000,23.03530000000000,23.0460,NA,622641603039,10.5023,10.1865,0.3158,13.4545,19.7673,19.7534,0.0139,-2.7776,8794.2892,NA,NA,NA
q2rtx.exe,39492,0x177137A1C80,DXGI,0,0,1,Hardware: Independent Flip,Application,622641831622,10.3838,12.67180000000000,8.26670000000000,0.23160000000000,11.25800000000000,18.6409,NA,622641708062,12.5876,12.3560,0.2316,22.7195,0.8945,0.8874,0.0071,2.1171,8804.6730,NA,NA,NA
q2rtx.exe,39492,0x177137A1C80,DXGI,0,0,1,Hardware: Independent Flip,Application,622641933721,12.6052,10.20990000000000,13.73650000000000,0.27550000000000,22.15730000000000,22.1675,NA,622641833938,10.2538,9.9783,0.2755,11.0264,21.1092,21.0971,0.0121,-1.1313,8817.2782,NA,NA,NA
q2rtx.exe,39492,0x177137A1C80,DXGI,0,0,1,Hardware: Independent Flip,Application,622642050470,10.3048,11.67490000000000,8.79830000000000,0.22690000000000,11.38400000000000,19.2909,NA,622641936476,11.6263,11.3994,0.2269,21.8818,0.9016,0.8938,0.0078,1.5065,8827.5830,NA,NA,NA
q2rtx.exe,39492,0x177137A1C80,DXGI,0,0,1,Hardware: Independent Flip,Application,622642156134,11.6105,10.56640000000000,13.17020000000000,0.23110000000000,21.88510000000000,21.8947,NA,622642052739,10.5706,10.3395,0.2311,11.1571,21.0675,21.0568,0.0107,-1.5597,8839.1935,NA,NA,NA
q2rtx.exe,39492,0x177137A1C80,DXGI,0,0,1,Hardware: Independent Flip,Application,622642268743,10.4332,11.26090000000000,8.79140000000000,0.19590000000000,11.90090000000000,19.4252,NA,622642158445,11.2257,11.0298,0.1959,21.6540,1.2767,1.2697,0.0070,1.6418,8849.6267,NA,NA,NA
q2rtx.exe,39492,0x177137A1C80,DXGI,0,0,1,Hardware: Independent Flip,Application,622642376472,11.4324,10.77290000000000,13.45680000000000,0.22740000000000,22.09960000000000,22.1091,NA,622642270702,10.8044,10.5770,0.2274,11.7050,20.9716,20.9599,0.0117,-2.0244,8861.0591,NA,NA,NA
q2rtx.exe,39492,0x177137A1C80,DXGI,0,0,1,Hardware: Independent Flip,Application,622642491426,10.4908,11.49540000000000,8.71790000000000,0.21150000000000,11.90550000000000,19.3316,NA,622642378746,11.4795,11.2680,0.2115,21.8722,1.3013,1.2936,0.0077,1.7729,8871.5499,NA,NA,NA
q2rtx.exe,39492,0x177137A1C80,DXGI,0,0,1,Hardware: Independent Flip,Application,622642595369,11.8203,10.39430000000000,13.51490000000000,0.28720000000000,22.44370000000000,22.4522,NA,622642493541,10.4700,10.1828,0.2872,11.6940,20.9325,20.9201,0.0124,-1.6946,8883.3702,NA,NA,NA
q2rtx.exe,39492,0x177137A1C80,DXGI,0,0,1,Hardware: Independent Flip,Application,622642713950,10.4319,11.85810000000000,8.70420000000000,0.23200000000000,11.85650000000000,19.2983,NA,622642598241,11.8029,11.5709,0.2320,22.1565,1.2709,1.2635,0.0074,1.7277,8893.8021,NA,NA,NA
q2rtx.exe,39492,0x177137A1C80,DXGI,0,0,1,Hardware: Independent Flip,Application,622642818059,11.7869,10.41090000000000,13.62660000000000,0.29480000000000,22.50350000000000,22.5140,NA,622642716270,10.4737,10.1789,0.2948,11.6245,21.0579,21.0441,0.0138,-1.8397,8905.5890,NA,NA,NA
q2rtx.exe,39492,0x177137A1C80,DXGI,0,0,1,Hardware: Independent Flip,Application,622642936590,10.4831,11.85310000000000,8.78270000000000,0.43890000000000,11.92610000000000,19.4436,NA,622642821007,11.9972,11.5583,0.4389,22.2087,1.2757,1.2687,0.0070,1.7004,8916.0721,NA,NA,NA
q2rtx.exe,39492,0x177137A1C80,DXGI,0,0,1,Hardware: Independent Flip,Application,622643041325,11.8712,10.47350000000000,13.65690000000000,0.30210000000000,22.61810000000000,22.6270,NA,622642940979,10.3367,10.0346,0.3021,11.4872,21.1655,21.1545,0.0110,-1.7857,8927.9433,NA,NA,NA
q2rtx.exe,39492,0x177137A1C80,DXGI,0,0,1,Hardware: Independent Flip,Application,622643160608,10.4778,11.92830000000000,8.79640000000000,0.45940000000000,11.97470000000000,19.4951,NA,622643044346,12.0856,11.6262,0.4594,22.3160,1.2849,1.2779,0.0070,1.6814,8938.4211,NA,NA,NA
q2rtx.exe,39492,0x177137A1C80,DXGI,0,0,1,Hardware: Independent Flip,Application,622643265605,11.8142,10.49970000000000,4.64950000000000,0.45460000000000,12.39460000000000,13.6449,NA,622643165202,10.4949,10.0403,0.4546,11.5153,10.9196,10.9080,0.0116,7.1647,8950.2353,NA,NA,NA
q2rtx.exe,39492,0x177137A1C80,DXGI,0,0,1,Hardware: Independent Flip,Application,622643385936,10.5545,12.03310000000000,11.69250000000000,0.45720000000000,12.62610000000000,13.3043,NA,622643270151,12.0357,11.5785,0.4572,11.9400,12.2646,12.2491,0.0155,-1.1380,8960.7898,NA,NA,NA
q2rtx.exe,39492,0x177137A1C80,DXGI,0,0,1,Hardware: Independent Flip,Application,622643509773,12.0516,12.38370000000000,20.30300000000000,0.34390000000000,21.21350000000000,21.2236,NA,622643390508,12.2704,11.9265,0.3439,12.1689,20.9711,20.9607,0.0104,-8.2514,8972.8414,NA,NA,NA
q2rtx.exe,39492,0x177137A1C80,DXGI,0,0,1,Hardware: Independent Flip,Application,622643616015,12.2564,10.62420000000000,8.50050000000000,0.20800000000000,11.78620000000000,19.0999,NA,622643513212,10.4883,10.2803,0.2080,20.8696,1.1969,1.1904,0.0065,3.7559,8985.0978,NA,NA,NA
q2rtx.exe,39492,0x177137A1C80,DXGI,0,0,1,Hardware: Independent Flip,Application,622643720520,12.1907,10.45050000000000,4.92440000000000,0.33460000000000,12.25450000000000,13.5738,NA,622643618095,10.5771,10.2425,0.3346,11.5782,10.9188,10.9072,0.0116,7.2663,8997.2885,NA,NA,NA
q2rtx.exe,39492,0x177137A1C80,DXGI,0,0,1,Hardware: Independent Flip,Application,622643838591,9.9997,11.80710000000000,11.98380000000000,0.27960000000000,13.43300000000000,13.7505,NA,622643723866,11.7521,11.4725,0.2796,11.9199,12.9856,12.9724,0.0132,-1.9841,9007.2882,NA,NA,NA
q2rtx.exe,39492,0x177137A1C80,DXGI,0,0,1,Hardware: Independent Flip,Application,622643970670,10.7641,13.20790000000000,20.83830000000000,0.36180000000000,21.37100000000000,21.3809,NA,622643841387,13.2901,12.9283,0.3618,13.1534,21.1459,21.1344,0.0115,-10.0742,9018.0523,NA,NA,NA
q2rtx.exe,39492,0x177137A1C80,DXGI,0,0,1,Hardware: Independent Flip,Application,622644077426,13.1372,10.67560000000000,8.67320000000000,0.22100000000000,12.01830000000000,19.3785,NA,622643974288,10.5348,10.3138,0.2210,21.0092,1.3229,1.3164,0.0065,4.4640,9031.1895,NA,NA,NA
q2rtx.exe,39492,0x177137A1C80,DXGI,0,0,1,Hardware: Independent Flip,Application,622644182463,10.8816,10.50370000000000,13.64340000000000,0.47310000000000,22.50870000000000,22.5182,NA,622644079636,10.7558,10.2827,0.4731,11.7973,20.9941,20.9822,0.0119,-2.7618,9042.0711,NA,NA,NA
q2rtx.exe,39492,0x177137A1C80,DXGI,0,0,1,Hardware: Independent Flip,Application,622644301167,10.4101,11.87040000000000,8.73060000000000,0.26000000000000,12.41070000000000,19.3784,NA,622644187194,11.6573,11.3973,0.2600,22.0356,1.7724,1.7652,0.0072,1.6795,9052.4812,NA,NA,NA
q2rtx.exe,39492,0x177137A1C80,DXGI,0,0,1,Hardware: Independent Flip,Application,622644405978,11.8591,10.48110000000000,14.12940000000000,0.27020000000000,23.01700000000000,23.0267,NA,622644303767,10.4913,10.2211,0.2702,12.1507,21.0874,21.0322,0.0552,-2.2703,9064.3403,NA,NA,NA
q2rtx.exe,39492,0x177137A1C80,DXGI,0,0,1,Hardware: Independent Flip,Application,622644531104,10.4886,12.51260000000000,8.78160000000000,0.21590000000000,12.05360000000000,19.2957,NA,622644408680,12.4583,12.2424,0.2159,22.7468,1.5492,1.5421,0.0071,1.7070,9074.8289,NA,NA,NA
q2rtx.exe,39492,0x177137A1C80,DXGI,0,0,1,Hardware: Independent Flip,Application,622644634138,12.4841,10.30340000000000,4.95940000000000,0.32000000000000,12.69560000000000,13.9517,NA,622644533263,10.4075,10.0875,0.3200,11.8377,10.9454,10.9341,0.0113,7.5247,9087.3130,NA,NA,NA
q2rtx.exe,39492,0x177137A1C80,DXGI,0,0,1,Hardware: Independent Flip,Application,622644758488,10.3540,12.43500000000000,12.29960000000000,0.28800000000000,13.61500000000000,13.8163,NA,622644637338,12.4030,12.1150,0.2880,12.3756,13.3544,13.3408,0.0136,-1.9456,9097.6670,NA,NA,NA
q2rtx.exe,39492,0x177137A1C80,DXGI,0,0,1,Hardware: Independent Flip,Application,622644891507,12.1672,13.30190000000000,21.01440000000000,0.22490000000000,21.51850000000000,21.5288,NA,622644761368,13.2388,13.0139,0.2249,13.3270,21.2054,21.1942,0.0112,-8.8472,9109.8342,NA,NA,NA
q2rtx.exe,39492,0x177137A1C80,DXGI,0,0,1,Hardware: Independent Flip,Application,622644999703,13.5303,10.81960000000000,8.77130000000000,0.21560000000000,11.93420000000000,19.4805,NA,622644893756,10.8103,10.5947,0.2156,21.2936,1.2353,1.2277,0.0076,4.7590,9123.3645,NA,NA,NA
q2rtx.exe,39492,0x177137A1C80,DXGI,0,0,1,Hardware: Independent Flip,Application,622645104383,10.7988,10.46800000000000,13.67080000000000,0.30410000000000,22.67420000000000,22.6833,NA,622645001859,10.5565,10.2524,0.3041,11.7186,21.2080,21.1970,0.0110,-2.8720,9134.1633,NA,NA,NA
q2rtx.exe,39492,0x177137A1C80,DXGI,0,0,1,Hardware: Independent Flip,Application,622645223861,10.6536,11.94780000000000,8.80150000000000,0.23450000000000,12.25470000000000,19.5370,NA,622645107424,11.8782,11.6437,0.2345,22.3701,1.5283,1.5210,0.0073,1.8521,9144.8169,NA,NA,NA
q2rtx.exe,39492,0x177137A1C80,DXGI,0,0,1,Hardware: Independent Flip,Application,622645329285,11.8865,10.54240000000000,13.91500000000000,0.50020000000000,22.89780000000000,22.9096,NA,622645226206,10.8081,10.3079,0.5002,12.0202,21.1855,21.1747,0.0108,-2.0285,9156.7034,NA,NA,NA
q2rtx.exe,39492,0x177137A1C80,DXGI,0,0,1,Hardware: Independent Flip,Application,622645452072,10.4490,12.27870000000000,8.78910000000000,0.20770000000000,12.22180000000000,19.4200,NA,622645334287,11.9862,11.7785,0.2077,22.3976,1.6027,1.5955,0.0072,1.6599,9167.1524,NA,NA,NA
q2rtx.exe,39492,0x177137A1C80,DXGI,0,0,1,Hardware: Independent Flip,Application,622645559144,12.2408,10.70720000000000,4.85610000000000,0.22050000000000,12.34050000000000,13.5689,NA,622645454149,10.7200,10.4995,0.2205,12.0141,10.8259,10.8130,0.0129,7.3847,9179.3932,NA,NA,NA
q2rtx.exe,39492,0x177137A1C80,DXGI,0,0,1,Hardware: Independent Flip,Application,622645678217,10.4933,11.90730000000000,11.96630000000000,0.20190000000000,13.25870000000000,13.6279,NA,622645561349,11.8887,11.6868,0.2019,12.1200,12.8255,12.8118,0.0137,-1.4730,9189.8865,NA,NA,NA
q2rtx.exe,39492,0x177137A1C80,DXGI,0,0,1,Hardware: Independent Flip,Application,622645807766,12.1461,12.95490000000000,20.64110000000000,0.22280000000000,21.30270000000000,21.3141,NA,622645680236,12.9758,12.7530,0.2228,13.0568,20.9989,20.9865,0.0124,-8.4950,9202.0326,NA,NA,NA
q2rtx.exe,39492,0x177137A1C80,DXGI,0,0,1,Hardware: Independent Flip,Application,622645915086,12.9035,10.73200000000000,8.59780000000000,0.22660000000000,11.80240000000000,19.1799,NA,622645809994,10.7358,10.5092,0.2266,21.0799,1.2317,1.2243,0.0074,4.3057,9214.9361,NA,NA,NA
q2rtx.exe,39492,0x177137A1C80,DXGI,0,0,1,Hardware: Independent Flip,Application,622646019008,10.7512,10.39220000000000,13.72160000000000,0.30380000000000,22.49660000000000,22.5093,NA,622645917352,10.4694,10.1656,0.3038,11.5758,21.0864,21.0755,0.0109,-2.9704,9225.6873,NA,NA,NA
q2rtx.exe,39492,0x177137A1C80,DXGI,0,0,1,Hardware: Independent Flip,Application,622646136226,10.4462,11.72180000000000,8.75070000000000,0.21190000000000,12.34360000000000,19.5382,NA,622646022046,11.6299,11.4180,0.2119,22.1928,1.5688,1.5622,0.0066,1.6955,9236.1335,NA,NA,NA
q2rtx.exe,39492,0x177137A1C80,DXGI,0,0,1,Hardware: Independent Flip,Application,622646244773,11.8362,10.85470000000000,4.87980000000000,0.21380000000000,12.34760000000000,13.5633,NA,622646138345,10.8566,10.6428,0.2138,12.1317,10.8587,10.8473,0.0114,6.9564,9247.9697,NA,NA,NA
q2rtx.exe,39492,0x177137A1C80,DXGI,0,0,1,Hardware: Independent Flip,Application,622646363598,10.4788,11.88250000000000,22.83540000000000,0.21580000000000,23.14730000000000,24.5162,NA,622646246911,11.8845,11.6687,0.2158,12.1338,22.6822,22.6707,0.0115,-12.3566,9258.4485,NA,NA,NA
q2rtx.exe,39492,0x177137A1C80,DXGI,0,0,1,Hardware: Independent Flip,Application,622646491341,12.1162,12.77430000000000,2.77190000000000,0.35540000000000,11.64270000000000,14.5138,NA,622646365756,12.9139,12.5585,0.3554,22.9315,1.2697,1.2624,0.0073,9.3443,9270.5647,NA,NA,NA
q2rtx.exe,39492,0x177137A1C80,DXGI,0,0,1,Hardware: Independent Flip,Application,622646594180,12.6857,10.28390000000000,18.90130000000000,0.27500000000000,22.35420000000000,23.1312,NA,622646494895,10.2035,9.9285,0.2750,11.2873,20.9954,20.9845,0.0109,-6.2156,9283.2504,NA,NA,NA
q2rtx.exe,39492,0x177137A1C80,DXGI,0,0,1,Hardware: Independent Flip,Application,622646712733,11.6997,11.85530000000000,6.89770000000000,0.25540000000000,11.85910000000000,18.1736,NA,622646596930,11.8357,11.5803,0.2554,22.0792,1.3602,1.3536,0.0066,4.8020,9294.9501,NA,NA,NA
q2rtx.exe,39492,0x177137A1C80,DXGI,0,0,1,Hardware: Independent Flip,Application,622646816632,10.4840,10.38990000000000,15.62460000000000,0.29580000000000,22.45580000000000,23.4083,NA,622646715287,10.4303,10.1345,0.2958,11.6037,20.9866,20.9752,0.0114,-5.1406,9305.4341,NA,NA,NA
q2rtx.exe,39492,0x177137A1C80,DXGI,0,0,1,Hardware: Independent Flip,Application,622646935190,10.4766,11.85580000000000,6.72470000000000,0.26900000000000,12.72260000000000,18.2772,NA,622646819590,11.8290,11.5600,0.2690,22.1600,2.1226,2.1152,0.0074,3.7519,9315.9107,NA,NA,NA
q2rtx.exe,39492,0x177137A1C80,DXGI,0,0,1,Hardware: Independent Flip,Application,622647039987,11.8066,10.47970000000000,15.99060000000000,0.42490000000000,23.20370000000000,23.7881,NA,622646937880,10.6356,10.2107,0.4249,12.4536,20.9608,20.9486,0.0122,-4.1840,9327.7173,NA,NA,NA
q2rtx.exe,39492,0x177137A1C80,DXGI,0,0,1,Hardware: Independent Flip,Application,622647167103,10.6514,12.71160000000000,7.07550000000000,0.22870000000000,11.68190000000000,18.1520,NA,622647044236,12.5154,12.2867,0.2287,22.7788,1.1898,1.1822,0.0076,3.5759,9338.3687,NA,NA,NA
q2rtx.exe,39492,0x177137A1C80,DXGI,0,0,1,Hardware: Independent Flip,Application,622647270400,12.4863,10.32970000000000,15.65210000000000,0.28580000000000,22.34340000000000,23.4744,NA,622647169390,10.3868,10.1010,0.2858,11.4532,20.9912,20.9777,0.0135,-3.1658,9350.8550,NA,NA,NA
q2rtx.exe,39492,0x177137A1C80,DXGI,0,0,1,Hardware: Independent Flip,Application,622647388281,10.4338,11.78810000000000,2.31550000000000,0.24000000000000,11.48600000000000,14.0018,NA,622647273258,11.7423,11.5023,0.2400,22.0576,0.9307,0.9214,0.0093,8.1183,9361.2888,NA,NA,NA
q2rtx.exe,39492,0x177137A1C80,DXGI,0,0,1,Hardware: Independent Flip,Application,622647494156,11.6835,10.58750000000000,27.72670000000000,0.23570000000000,21.85020000000000,31.1410,NA,622647390681,10.5832,10.3475,0.2357,11.2460,20.9517,20.9405,0.0112,-16.0432,9372.9723,NA,NA,NA
q2rtx.exe,39492,0x177137A1C80,DXGI,0,0,1,Hardware: Independent Flip,Application,622647607125,10.5889,11.29690000000000,2.80680000000000,0.21310000000000,11.58620000000000,22.6509,NA,622647496513,11.2743,11.0612,0.2131,21.6145,1.0329,1.0260,0.0069,7.7821,9383.5612,NA,NA,NA
q2rtx.exe,39492,0x177137A1C80,DXGI,0,0,1,Hardware: Independent Flip,Application,622647712820,11.3450,10.56950000000000,10.77820000000000,0.23070000000000,22.41290000000000,22.8596,NA,622647609256,10.5871,10.3564,0.2307,11.3731,21.3962,21.3833,0.0129,0.5668,9394.9062,NA,NA,NA
q2rtx.exe,39492,0x177137A1C80,DXGI,0,0,1,Hardware: Independent Flip,Application,622647828884,10.5034,11.60640000000000,7.35940000000000,0.22420000000000,12.16290000000000,18.6126,NA,622647715127,11.5999,11.3757,0.2242,22.1822,1.3564,1.3490,0.0074,3.1440,9405.4096,NA,NA,NA
q2rtx.exe,39492,0x177137A1C80,DXGI,0,0,1,Hardware: Independent Flip,Application,622647935867,11.6773,10.69830000000000,4.45820000000000,0.21350000000000,12.36320000000000,12.3725,NA,622647831126,10.6876,10.4741,0.2135,11.9387,10.8986,10.8857,0.0129,7.2191,9417.0869,NA,NA,NA
q2rtx.exe,39492,0x177137A1C80,DXGI,0,0,1,Hardware: Independent Flip,Application,622648056207,10.7193,12.03400000000000,11.93270000000000,0.23080000000000,12.26270000000000,12.2712,NA,622647938002,12.0513,11.8205,0.2308,12.1497,11.9335,11.9208,0.0127,-1.2134,9427.8062,NA,NA,NA
q2rtx.exe,39492,0x177137A1C80,DXGI,0,0,1,Hardware: Independent Flip,Application,622648175243,11.9504,11.90360000000000,10.89370000000000,0.21590000000000,11.25160000000000,11.2613,NA,622648058515,11.8887,11.6728,0.2159,12.0319,10.8925,10.8795,0.0130,1.0567,9439.7566,NA,NA,NA
q2rtx.exe,39492,0x177137A1C80,DXGI,0,0,1,Hardware: Independent Flip,Application,622648282461,11.9695,10.72180000000000,11.96570000000000,0.24650000000000,12.49560000000000,12.5052,NA,622648177402,10.7524,10.5059,0.2465,11.0357,11.9658,11.9514,0.0144,0.0038,9451.7261,NA,NA,NA
q2rtx.exe,39492,0x177137A1C80,DXGI,0,512,1,Hardware: Independent Flip,Application,622648404865,10.7189,12.24040000000000,12.44020000000000,0.36900000000000,11.48110000000000,12.7050,NA,622648284926,12.3629,11.9939,0.3690,12.2491,11.2259,11.2199,0.0060,-1.7213,9462.4450,1.2239,NA,NA
q2rtx.exe,39492,0x177137A1C80,DXGI,0,512,1,Hardware: Independent Flip,Application,622648409161,NA,0.42960000000000,2.85480000000000,0.14760000000000,11.74240000000000,15.1302,NA,622648408555,0.2082,0.0606,0.1476,11.1121,0.6909,0.6909,0.0000,NA,0.0000,3.3878,NA,NA
q2rtx.exe,39492,0x177137A1C80,DXGI,0,512,1,Hardware: Independent Flip,Application,622648411166,NA,0.20050000000000,3.37600000000000,0.14580000000000,11.77450000000000,18.3057,NA,622648410637,0.1987,0.0529,0.1458,11.5948,0.2326,0.2326,0.0000,NA,0.0000,6.5312,NA,NA
q2rtx.exe,39492,0x177137A1C80,DXGI,0,512,1,Hardware: Independent Flip,Application,622648522049,12.1142,11.08830000000000,7.74560000000000,0.29390000000000,14.61670000000000,14.9630,NA,622648412624,11.2364,10.9425,0.2939,11.6287,13.9305,13.9242,0.0063,-1.8622,9474.5592,0.3463,NA,NA
q2rtx.exe,39492,0x177137A1C80,DXGI,0,512,1,Hardware: Independent Flip,Application,622648527842,NA,0.57930000000000,4.62910000000000,0.21800000000000,14.97430000000000,19.0128,NA,622648524988,0.5034,0.2854,0.2180,14.3228,0.9369,0.9369,0.0000,NA,0.0000,4.0385,NA,NA
q2rtx.exe,39492,0x177137A1C80,DXGI,0,512,1,Hardware: Independent Flip,Application,622648530612,NA,0.27700000000000,6.09420000000000,0.16870000000000,14.94340000000000,24.8300,NA,622648530022,0.2277,0.0590,0.1687,14.7563,0.2461,0.2461,0.0000,NA,0.0000,9.8866,NA,NA
q2rtx.exe,39492,0x177137A1C80,DXGI,0,512,1,Hardware: Independent Flip,Application,622648669653,10.7489,13.90410000000000,3.35720000000000,0.21400000000000,14.28230000000000,14.2831,NA,622648532299,13.9494,13.7354,0.2140,14.7747,13.2430,13.2304,0.0126,-3.3316,9485.3081,0.0008,NA,NA
q2rtx.exe,39492,0x177137A1C80,DXGI,0,512,1,Hardware: Independent Flip,Application,622648786085,13.5603,11.64320000000000,13.52740000000000,0.21500000000000,16.16670000000000,16.1673,NA,622648671793,11.6442,11.4292,0.2150,14.0683,13.5276,13.5214,0.0062,0.0329,9498.8684,0.0006,NA,NA
q2rtx.exe,39492,0x177137A1C80,DXGI,0,512,1,Hardware: Independent Flip,Application,622648788864,NA,0.27790000000000,5.25830000000000,0.15880000000000,17.19580000000000,21.1477,NA,622648788235,0.2217,0.0629,0.1588,15.9517,1.3070,1.3070,0.0000,NA,0.0000,3.9519,NA,NA
q2rtx.exe,39492,0x177137A1C80,DXGI,0,512,1,Hardware: Independent Flip,Application,622648813873,NA,2.50090000000000,3.75330000000000,0.18080000000000,14.93630000000000,22.4001,NA,622648790452,2.5229,2.3421,0.1808,17.0370,0.2414,0.2414,0.0000,NA,0.0000,7.4638,NA,NA
q2rtx.exe,39492,0x177137A1C80,DXGI,0,512,1,Hardware: Independent Flip,Application,622648949341,13.8104,13.54680000000000,7.10000000000000,0.20960000000000,14.95960000000000,15.9533,NA,622648815681,13.5756,13.3660,0.2096,14.7555,13.5701,13.5657,0.0044,-2.3012,9512.6788,0.9937,NA,NA
q2rtx.exe,39492,0x177137A1C80,DXGI,0,512,1,Hardware: Independent Flip,Application,622648962211,NA,1.28700000000000,4.05720000000000,0.25440000000000,14.80410000000000,18.7235,NA,622648951437,1.3318,1.0774,0.2544,14.7500,1.1315,1.1315,0.0000,NA,0.0000,3.9194,NA,NA
q2rtx.exe,39492,0x177137A1C80,DXGI,0,512,1,Hardware: Independent Flip,Application,622648965354,NA,0.31430000000000,5.78100000000000,0.13740000000000,14.72970000000000,24.1902,NA,622648964755,0.1973,0.0599,0.1374,14.5497,0.2399,0.2399,0.0000,NA,0.0000,9.4605,NA,NA
q2rtx.exe,39492,0x177137A1C80,DXGI,0,512,1,Hardware: Independent Flip,Application,622649100850,14.1975,13.54960000000000,3.97820000000000,0.20530000000000,14.61800000000000,14.6188,NA,622648966728,13.6175,13.4122,0.2053,14.5923,13.4379,13.4304,0.0075,0.3811,9526.8763,0.0008,NA,NA
q2rtx.exe,39492,0x177137A1C80,DXGI,0,512,1,Hardware: Independent Flip,Application,622649111463,NA,1.06130000000000,4.84230000000000,0.22590000000000,14.77310000000000,18.3998,NA,622649102903,1.0819,0.8560,0.2259,14.4127,1.2164,1.2164,0.0000,NA,0.0000,3.6267,NA,NA
q2rtx.exe,39492,0x177137A1C80,DXGI,0,512,1,Hardware: Independent Flip,Application,622649114294,NA,0.28310000000000,4.36290000000000,0.13420000000000,14.72640000000000,22.4796,NA,622649113722,0.1914,0.0572,0.1342,14.5472,0.2364,0.2364,0.0000,NA,0.0000,7.7532,NA,NA
q2rtx.exe,39492,0x177137A1C80,DXGI,0,512,1,Hardware: Independent Flip,Application,622649248699,15.0631,13.44050000000000,4.89230000000000,0.21940000000000,13.93060000000000,13.9314,NA,622649115636,13.5257,13.3063,0.2194,14.5922,12.6447,12.6389,0.0058,0.9656,9541.9394,0.0008,NA,NA
q2rtx.exe,39492,0x177137A1C80,DXGI,0,512,1,Hardware: Independent Flip,Application,622649260393,NA,1.16940000000000,5.55810000000000,0.22600000000000,14.09560000000000,18.3201,NA,622649250893,1.1760,0.9500,0.2260,13.7112,1.3344,1.3344,0.0000,NA,0.0000,4.2245,NA,NA
q2rtx.exe,39492,0x177137A1C80,DXGI,0,512,1,Hardware: Independent Flip,Application,622649263199,NA,0.28060000000000,3.83550000000000,0.13470000000000,14.04260000000000,21.8750,NA,622649262653,0.1893,0.0546,0.1347,13.8696,0.2276,0.2276,0.0000,NA,0.0000,7.8324,NA,NA
q2rtx.exe,39492,0x177137A1C80,DXGI,0,512,1,Hardware: Independent Flip,Application,622649389951,14.8291,12.67520000000000,6.57860000000000,0.20160000000000,15.18990000000000,15.7784,NA,622649264546,12.7421,12.5405,0.2016,13.9079,13.8225,13.8162,0.0063,-1.1431,9556.7685,0.5885,NA,NA
q2rtx.exe,39492,0x177137A1C80,DXGI,0,512,1,Hardware: Independent Flip,Application,622649402607,NA,1.26560000000000,4.54790000000000,0.22340000000000,14.84500000000000,19.0607,NA,622649391967,1.2874,1.0640,0.2234,14.9883,0.9207,0.9207,0.0000,NA,0.0000,4.2157,NA,NA
q2rtx.exe,39492,0x177137A1C80,DXGI,0,512,1,Hardware: Independent Flip,Application,622649405458,NA,0.28510000000000,5.11940000000000,0.13600000000000,14.79580000000000,23.8950,NA,622649404841,0.1977,0.0617,0.1360,14.6216,0.2359,0.2359,0.0000,NA,0.0000,9.0992,NA,NA
q2rtx.exe,39492,0x177137A1C80,DXGI,0,512,1,Hardware: Independent Flip,Application,622649543308,14.0531,13.78500000000000,4.22500000000000,0.21610000000000,13.64740000000000,14.3350,NA,622649406818,13.8651,13.6490,0.2161,14.6598,12.6366,12.6310,0.0056,0.1608,9570.8216,0.6876,NA,NA
q2rtx.exe,39492,0x177137A1C80,DXGI,0,512,1,Hardware: Independent Flip,Application,622649552544,NA,0.92360000000000,3.72520000000000,0.20840000000000,14.48850000000000,17.1366,NA,622649545469,0.9159,0.7075,0.2084,13.4313,1.7647,1.7647,0.0000,NA,0.0000,2.6481,NA,NA
q2rtx.exe,39492,0x177137A1C80,DXGI,0,512,1,Hardware: Independent Flip,Application,622649555224,NA,0.26800000000000,4.76150000000000,0.13490000000000,14.46090000000000,21.6301,NA,622649554628,0.1945,0.0596,0.1349,14.2801,0.2404,0.2404,0.0000,NA,0.0000,7.1692,NA,NA
q2rtx.exe,39492,0x177137A1C80,DXGI,0,512,1,Hardware: Independent Flip,Application,622649681274,15.4383,12.60500000000000,5.50840000000000,0.24350000000000,14.53260000000000,14.5335,NA,622649556573,12.7136,12.4701,0.2435,14.3260,12.6767,12.6723,0.0044,1.4432,9586.2599,0.0009,NA,NA
q2rtx.exe,39492,0x177137A1C80,DXGI,0,512,1,Hardware: Independent Flip,Application,622649698656,NA,1.73820000000000,5.48580000000000,0.22550000000000,14.13600000000000,18.2811,NA,622649683709,1.7202,1.4947,0.2255,14.2891,1.3416,1.3416,0.0000,NA,0.0000,4.1451,NA,NA
q2rtx.exe,39492,0x177137A1C80,DXGI,0,512,1,Hardware: Independent Flip,Application,622649701472,NA,0.28160000000000,3.84310000000000,0.13280000000000,14.11510000000000,21.8426,NA,622649700911,0.1889,0.0561,0.1328,13.9105,0.2607,0.2607,0.0000,NA,0.0000,7.7275,NA,NA
q2rtx.exe,39492,0x177137A1C80,DXGI,0,512,1,Hardware: Independent Flip,Application,622649828055,13.6975,12.65830000000000,6.57930000000000,0.19930000000000,15.38580000000000,15.7636,NA,622649702800,12.7248,12.5255,0.1993,13.9823,13.9290,13.9229,0.0061,-2.2107,9599.9574,0.3778,NA,NA
q2rtx.exe,39492,0x177137A1C80,DXGI,0,512,1,Hardware: Independent Flip,Application,622649841544,NA,1.34890000000000,4.81090000000000,0.30530000000000,14.98300000000000,19.2256,NA,622649830048,1.4549,1.1496,0.3053,15.1865,0.9461,0.9461,0.0000,NA,0.0000,4.2426,NA,NA
q2rtx.exe,39492,0x177137A1C80,DXGI,0,512,1,Hardware: Independent Flip,Application,622649845211,NA,0.36670000000000,5.16050000000000,0.14090000000000,14.85960000000000,24.0194,NA,622649844597,0.2023,0.0614,0.1409,14.6777,0.2433,0.2433,0.0000,NA,0.0000,9.1598,NA,NA
q2rtx.exe,39492,0x177137A1C80,DXGI,0,512,1,Hardware: Independent Flip,Application,622649983343,14.6847,13.81320000000000,4.09500000000000,0.20500000000000,13.78920000000000,14.3012,NA,622649846620,13.8773,13.6723,0.2050,14.7187,12.7428,12.7378,0.0050,0.6183,9614.6421,0.5120,NA,NA
q2rtx.exe,39492,0x177137A1C80,DXGI,0,512,1,Hardware: Independent Flip,Application,622649992743,NA,0.94000000000000,4.02100000000000,0.21890000000000,14.23380000000000,17.3822,NA,622649985393,0.9539,0.7350,0.2189,13.5842,1.3846,1.3846,0.0000,NA,0.0000,3.1484,NA,NA
q2rtx.exe,39492,0x177137A1C80,DXGI,0,512,1,Hardware: Independent Flip,Application,622649995512,NA,0.27690000000000,4.50470000000000,0.13210000000000,14.20690000000000,21.6100,NA,622649994932,0.1901,0.0580,0.1321,14.0149,0.2500,0.2500,0.0000,NA,0.0000,7.4031,NA,NA
q2rtx.exe,39492,0x177137A1C80,DXGI,0,512,1,Hardware: Independent Flip,Application,622650122641,15.6067,12.71290000000000,6.54960000000000,0.20360000000000,15.44590000000000,15.4467,NA,622649996833,12.7844,12.5808,0.2036,14.0748,13.9519,13.9442,0.0077,0.5314,9630.2488,0.0008,NA,NA
q2rtx.exe,39492,0x177137A1C80,DXGI,0,512,1,Hardware: Independent Flip,Application,622650136322,NA,1.36810000000000,5.83410000000000,0.24150000000000,15.02310000000000,19.9127,NA,622650124677,1.4060,1.1645,0.2415,15.2423,0.9453,0.9453,0.0000,NA,0.0000,4.8896,NA,NA
q2rtx.exe,39492,0x177137A1C80,DXGI,0,512,1,Hardware: Independent Flip,Application,622650139311,NA,0.29890000000000,4.21440000000000,0.13180000000000,14.97600000000000,23.8282,NA,622650138737,0.1892,0.0574,0.1318,14.7816,0.2518,0.2518,0.0000,NA,0.0000,8.8522,NA,NA
q2rtx.exe,39492,0x177137A1C80,DXGI,0,512,1,Hardware: Independent Flip,Application,622650279178,13.9214,13.98670000000000,4.74580000000000,0.24650000000000,13.77050000000000,14.5873,NA,622650140629,14.1014,13.8549,0.2465,14.8442,12.7812,12.7763,0.0049,-0.8729,9644.1702,0.8168,NA,NA
q2rtx.exe,39492,0x177137A1C80,DXGI,0,512,1,Hardware: Independent Flip,Application,622650287666,NA,0.84880000000000,3.85450000000000,0.21930000000000,14.36990000000000,17.5930,NA,622650281643,0.8216,0.6023,0.2193,13.5240,1.4482,1.4482,0.0000,NA,0.0000,3.2231,NA,NA
q2rtx.exe,39492,0x177137A1C80,DXGI,0,512,1,Hardware: Independent Flip,Application,622650290402,NA,0.27360000000000,5.00400000000000,0.13060000000000,14.33760000000000,22.3234,NA,622650289859,0.1849,0.0543,0.1306,14.1506,0.2413,0.2413,0.0000,NA,0.0000,7.9858,NA,NA
q2rtx.exe,39492,0x177137A1C80,DXGI,0,512,1,Hardware: Independent Flip,Application,622650418376,15.5824,12.79740000000000,4.61310000000000,0.22680000000000,14.13830000000000,14.1391,NA,622650291708,12.8936,12.6668,0.2268,14.2070,12.5981,12.5926,0.0055,2.1108,9659.7526,0.0008,NA,NA
q2rtx.exe,39492,0x177137A1C80,DXGI,0,512,1,Hardware: Independent Flip,Application,622650432750,NA,1.43740000000000,4.84310000000000,0.21310000000000,14.16480000000000,17.5448,NA,622650420644,1.4237,1.2106,0.2131,13.9115,1.4639,1.4554,0.0085,NA,0.0000,3.3800,NA,NA
q2rtx.exe,39492,0x177137A1C80,DXGI,0,512,1,Hardware: Independent Flip,Application,622650435461,NA,0.27110000000000,4.13530000000000,0.13260000000000,14.12630000000000,21.4090,NA,622650434881,0.1906,0.0580,0.1326,13.9517,0.2326,0.2326,0.0000,NA,0.0000,7.2827,NA,NA
q2rtx.exe,39492,0x177137A1C80,DXGI,0,512,1,Hardware: Independent Flip,Application,622650561414,15.6136,12.59530000000000,5.54950000000000,0.29130000000000,14.12410000000000,14.3632,NA,622650436787,12.7540,12.4627,0.2913,13.9937,12.5931,12.5880,0.0051,1.0857,9675.3662,0.2391,NA,NA
q2rtx.exe,39492,0x177137A1C80,DXGI,0,512,1,Hardware: Independent Flip,Application,622650575507,NA,1.40930000000000,4.53740000000000,0.23830000000000,14.00110000000000,17.4913,NA,622650564327,1.3563,1.1180,0.2383,13.8328,1.2863,1.2863,0.0000,NA,0.0000,3.4902,NA,NA
q2rtx.exe,39492,0x177137A1C80,DXGI,0,512,1,Hardware: Independent Flip,Application,622650578469,NA,0.29620000000000,4.74770000000000,0.13700000000000,13.94950000000000,21.9428,NA,622650577890,0.1949,0.0579,0.1370,13.7628,0.2446,0.2446,0.0000,NA,0.0000,7.9933,NA,NA
q2rtx.exe,39492,0x177137A1C80,DXGI,0,512,1,Hardware: Independent Flip,Application,622650704066,13.9091,12.55970000000000,5.84680000000000,0.19250000000000,14.65720000000000,15.2299,NA,622650579839,12.6152,12.4227,0.1925,13.8125,13.2674,13.2168,0.0506,-1.2228,9689.2753,0.5727,NA,NA
q2rtx.exe,39492,0x177137A1C80,DXGI,0,512,1,Hardware: Independent Flip,Application,622650717157,NA,1.30910000000000,4.29470000000000,0.19130000000000,14.61770000000000,18.2155,NA,622650705991,1.3079,1.1166,0.1913,14.4647,1.2696,1.2696,0.0000,NA,0.0000,3.5978,NA,NA
q2rtx.exe,39492,0x177137A1C80,DXGI,0,512,1,Hardware: Independent Flip,Application,622650719658,NA,0.25010000000000,4.84100000000000,0.13120000000000,14.61670000000000,22.8064,NA,622650719070,0.1900,0.0588,0.1312,14.4264,0.2491,0.2491,0.0000,NA,0.0000,8.1897,NA,NA
q2rtx.exe,39492,0x177137A1C80,DXGI,0,512,1,Hardware: Independent Flip,Application,622650852176,14.3563,13.25180000000000,5.24180000000000,0.25030000000000,14.58630000000000,14.7964,NA,622650720970,13.3709,13.1206,0.2503,14.4855,13.2214,13.2142,0.0072,-0.0212,9703.6316,0.2101,NA,NA
q2rtx.exe,39492,0x177137A1C80,DXGI,0,512,1,Hardware: Independent Flip,Application,622650864497,NA,1.23210000000000,4.52130000000000,0.24600000000000,14.63180000000000,18.0856,NA,622650854679,1.2278,0.9818,0.2460,14.3360,1.2776,1.2776,0.0000,NA,0.0000,3.4538,NA,NA
q2rtx.exe,39492,0x177137A1C80,DXGI,0,512,1,Hardware: Independent Flip,Application,622650867537,NA,0.30400000000000,4.71010000000000,0.13940000000000,14.58850000000000,22.4917,NA,622650866957,0.1974,0.0580,0.1394,14.3858,0.2607,0.2607,0.0000,NA,0.0000,7.9032,NA,NA
q2rtx.exe,39492,0x177137A1C80,DXGI,0,512,1,Hardware: Independent Flip,Application,622650999565,14.5260,13.20280000000000,5.41690000000000,0.21070000000000,14.61750000000000,14.7058,NA,622650868931,13.2741,13.0634,0.2107,14.4491,13.2318,13.2252,0.0066,-0.1223,9718.1576,0.0883,NA,NA
q2rtx.exe,39492,0x177137A1C80,DXGI,0,512,1,Hardware: Independent Flip,Application,622651012167,NA,1.26020000000000,4.79040000000000,0.31550000000000,14.54010000000000,18.2360,NA,622651001672,1.3650,1.0495,0.3155,14.4068,1.1828,1.1828,0.0000,NA,0.0000,3.6959,NA,NA
q2rtx.exe,39492,0x177137A1C80,DXGI,0,512,1,Hardware: Independent Flip,Application,622651015952,NA,0.37850000000000,4.82650000000000,0.14000000000000,14.41140000000000,22.6840,NA,622651015322,0.2030,0.0630,0.1400,14.2246,0.2498,0.2498,0.0000,NA,0.0000,8.2726,NA,NA
q2rtx.exe,39492,0x177137A1C80,DXGI,0,512,1,Hardware: Independent Flip,Application,622651147161,15.0070,13.12090000000000,5.17320000000000,0.23790000000000,14.49780000000000,14.7363,NA,622651017352,13.2188,12.9809,0.2379,14.2714,13.2073,13.2012,0.0061,0.2169,9733.1646,0.2385,NA,NA
q2rtx.exe,39492,0x177137A1C80,DXGI,0,512,1,Hardware: Independent Flip,Application,622651158777,NA,1.16160000000000,4.63790000000000,0.23820000000000,14.63310000000000,18.2126,NA,622651149540,1.1619,0.9237,0.2382,14.2599,1.2969,1.2969,0.0000,NA,0.0000,3.5795,NA,NA
q2rtx.exe,39492,0x177137A1C80,DXGI,0,512,1,Hardware: Independent Flip,Application,622651161753,NA,0.29760000000000,4.82300000000000,0.13780000000000,14.56360000000000,22.7380,NA,622651161159,0.1972,0.0594,0.1378,14.3949,0.2281,0.2281,0.0000,NA,0.0000,8.1744,NA,NA
q2rtx.exe,39492,0x177137A1C80,DXGI,0,512,1,Hardware: Independent Flip,Application,622651293909,15.0071,13.21560000000000,5.14480000000000,0.31010000000000,14.62800000000000,14.6672,NA,622651163131,13.3879,13.0778,0.3101,14.4258,13.2800,13.2741,0.0059,0.4014,9748.1717,0.0392,NA,NA
q2rtx.exe,39492,0x177137A1C80,DXGI,0,512,1,Hardware: Independent Flip,Application,622651306301,NA,1.23920000000000,4.82820000000000,0.23420000000000,14.69430000000000,18.2562,NA,622651297010,1.1633,0.9291,0.2342,14.3179,1.3055,1.3055,0.0000,NA,0.0000,3.5619,NA,NA
q2rtx.exe,39492,0x177137A1C80,DXGI,0,512,1,Hardware: Independent Flip,Application,622651309232,NA,0.29310000000000,4.83900000000000,0.13760000000000,14.63750000000000,22.8021,NA,622651308643,0.1965,0.0589,0.1376,14.4601,0.2363,0.2363,0.0000,NA,0.0000,8.1646,NA,NA
q2rtx.exe,39492,0x177137A1C80,DXGI,0,512,1,Hardware: Independent Flip,Application,622651441590,14.8644,13.23580000000000,5.20470000000000,0.20540000000000,14.64680000000000,14.7710,NA,622651310608,13.3036,13.0982,0.2054,14.4999,13.2451,13.2396,0.0055,-0.0075,9763.0361,0.1242,NA,NA
q2rtx.exe,39492,0x177137A1C80,DXGI,0,512,1,Hardware: Independent Flip,Application,622651454582,NA,1.29920000000000,4.81520000000000,0.21250000000000,14.67150000000000,18.2870,NA,622651443644,1.3063,1.0938,0.2125,14.4414,1.3239,1.3239,0.0000,NA,0.0000,3.6155,NA,NA
q2rtx.exe,39492,0x177137A1C80,DXGI,0,512,1,Hardware: Independent Flip,Application,622651457281,NA,0.26990000000000,4.88870000000000,0.13940000000000,14.63790000000000,22.9058,NA,622651456707,0.1968,0.0574,0.1394,14.4590,0.2363,0.2363,0.0000,NA,0.0000,8.2679,NA,NA
q2rtx.exe,39492,0x177137A1C80,DXGI,0,512,1,Hardware: Independent Flip,Application,622651590256,14.7812,13.29750000000000,4.92760000000000,0.23480000000000,14.42510000000000,14.5359,NA,622651458675,13.3929,13.1581,0.2348,14.4985,13.0847,13.0796,0.0051,0.1497,9777.8173,0.1108,NA,NA
q2rtx.exe,39492,0x177137A1C80,DXGI,0,512,1,Hardware: Independent Flip,Application,622651602497,NA,1.22410000000000,4.74050000000000,0.22580000000000,14.39100000000000,18.0523,NA,622651592604,1.2151,0.9893,0.2258,14.1903,1.1900,1.1900,0.0000,NA,0.0000,3.6613,NA,NA
q2rtx.exe,39492,0x177137A1C80,DXGI,0,512,1,Hardware: Independent Flip,Application,622651605310,NA,0.28130000000000,4.82320000000000,0.13020000000000,14.35260000000000,22.5942,NA,622651604755,0.1857,0.0555,0.1302,14.1652,0.2429,0.2429,0.0000,NA,0.0000,8.2416,NA,NA
q2rtx.exe,39492,0x177137A1C80,DXGI,0,512,1,Hardware: Independent Flip,Application,622651735999,14.9901,13.06890000000000,5.17290000000000,0.19300000000000,14.69740000000000,14.6982,NA,622651606612,13.1317,12.9387,0.1930,14.2224,13.4137,13.4066,0.0071,0.2535,9792.8074,0.0008,NA,NA
q2rtx.exe,39492,0x177137A1C80,DXGI,0,512,1,Hardware: Independent Flip,Application,622651747664,NA,1.16650000000000,4.93780000000000,0.23090000000000,14.82580000000000,18.4695,NA,622651737929,1.2044,0.9735,0.2309,14.5044,1.2949,1.2949,0.0000,NA,0.0000,3.6437,NA,NA
q2rtx.exe,39492,0x177137A1C80,DXGI,0,512,1,Hardware: Independent Flip,Application,622651750527,NA,0.28630000000000,4.88280000000000,0.13540000000000,14.77970000000000,23.0660,NA,622651749973,0.1908,0.0554,0.1354,14.5949,0.2402,0.2402,0.0000,NA,0.0000,8.2863,NA,NA
q2rtx.exe,39492,0x177137A1C80,DXGI,0,512,1,Hardware: Independent Flip,Application,622651885204,14.9894,13.46770000000000,5.00340000000000,0.23720000000000,14.42010000000000,14.6017,NA,622651751881,13.5695,13.3323,0.2372,14.6443,13.1081,13.1015,0.0066,0.1654,9807.7968,0.1816,NA,NA
q2rtx.exe,39492,0x177137A1C80,DXGI,0,512,1,Hardware: Independent Flip,Application,622651897259,NA,1.20550000000000,4.70880000000000,0.21640000000000,14.55210000000000,18.1050,NA,622651887576,1.1847,0.9683,0.2164,14.1829,1.3375,1.3375,0.0000,NA,0.0000,3.5529,NA,NA
q2rtx.exe,39492,0x177137A1C80,DXGI,0,512,1,Hardware: Independent Flip,Application,622651900010,NA,0.27510000000000,4.86730000000000,0.13290000000000,14.52250000000000,22.6972,NA,622651899423,0.1916,0.0587,0.1329,14.3357,0.2455,0.2455,0.0000,NA,0.0000,8.1747,NA,NA
q2rtx.exe,39492,0x177137A1C80,DXGI,0,512,1,Hardware: Independent Flip,Application,622652030785,14.7745,13.07750000000000,5.22080000000000,0.24080000000000,14.83970000000000,14.8405,NA,622651901339,13.1854,12.9446,0.2408,14.3896,13.3947,13.3895,0.0052,-0.0224,9822.5713,0.0008,NA,NA
q2rtx.exe,39492,0x177137A1C80,DXGI,0,512,1,Hardware: Independent Flip,Application,622652044000,NA,1.32150000000000,4.97660000000000,0.18950000000000,14.68520000000000,18.4956,NA,622652033193,1.2702,1.0807,0.1895,14.5989,1.1670,1.1670,0.0000,NA,0.0000,3.8104,NA,NA
q2rtx.exe,39492,0x177137A1C80,DXGI,0,512,1,Hardware: Independent Flip,Application,622652046441,NA,0.24410000000000,4.88620000000000,0.12810000000000,14.68660000000000,23.1377,NA,622652045895,0.1827,0.0546,0.1281,14.4957,0.2455,0.2455,0.0000,NA,0.0000,8.4511,NA,NA
q2rtx.exe,39492,0x177137A1C80,DXGI,0,512,1,Hardware: Independent Flip,Application,622652181043,15.0911,13.46020000000000,5.23830000000000,0.23920000000000,14.73430000000000,14.9158,NA,622652047722,13.5713,13.3321,0.2392,14.5585,13.5079,13.5015,0.0064,-0.0100,9837.6624,0.1815,NA,NA
q2rtx.exe,39492,0x177137A1C80,DXGI,0,512,1,Hardware: Independent Flip,Application,622652191920,NA,1.08770000000000,4.80690000000000,0.22630000000000,14.98590000000000,18.6350,NA,622652183435,1.0748,0.8485,0.2263,14.4951,1.3393,1.3393,0.0000,NA,0.0000,3.6491,NA,NA
q2rtx.exe,39492,0x177137A1C80,DXGI,0,512,1,Hardware: Independent Flip,Application,622652194728,NA,0.28080000000000,4.95790000000000,0.12770000000000,14.95220000000000,23.3121,NA,622652194183,0.1822,0.0545,0.1277,14.7596,0.2471,0.2471,0.0000,NA,0.0000,8.3599,NA,NA
q2rtx.exe,39492,0x177137A1C80,DXGI,0,512,1,Hardware: Independent Flip,Application,622652329850,14.8867,13.51220000000000,4.95370000000000,0.21620000000000,14.71070000000000,14.7536,NA,622652196005,13.6007,13.3845,0.2162,14.8245,13.2707,13.2648,0.0059,0.1682,9852.5491,0.0429,NA,NA
q2rtx.exe,39492,0x177137A1C80,DXGI,0,512,1,Hardware: Independent Flip,Application,622652343083,NA,1.32330000000000,4.86150000000000,0.22760000000000,14.69780000000000,18.2918,NA,622652332012,1.3347,1.1071,0.2276,14.4945,1.3104,1.3104,0.0000,NA,0.0000,3.5940,NA,NA
q2rtx.exe,39492,0x177137A1C80,DXGI,0,512,1,Hardware: Independent Flip,Application,622652345941,NA,0.28580000000000,4.87280000000000,0.13170000000000,14.65370000000000,22.8788,NA,622652345359,0.1899,0.0582,0.1317,14.4702,0.2417,0.2417,0.0000,NA,0.0000,8.2251,NA,NA
q2rtx.exe,39492,0x177137A1C80,DXGI,0,512,1,Hardware: Independent Flip,Application,622652478492,15.1547,13.25510000000000,4.84060000000000,0.20770000000000,14.46340000000000,14.4643,NA,622652347258,13.3311,13.1234,0.2077,14.5220,13.0648,13.0582,0.0066,0.5798,9867.7038,0.0009,NA,NA
q2rtx.exe,39492,0x177137A1C80,DXGI,0,512,1,Hardware: Independent Flip,Application,622652491380,NA,1.28880000000000,4.90990000000000,0.22650000000000,14.46780000000000,18.0854,NA,622652480569,1.3076,1.0811,0.2265,14.2557,1.2932,1.2932,0.0000,NA,0.0000,3.6176,NA,NA
q2rtx.exe,39492,0x177137A1C80,DXGI,0,512,1,Hardware: Independent Flip,Application,622652494261,NA,0.28810000000000,4.80770000000000,0.13990000000000,14.42120000000000,22.6050,NA,622652493645,0.2015,0.0616,0.1399,14.2413,0.2415,0.2415,0.0000,NA,0.0000,8.1838,NA,NA
q2rtx.exe,39492,0x177137A1C80,DXGI,0,512,1,Hardware: Independent Flip,Application,622652625139,15.2033,13.08780000000000,4.84570000000000,0.20880000000000,14.34340000000000,14.3629,NA,622652495660,13.1567,12.9479,0.2088,14.2813,13.0100,13.0038,0.0062,0.6400,9882.9071,0.0195,NA,NA
q2rtx.exe,39492,0x177137A1C80,DXGI,0,512,1,Hardware: Independent Flip,Application,622652637290,NA,1.21510000000000,4.84160000000000,0.23460000000000,14.43240000000000,17.9894,NA,622652627227,1.2409,1.0063,0.2346,14.1346,1.3041,1.3041,0.0000,NA,0.0000,3.5570,NA,NA
q2rtx.exe,39492,0x177137A1C80,DXGI,0,512,1,Hardware: Independent Flip,Application,622652640256,NA,0.29660000000000,4.83370000000000,0.13370000000000,14.37660000000000,22.5265,NA,622652639636,0.1957,0.0620,0.1337,14.1978,0.2408,0.2408,0.0000,NA,0.0000,8.1499,NA,NA
q2rtx.exe,39492,0x177137A1C80,DXGI,0,512,1,Hardware: Independent Flip,Application,622652770051,15.1553,12.97950000000000,5.29640000000000,0.20770000000000,14.84200000000000,14.8434,NA,622652641593,13.0535,12.8458,0.2077,14.2429,13.4449,13.4353,0.0096,0.1836,9898.0624,0.0014,NA,NA
q2rtx.exe,39492,0x177137A1C80,DXGI,0,512,1,Hardware: Independent Flip,Application,622652782921,NA,1.28700000000000,5.00170000000000,0.21970000000000,14.84290000000000,18.5581,NA,622652772128,1.2990,1.0793,0.2197,14.6343,1.2879,1.2879,0.0000,NA,0.0000,3.7152,NA,NA
q2rtx.exe,39492,0x177137A1C80,DXGI,0,512,1,Hardware: Independent Flip,Application,622652785694,NA,0.27730000000000,4.97000000000000,0.13490000000000,14.80200000000000,23.2508,NA,622652785118,0.1925,0.0576,0.1349,14.6232,0.2364,0.2364,0.0000,NA,0.0000,8.4488,NA,NA
q2rtx.exe,39492,0x177137A1C80,DXGI,0,512,1,Hardware: Independent Flip,Application,622652920252,14.9196,13.45580000000000,4.92610000000000,0.21500000000000,14.55420000000000,14.7211,NA,622652787043,13.5359,13.3209,0.2150,14.6671,13.2080,13.1990,0.0090,0.0218,9912.9820,0.1669,NA,NA
q2rtx.exe,39492,0x177137A1C80,DXGI,0,512,1,Hardware: Independent Flip,Application,622652932478,NA,1.22260000000000,4.76790000000000,0.23300000000000,14.64440000000000,18.2664,NA,622652922402,1.2406,1.0076,0.2330,14.3392,1.3128,1.3128,0.0000,NA,0.0000,3.6220,NA,NA
q2rtx.exe,39492,0x177137A1C80,DXGI,0,512,1,Hardware: Independent Flip,Application,622652935378,NA,0.29000000000000,4.88330000000000,0.13330000000000,14.58090000000000,22.8597,NA,622652934808,0.1903,0.0570,0.1333,14.4114,0.2265,0.2265,0.0000,NA,0.0000,8.2788,NA,NA
q2rtx.exe,39492,0x177137A1C80,DXGI,0,512,1,Hardware: Independent Flip,Application,622653067767,14.8260,13.23890000000000,4.74370000000000,0.21050000000000,14.36360000000000,14.3645,NA,622652936711,13.3161,13.1056,0.2105,14.4476,13.0216,13.0173,0.0043,0.4311,9927.8080,0.0009,NA,NA
q2rtx.exe,39492,0x177137A1C80,DXGI,0,512,1,Hardware: Independent Flip,Application,622653080273,NA,1.25060000000000,4.92820000000000,0.19380000000000,14.43140000000000,18.0421,NA,622653069872,1.2339,1.0401,0.1938,14.1531,1.3184,1.3184,0.0000,NA,0.0000,3.6107,NA,NA
q2rtx.exe,39492,0x177137A1C80,DXGI,0,512,1,Hardware: Independent Flip,Application,622653082737,NA,0.24640000000000,4.66350000000000,0.12220000000000,14.42400000000000,22.4592,NA,622653082211,0.1748,0.0526,0.1222,14.2376,0.2390,0.2390,0.0000,NA,0.0000,8.0352,NA,NA
q2rtx.exe,39492,0x177137A1C80,DXGI,0,512,1,Hardware: Independent Flip,Application,622653213217,15.2613,13.04800000000000,5.47800000000000,0.18860000000000,14.84300000000000,14.8892,NA,622653083959,13.1144,12.9258,0.1886,14.3018,13.4670,13.4607,0.0063,0.1916,9943.0693,0.0462,NA,NA
q2rtx.exe,39492,0x177137A1C80,DXGI,0,512,1,Hardware: Independent Flip,Application,622653225931,NA,1.27140000000000,4.97260000000000,0.21410000000000,14.84080000000000,18.5904,NA,622653215103,1.2969,1.0828,0.2141,14.6544,1.2692,1.2692,0.0000,NA,0.0000,3.7496,NA,NA
q2rtx.exe,39492,0x177137A1C80,DXGI,0,512,1,Hardware: Independent Flip,Application,622653228707,NA,0.27760000000000,4.99070000000000,0.13410000000000,14.80450000000000,23.3035,NA,622653228072,0.1976,0.0635,0.1341,14.6267,0.2413,0.2413,0.0000,NA,0.0000,8.4990,NA,NA
q2rtx.exe,39492,0x177137A1C80,DXGI,0,512,1,Hardware: Independent Flip,Application,622653363242,15.0907,13.45350000000000,5.16840000000000,0.24000000000000,14.64270000000000,15.0184,NA,622653230048,13.5594,13.3194,0.2400,14.6704,13.2917,13.2826,0.0091,-0.0410,9958.1600,0.3757,NA,NA
q2rtx.exe,39492,0x177137A1C80,DXGI,0,512,1,Hardware: Independent Flip,Application,622653375484,NA,1.22420000000000,4.55540000000000,0.21870000000000,14.68680000000000,18.3496,NA,622653365642,1.2029,0.9842,0.2187,14.4027,1.2683,1.2683,0.0000,NA,0.0000,3.6628,NA,NA
q2rtx.exe,39492,0x177137A1C80,DXGI,0,512,1,Hardware: Independent Flip,Application,622653378228,NA,0.27440000000000,4.90530000000000,0.14210000000000,14.65690000000000,22.9805,NA,622653377671,0.1978,0.0557,0.1421,14.4681,0.2445,0.2445,0.0000,NA,0.0000,8.3236,NA,NA
q2rtx.exe,39492,0x177137A1C80,DXGI,0,512,1,Hardware: Independent Flip,Application,622653511271,14.8266,13.30430000000000,5.05640000000000,0.21300000000000,14.73180000000000,14.7326,NA,622653379649,13.3752,13.1622,0.2130,14.5148,13.3792,13.3719,0.0073,0.3095,9972.9866,0.0008,NA,NA
q2rtx.exe,39492,0x177137A1C80,DXGI,0,512,1,Hardware: Independent Flip,Application,622653523801,NA,1.25300000000000,4.91520000000000,0.20970000000000,14.78840000000000,18.3948,NA,622653513401,1.2497,1.0400,0.2097,14.5188,1.3096,1.3096,0.0000,NA,0.0000,3.6064,NA,NA
q2rtx.exe,39492,0x177137A1C80,DXGI,0,512,1,Hardware: Independent Flip,Application,622653526459,NA,0.26580000000000,4.75770000000000,0.12070000000000,14.75890000000000,22.8867,NA,622653525898,0.1768,0.0561,0.1207,14.5787,0.2363,0.2363,0.0000,NA,0.0000,8.1278,NA,NA
q2rtx.exe,39492,0x177137A1C80,DXGI,0,512,1,Hardware: Independent Flip,Application,622653660241,15.3709,13.37820000000000,5.44320000000000,0.21450000000000,14.86980000000000,14.9517,NA,622653527666,13.4720,13.2575,0.2145,14.6382,13.4891,13.4822,0.0069,0.2548,9988.3575,0.0819,NA,NA
q2rtx.exe,39492,0x177137A1C80,DXGI,0,512,1,Hardware: Independent Flip,Application,622653672857,NA,1.26160000000000,4.93830000000000,0.18410000000000,14.94190000000000,18.6284,NA,622653662386,1.2312,1.0471,0.1841,14.6553,1.3337,1.3337,0.0000,NA,0.0000,3.6865,NA,NA
q2rtx.exe,39492,0x177137A1C80,DXGI,0,512,1,Hardware: Independent Flip,Application,622653675232,NA,0.23750000000000,4.99810000000000,0.12450000000000,14.95560000000000,23.3890,NA,622653674698,0.1779,0.0534,0.1245,14.7578,0.2512,0.2512,0.0000,NA,0.0000,8.4334,NA,NA
q2rtx.exe,39492,0x177137A1C80,DXGI,0,512,1,Hardware: Independent Flip,Application,622653810808,15.2018,13.55760000000000,5.12280000000000,0.19730000000000,14.78020000000000,14.9542,NA,622653676477,13.6304,13.4331,0.1973,14.8311,13.3822,13.3759,0.0063,0.1426,10003.5593,0.1740,NA,NA
q2rtx.exe,39492,0x177137A1C80,DXGI,0,512,1,Hardware: Independent Flip,Application,622653823419,NA,1.26110000000000,4.80440000000000,0.20380000000000,14.82410000000000,18.4975,NA,622653812781,1.2676,1.0638,0.2038,14.5829,1.3050,1.3050,0.0000,NA,0.0000,3.6734,NA,NA
q2rtx.exe,39492,0x177137A1C80,DXGI,0,512,1,Hardware: Independent Flip,Application,622653825990,NA,0.25710000000000,4.94140000000000,0.12490000000000,14.80870000000000,23.1818,NA,622653825457,0.1782,0.0533,0.1249,14.6203,0.2417,0.2417,0.0000,NA,0.0000,8.3731,NA,NA
q2rtx.exe,39492,0x177137A1C80,DXGI,0,512,1,Hardware: Independent Flip,Application,622653960124,15.1803,13.41340000000000,4.97100000000000,0.23520000000000,14.73850000000000,14.7394,NA,622653827239,13.5237,13.2885,0.2352,14.6838,13.3432,13.3380,0.0052,0.4635,10018.7396,0.0009,NA,NA
q2rtx.exe,39492,0x177137A1C80,DXGI,0,512,1,Hardware: Independent Flip,Application,622653972907,NA,1.27830000000000,4.94670000000000,0.24370000000000,14.75340000000000,18.4078,NA,622653962476,1.2868,1.0431,0.2437,14.5033,1.2932,1.2932,0.0000,NA,0.0000,3.6544,NA,NA
q2rtx.exe,39492,0x177137A1C80,DXGI,0,512,1,Hardware: Independent Flip,Application,622653975931,NA,0.30240000000000,4.85670000000000,0.13640000000000,14.70680000000000,22.9621,NA,622653975344,0.1951,0.0587,0.1364,14.5097,0.2558,0.2558,0.0000,NA,0.0000,8.2553,NA,NA
q2rtx.exe,39492,0x177137A1C80,DXGI,0,512,1,Hardware: Independent Flip,Application,622654109037,15.4023,13.31060000000000,5.12450000000000,0.21070000000000,14.71120000000000,14.7760,NA,622653977295,13.3849,13.1742,0.2107,14.5704,13.3150,13.3080,0.0070,0.4744,10034.1419,0.0648,NA,NA
q2rtx.exe,39492,0x177137A1C80,DXGI,0,512,1,Hardware: Independent Flip,Application,622654121544,NA,1.25070000000000,4.90210000000000,0.24010000000000,14.80970000000000,18.4274,NA,622654111144,1.2801,1.0400,0.2401,14.5005,1.3492,1.3492,0.0000,NA,0.0000,3.6177,NA,NA
q2rtx.exe,39492,0x177137A1C80,DXGI,0,512,1,Hardware: Independent Flip,Application,622654124497,NA,0.29530000000000,4.93920000000000,0.12980000000000,14.75960000000000,23.0713,NA,622654123945,0.1850,0.0552,0.1298,14.5696,0.2452,0.2452,0.0000,NA,0.0000,8.3117,NA,NA
q2rtx.exe,39492,0x177137A1C80,DXGI,0,512,1,Hardware: Independent Flip,Application,622654258652,15.3830,13.41550000000000,5.19130000000000,0.24080000000000,14.75390000000000,14.8471,NA,622654125795,13.5265,13.2857,0.2408,14.6298,13.4098,13.4024,0.0074,0.3504,10049.5249,0.0932,NA,NA
q2rtx.exe,39492,0x177137A1C80,DXGI,0,512,1,Hardware: Independent Flip,Application,622654270969,NA,1.23170000000000,4.89510000000000,0.22400000000000,14.84350000000000,18.5105,NA,622654261060,1.2149,0.9909,0.2240,14.5131,1.3213,1.3213,0.0000,NA,0.0000,3.6670,NA,NA
q2rtx.exe,39492,0x177137A1C80,DXGI,0,512,1,Hardware: Independent Flip,Application,622654273780,NA,0.28110000000000,4.96680000000000,0.14320000000000,14.81150000000000,23.1962,NA,622654273209,0.2003,0.0571,0.1432,14.6195,0.2491,0.2491,0.0000,NA,0.0000,8.3847,NA,NA
q2rtx.exe,39492,0x177137A1C80,DXGI,0,512,1,Hardware: Independent Flip,Application,622654407587,15.2144,13.38070000000000,4.94300000000000,0.21300000000000,14.70100000000000,14.7585,NA,622654275212,13.4505,13.2375,0.2130,14.6683,13.2702,13.2651,0.0051,0.4095,10064.7393,0.0575,NA,NA
q2rtx.exe,39492,0x177137A1C80,DXGI,0,512,1,Hardware: Independent Flip,Application,622654420718,NA,1.31310000000000,4.87180000000000,0.22720000000000,14.71480000000000,18.3172,NA,622654409717,1.3273,1.1001,0.2272,14.4880,1.3269,1.3269,0.0000,NA,0.0000,3.6024,NA,NA
q2rtx.exe,39492,0x177137A1C80,DXGI,0,512,1,Hardware: Independent Flip,Application,622654423558,NA,0.28400000000000,4.90160000000000,0.13680000000000,14.65860000000000,22.9348,NA,622654422990,0.1936,0.0568,0.1368,14.4876,0.2278,0.2278,0.0000,NA,0.0000,8.2762,NA,NA
q2rtx.exe,39492,0x177137A1C80,DXGI,0,512,1,Hardware: Independent Flip,Application,622654556051,15.2977,13.24930000000000,5.01500000000000,0.22160000000000,14.69970000000000,14.7005,NA,622654424926,13.3341,13.1125,0.2216,14.5218,13.2904,13.2822,0.0082,0.5093,10080.0370,0.0008,NA,NA
q2rtx.exe,39492,0x177137A1C80,DXGI,0,512,1,Hardware: Independent Flip,Application,622654569071,NA,1.30200000000000,4.98930000000000,0.23560000000000,14.68140000000000,18.3878,NA,622654558267,1.3160,1.0804,0.2356,14.4781,1.2837,1.2837,0.0000,NA,0.0000,3.7064,NA,NA
q2rtx.exe,39492,0x177137A1C80,DXGI,0,512,1,Hardware: Independent Flip,Application,622654572021,NA,0.29500000000000,4.86330000000000,0.13250000000000,14.62870000000000,22.9561,NA,622654571427,0.1919,0.0594,0.1325,14.4458,0.2423,0.2423,0.0000,NA,0.0000,8.3274,NA,NA
q2rtx.exe,39492,0x177137A1C80,DXGI,0,512,1,Hardware: Independent Flip,Application,622654704644,15.4082,13.26230000000000,5.11140000000000,0.21050000000000,14.72360000000000,14.8052,NA,622654573346,13.3403,13.1298,0.2105,14.4962,13.3572,13.3510,0.0062,0.4442,10095.4452,0.0816,NA,NA
q2rtx.exe,39492,0x177137A1C80,DXGI,0,512,1,Hardware: Independent Flip,Application,622654717099,NA,1.24550000000000,4.89000000000000,0.22890000000000,14.80520000000000,18.4497,NA,622654706749,1.2639,1.0350,0.2289,14.5131,1.3271,1.3271,0.0000,NA,0.0000,3.6445,NA,NA
q2rtx.exe,39492,0x177137A1C80,DXGI,0,512,1,Hardware: Independent Flip,Application,622654719957,NA,0.28580000000000,4.94690000000000,0.14700000000000,14.77090000000000,23.1108,NA,622654719388,0.2039,0.0569,0.1470,14.5763,0.2515,0.2515,0.0000,NA,0.0000,8.3399,NA,NA
q2rtx.exe,39492,0x177137A1C80,DXGI,0,512,1,Hardware: Independent Flip,Application,622654853400,15.2147,13.34430000000000,5.14040000000000,0.20290000000000,14.83390000000000,14.9069,NA,622654721427,13.4002,13.1973,0.2029,14.6239,13.4073,13.4016,0.0057,0.2374,10110.6599,0.0730,NA,NA
q2rtx.exe,39492,0x177137A1C80,DXGI,0,512,1,Hardware: Independent Flip,Application,622654866940,NA,1.35400000000000,4.90600000000000,0.25920000000000,14.77600000000000,18.4589,NA,622654855429,1.4103,1.1511,0.2592,14.6310,1.2961,1.2961,0.0000,NA,0.0000,3.6829,NA,NA
q2rtx.exe,39492,0x177137A1C80,DXGI,0,512,1,Hardware: Independent Flip,Application,622654870128,NA,0.31880000000000,4.95700000000000,0.14040000000000,14.72200000000000,23.0971,NA,622654869532,0.2000,0.0596,0.1404,14.5168,0.2648,0.2648,0.0000,NA,0.0000,8.3751,NA,NA
q2rtx.exe,39492,0x177137A1C80,DXGI,0,512,1,Hardware: Independent Flip,Application,622655003478,15.3058,13.33500000000000,5.12750000000000,0.19270000000000,14.84110000000000,14.8896,NA,622654871532,13.3873,13.1946,0.1927,14.5816,13.4541,13.4478,0.0063,0.3153,10125.9657,0.0485,NA,NA
q2rtx.exe,39492,0x177137A1C80,DXGI,0,512,1,Hardware: Independent Flip,Application,622655016043,NA,1.25650000000000,4.94410000000000,0.31980000000000,14.87720000000000,18.5772,NA,622655005405,1.3836,1.0638,0.3198,14.6484,1.2926,1.2926,0.0000,NA,0.0000,3.7000,NA,NA
q2rtx.exe,39492,0x177137A1C80,DXGI,0,512,1,Hardware: Independent Flip,Application,622655019863,NA,0.38200000000000,4.96300000000000,0.14230000000000,14.72480000000000,23.1582,NA,622655019241,0.2045,0.0622,0.1423,14.5574,0.2296,0.2296,0.0000,NA,0.0000,8.4334,NA,NA
q2rtx.exe,39492,0x177137A1C80,DXGI,0,512,1,Hardware: Independent Flip,Application,622655153358,15.2679,13.34950000000000,5.02720000000000,0.20540000000000,14.78070000000000,14.8359,NA,622655021286,13.4126,13.2072,0.2054,14.5825,13.4054,13.3991,0.0063,0.3336,10141.2336,0.0552,NA,NA
q2rtx.exe,39492,0x177137A1C80,DXGI,0,512,1,Hardware: Independent Flip,Application,622655166065,NA,1.27070000000000,4.91770000000000,0.21420000000000,14.81080000000000,18.4829,NA,622655155412,1.2795,1.0653,0.2142,14.5753,1.3008,1.3008,0.0000,NA,0.0000,3.6721,NA,NA
q2rtx.exe,39492,0x177137A1C80,DXGI,0,512,1,Hardware: Independent Flip,Application,622655168781,NA,0.27160000000000,4.94670000000000,0.13160000000000,14.78330000000000,23.1580,NA,622655168207,0.1890,0.0574,0.1316,14.5966,0.2441,0.2441,0.0000,NA,0.0000,8.3747,NA,NA
q2rtx.exe,39492,0x177137A1C80,DXGI,0,512,1,Hardware: Independent Flip,Application,622655302560,15.4407,13.37790000000000,5.12480000000000,0.23530000000000,14.90070000000000,14.9049,NA,622655170097,13.4816,13.2463,0.2353,14.6517,13.4953,13.4891,0.0062,0.4515,10156.6743,0.0042,NA,NA
q2rtx.exe,39492,0x177137A1C80,DXGI,0,512,1,Hardware: Independent Flip,Application,622655315467,NA,1.29070000000000,5.01310000000000,0.22060000000000,15.04470000000000,18.6273,NA,622655304913,1.2760,1.0554,0.2206,14.6654,1.4347,1.4347,0.0000,NA,0.0000,3.5826,NA,NA
q2rtx.exe,39492,0x177137A1C80,DXGI,0,512,1,Hardware: Independent Flip,Application,622655318226,NA,0.27590000000000,4.96250000000000,0.13060000000000,15.00150000000000,23.3139,NA,622655317673,0.1859,0.0553,0.1306,14.8241,0.2327,0.2327,0.0000,NA,0.0000,8.3124,NA,NA
q2rtx.exe,39492,0x177137A1C80,DXGI,0,512,1,Hardware: Independent Flip,Application,622655453703,15.4704,13.54770000000000,5.53640000000000,0.24660000000000,15.21440000000000,15.3026,NA,622655319532,13.6637,13.4171,0.2466,14.8709,13.7606,13.7552,0.0054,-0.0416,10172.1447,0.0882,NA,NA
q2rtx.exe,39492,0x177137A1C80,DXGI,0,512,1,Hardware: Independent Flip,Application,622655467193,NA,1.34900000000000,5.06370000000000,0.22220000000000,15.18450000000000,19.0173,NA,622655456169,1.3246,1.1024,0.2222,14.9678,1.3191,1.3191,0.0000,NA,0.0000,3.8328,NA,NA
q2rtx.exe,39492,0x177137A1C80,DXGI,0,512,1,Hardware: Independent Flip,Application,622655469997,NA,0.28040000000000,5.12400000000000,0.15350000000000,15.14440000000000,23.8609,NA,622655469415,0.2117,0.0582,0.1535,14.9623,0.2403,0.2403,0.0000,NA,0.0000,8.7165,NA,NA
q2rtx.exe,39492,0x177137A1C80,DXGI,0,512,1,Hardware: Independent Flip,Application,622655607348,15.3577,13.73510000000000,5.04590000000000,0.22390000000000,15.02100000000000,15.1717,NA,622655471532,13.8055,13.5816,0.2239,14.9909,13.6117,13.6060,0.0057,0.1241,10187.5024,0.1507,NA,NA
q2rtx.exe,39492,0x177137A1C80,DXGI,0,512,1,Hardware: Independent Flip,Application,622655620663,NA,1.33150000000000,4.89160000000000,0.20670000000000,15.00140000000000,18.7318,NA,622655609587,1.3143,1.1076,0.2067,14.7971,1.3119,1.3119,0.0000,NA,0.0000,3.7304,NA,NA
q2rtx.exe,39492,0x177137A1C80,DXGI,0,512,1,Hardware: Independent Flip,Application,622655623317,NA,0.26540000000000,5.00900000000000,0.13570000000000,14.97570000000000,23.4754,NA,622655622730,0.1944,0.0587,0.1357,14.7947,0.2397,0.2397,0.0000,NA,0.0000,8.4997,NA,NA
q2rtx.exe,39492,0x177137A1C80,DXGI,0,512,1,Hardware: Independent Flip,Application,622655758992,15.4914,13.56750000000000,4.96420000000000,0.20610000000000,14.87100000000000,14.8721,NA,622655624674,13.6379,13.4318,0.2061,14.8400,13.4628,13.4566,0.0062,0.6266,10202.9938,0.0011,NA,NA
q2rtx.exe,39492,0x177137A1C80,DXGI,0,512,1,Hardware: Independent Flip,Application,622655771779,NA,1.27870000000000,5.11050000000000,0.23310000000000,14.91730000000000,18.7039,NA,622655761053,1.3057,1.0726,0.2331,14.6649,1.3250,1.3250,0.0000,NA,0.0000,3.7866,NA,NA
q2rtx.exe,39492,0x177137A1C80,DXGI,0,512,1,Hardware: Independent Flip,Application,622655774659,NA,0.28800000000000,4.79210000000000,0.13100000000000,14.84700000000000,23.2080,NA,622655774110,0.1859,0.0549,0.1310,14.6842,0.2177,0.2177,0.0000,NA,0.0000,8.3610,NA,NA
q2rtx.exe,39492,0x177137A1C80,DXGI,0,512,1,Hardware: Independent Flip,Application,622655910080,15.9136,13.54210000000000,5.36280000000000,0.25280000000000,14.94960000000000,15.0287,NA,622655775969,13.6639,13.4111,0.2528,14.7160,13.6447,13.6404,0.0043,0.6482,10218.9074,0.0791,NA,NA
q2rtx.exe,39492,0x177137A1C80,DXGI,0,512,1,Hardware: Independent Flip,Application,622655922422,NA,1.23420000000000,4.99700000000000,0.19210000000000,15.03200000000000,18.7915,NA,622655912608,1.1735,0.9814,0.1921,14.6968,1.3166,1.3166,0.0000,NA,0.0000,3.7595,NA,NA
q2rtx.exe,39492,0x177137A1C80,DXGI,0,512,1,Hardware: Independent Flip,Application,622655924921,NA,0.24990000000000,5.04930000000000,0.13830000000000,15.02420000000000,23.5909,NA,622655924343,0.1961,0.0578,0.1383,14.8399,0.2421,0.2421,0.0000,NA,0.0000,8.5667,NA,NA
q2rtx.exe,39492,0x177137A1C80,DXGI,0,512,1,Hardware: Independent Flip,Application,622656061467,15.5706,13.65460000000000,5.28970000000000,0.21490000000000,15.00090000000000,15.2260,NA,622655926304,13.7312,13.5163,0.2149,14.8859,13.6313,13.6251,0.0062,0.2346,10234.4780,0.2251,NA,NA
q2rtx.exe,39492,0x177137A1C80,DXGI,0,512,1,Hardware: Independent Flip,Application,622656074082,NA,1.26150000000000,4.82400000000000,0.22790000000000,15.05790000000000,18.7885,NA,622656063616,1.2745,1.0466,0.2279,14.7860,1.3185,1.3185,0.0000,NA,0.0000,3.7306,NA,NA
q2rtx.exe,39492,0x177137A1C80,DXGI,0,512,1,Hardware: Independent Flip,Application,622656076953,NA,0.28710000000000,5.02350000000000,0.12930000000000,15.02990000000000,23.5249,NA,622656076361,0.1885,0.0592,0.1293,14.8300,0.2591,0.2591,0.0000,NA,0.0000,8.4950,NA,NA
q2rtx.exe,39492,0x177137A1C80,DXGI,0,512,1,Hardware: Independent Flip,Application,622656213221,15.5398,13.62680000000000,5.22320000000000,0.30970000000000,15.10730000000000,15.1213,NA,622656078246,13.8072,13.4975,0.3097,14.9006,13.7042,13.6950,0.0092,0.4691,10250.0178,0.0140,NA,NA
q2rtx.exe,39492,0x177137A1C80,DXGI,0,512,1,Hardware: Independent Flip,Application,622656225911,NA,1.26900000000000,5.01410000000000,0.29770000000000,15.12580000000000,18.8664,NA,622656216318,1.2570,0.9593,0.2977,14.7976,1.2875,1.2875,0.0000,NA,0.0000,3.7406,NA,NA
q2rtx.exe,39492,0x177137A1C80,DXGI,0,512,1,Hardware: Independent Flip,Application,622656229477,NA,0.35660000000000,5.00560000000000,0.13850000000000,15.01370000000000,23.5154,NA,622656228888,0.1974,0.0589,0.1385,14.8281,0.2445,0.2445,0.0000,NA,0.0000,8.5017,NA,NA
q2rtx.exe,39492,0x177137A1C80,DXGI,0,512,1,Hardware: Independent Flip,Application,622656366314,15.6865,13.68370000000000,5.32660000000000,0.20280000000000,15.06930000000000,15.1583,NA,622656230862,13.7480,13.5452,0.2028,14.8752,13.7393,13.7349,0.0044,0.3402,10265.7043,0.0890,NA,NA
q2rtx.exe,39492,0x177137A1C80,DXGI,0,512,1,Hardware: Independent Flip,Application,622656378508,NA,1.21940000000000,5.03020000000000,0.22570000000000,15.27320000000000,18.9691,NA,622656368342,1.2423,1.0166,0.2257,14.8665,1.4233,1.4233,0.0000,NA,0.0000,3.6959,NA,NA
q2rtx.exe,39492,0x177137A1C80,DXGI,0,512,1,Hardware: Independent Flip,Application,622656381360,NA,0.28520000000000,5.05010000000000,0.13370000000000,15.21900000000000,23.7340,NA,622656380765,0.1932,0.0595,0.1337,15.0475,0.2310,0.2310,0.0000,NA,0.0000,8.5150,NA,NA
q2rtx.exe,39492,0x177137A1C80,DXGI,0,512,1,Hardware: Independent Flip,Application,622656518421,15.7022,13.70610000000000,5.16870000000000,0.22070000000000,15.12220000000000,15.1966,NA,622656382697,13.7931,13.5724,0.2207,15.0853,13.6093,13.6021,0.0072,0.4532,10281.4065,0.0744,NA,NA
q2rtx.exe,39492,0x177137A1C80,DXGI,0,512,1,Hardware: Independent Flip,Application,622656533705,NA,1.52840000000000,4.99470000000000,0.21330000000000,14.91740000000000,18.6629,NA,622656520628,1.5210,1.3077,0.2133,14.9015,1.3236,1.3236,0.0000,NA,0.0000,3.7455,NA,NA
q2rtx.exe,39492,0x177137A1C80,DXGI,0,512,1,Hardware: Independent Flip,Application,622656536466,NA,0.27610000000000,5.04310000000000,0.13570000000000,14.88650000000000,23.4299,NA,622656535838,0.1985,0.0628,0.1357,14.7041,0.2452,0.2452,0.0000,NA,0.0000,8.5434,NA,NA
q2rtx.exe,39492,0x177137A1C80,DXGI,0,512,1,Hardware: Independent Flip,Application,622656671058,15.7654,13.45920000000000,5.13470000000000,0.20720000000000,15.10160000000000,15.1054,NA,622656537823,13.5307,13.3235,0.2072,14.7508,13.6743,13.6694,0.0049,0.5929,10297.1719,0.0038,NA,NA
q2rtx.exe,39492,0x177137A1C80,DXGI,0,512,1,Hardware: Independent Flip,Application,622656684702,NA,1.36440000000000,5.06420000000000,0.25220000000000,15.04680000000000,18.8052,NA,622656673130,1.4094,1.1572,0.2522,14.8944,1.3096,1.3096,0.0000,NA,0.0000,3.7584,NA,NA
q2rtx.exe,39492,0x177137A1C80,DXGI,0,512,1,Hardware: Independent Flip,Application,622656687810,NA,0.31080000000000,5.04010000000000,0.13010000000000,14.97880000000000,23.5345,NA,622656687224,0.1887,0.0586,0.1301,14.7946,0.2428,0.2428,0.0000,NA,0.0000,8.5557,NA,NA
q2rtx.exe,39492,0x177137A1C80,DXGI,0,512,1,Hardware: Independent Flip,Application,622656823728,15.6340,13.59180000000000,5.24560000000000,0.21010000000000,15.14060000000000,15.1883,NA,622656689111,13.6718,13.4617,0.2101,14.8487,13.7536,13.7469,0.0067,0.2841,10312.8059,0.0477,NA,NA
q2rtx.exe,39492,0x177137A1C80,DXGI,0,512,1,Hardware: Independent Flip,Application,622656836721,NA,1.29930000000000,5.07940000000000,0.24740000000000,15.15900000000000,18.9684,NA,622656825829,1.3366,1.0892,0.2474,14.9305,1.3177,1.3177,0.0000,NA,0.0000,3.8094,NA,NA
q2rtx.exe,39492,0x177137A1C80,DXGI,0,512,1,Hardware: Independent Flip,Application,622656839783,NA,0.30620000000000,5.07000000000000,0.13810000000000,15.08730000000000,23.7322,NA,622656839195,0.1969,0.0588,0.1381,14.9116,0.2345,0.2345,0.0000,NA,0.0000,8.6449,NA,NA
q2rtx.exe,39492,0x177137A1C80,DXGI,0,512,1,Hardware: Independent Flip,Application,622656976883,15.6829,13.71000000000000,5.25230000000000,0.21160000000000,15.20470000000000,15.2745,NA,622656841164,13.7835,13.5719,0.2116,14.9492,13.8274,13.8219,0.0055,0.2812,10328.4888,0.0698,NA,NA
q2rtx.exe,39492,0x177137A1C80,DXGI,0,512,1,Hardware: Independent Flip,Application,622656989780,NA,1.28970000000000,5.05200000000000,0.21920000000000,15.20540000000000,19.0368,NA,622656978999,1.2973,1.0781,0.2192,14.9931,1.2904,1.2904,0.0000,NA,0.0000,3.8314,NA,NA
q2rtx.exe,39492,0x177137A1C80,DXGI,0,512,1,Hardware: Independent Flip,Application,622656992560,NA,0.27800000000000,5.09710000000000,0.13380000000000,15.18810000000000,23.8559,NA,622656991972,0.1926,0.0588,0.1338,14.9862,0.2607,0.2607,0.0000,NA,0.0000,8.6678,NA,NA
q2rtx.exe,39492,0x177137A1C80,DXGI,0,512,1,Hardware: Independent Flip,Application,622657130388,15.5163,13.78280000000000,5.04750000000000,0.21230000000000,15.08650000000000,15.1206,NA,622656993898,13.8613,13.6490,0.2123,15.0543,13.6812,13.6769,0.0043,0.3197,10344.0051,0.0341,NA,NA
q2rtx.exe,39492,0x177137A1C80,DXGI,0,512,1,Hardware: Independent Flip,Application,622657143205,NA,1.28170000000000,5.04290000000000,0.27140000000000,15.15330000000000,18.8818,NA,622657132511,1.3408,1.0694,0.2714,14.8742,1.3485,1.3485,0.0000,NA,0.0000,3.7285,NA,NA
q2rtx.exe,39492,0x177137A1C80,DXGI,0,512,1,Hardware: Independent Flip,Application,622657146520,NA,0.33150000000000,5.02600000000000,0.13520000000000,15.05210000000000,23.5763,NA,622657145919,0.1953,0.0601,0.1352,14.8819,0.2303,0.2303,0.0000,NA,0.0000,8.5242,NA,NA
q2rtx.exe,39492,0x177137A1C80,DXGI,0,512,1,Hardware: Independent Flip,Application,622657283623,15.6307,13.71030000000000,5.12980000000000,0.23410000000000,14.99500000000000,14.9958,NA,622657147872,13.8092,13.5751,0.2341,14.9169,13.6532,13.6481,0.0051,0.4320,10359.6358,0.0008,NA,NA
q2rtx.exe,39492,0x177137A1C80,DXGI,0,512,1,Hardware: Independent Flip,Application,622657295904,NA,1.22810000000000,5.12720000000000,0.21990000000000,15.13290000000000,18.8949,NA,622657285964,1.2139,0.9940,0.2199,14.7609,1.3660,1.3660,0.0000,NA,0.0000,3.7620,NA,NA
q2rtx.exe,39492,0x177137A1C80,DXGI,0,512,1,Hardware: Independent Flip,Application,622657298677,NA,0.27730000000000,4.99850000000000,0.13610000000000,15.09680000000000,23.6161,NA,622657298103,0.1935,0.0574,0.1361,14.9130,0.2412,0.2412,0.0000,NA,0.0000,8.5193,NA,NA
q2rtx.exe,39492,0x177137A1C80,DXGI,0,512,1,Hardware: Independent Flip,Application,622657435714,15.6679,13.70370000000000,5.02760000000000,0.20940000000000,14.87050000000000,14.9400,NA,622657300038,13.7770,13.5676,0.2094,14.9607,13.4774,13.4741,0.0033,0.5146,10375.3037,0.0695,NA,NA
q2rtx.exe,39492,0x177137A1C80,DXGI,0,512,1,Hardware: Independent Flip,Application,622657448498,NA,1.27840000000000,4.96990000000000,0.22550000000000,14.93220000000000,18.6315,NA,622657437808,1.2945,1.0690,0.2255,14.6611,1.3401,1.3401,0.0000,NA,0.0000,3.6993,NA,NA
q2rtx.exe,39492,0x177137A1C80,DXGI,0,512,1,Hardware: Independent Flip,Application,622657451319,NA,0.28210000000000,5.01150000000000,0.13140000000000,14.89210000000000,23.3609,NA,622657450753,0.1880,0.0566,0.1314,14.7067,0.2420,0.2420,0.0000,NA,0.0000,8.4688,NA,NA
q2rtx.exe,39492,0x177137A1C80,DXGI,0,512,1,Hardware: Independent Flip,Application,622657585858,15.2355,13.45390000000000,5.18500000000000,0.25270000000000,15.09120000000000,15.0920,NA,622657452633,13.5752,13.3225,0.2527,14.7607,13.6530,13.6477,0.0053,0.0691,10390.5392,0.0008,NA,NA
q2rtx.exe,39492,0x177137A1C80,DXGI,0,512,1,Hardware: Independent Flip,Application,622657598873,NA,1.30150000000000,5.09640000000000,0.24850000000000,15.16270000000000,18.8869,NA,622657588385,1.2973,1.0488,0.2485,14.8385,1.3730,1.3730,0.0000,NA,0.0000,3.7242,NA,NA
q2rtx.exe,39492,0x177137A1C80,DXGI,0,512,1,Hardware: Independent Flip,Application,622657601925,NA,0.30520000000000,5.01350000000000,0.13370000000000,15.09980000000000,23.5952,NA,622657601358,0.1904,0.0567,0.1337,14.9142,0.2423,0.2423,0.0000,NA,0.0000,8.4954,NA,NA
q2rtx.exe,39492,0x177137A1C80,DXGI,0,512,1,Hardware: Independent Flip,Application,622657738316,15.4116,13.63910000000000,4.58800000000000,0.22190000000000,14.45050000000000,14.5441,NA,622657603262,13.7273,13.5054,0.2219,14.9661,12.9898,12.9860,0.0038,0.7137,10405.9508,0.0936,NA,NA
q2rtx.exe,39492,0x177137A1C80,DXGI,0,512,1,Hardware: Independent Flip,Application,622657752285,NA,1.39690000000000,4.78380000000000,0.24640000000000,14.52930000000000,17.9310,NA,622657740535,1.4214,1.1750,0.2464,14.2286,1.4757,1.4757,0.0000,NA,0.0000,3.4017,NA,NA
q2rtx.exe,39492,0x177137A1C80,DXGI,0,512,1,Hardware: Independent Flip,Application,622657755401,NA,0.31160000000000,4.85510000000000,0.13920000000000,14.47980000000000,22.4745,NA,622657754749,0.2044,0.0652,0.1392,14.2829,0.2621,0.2621,0.0000,NA,0.0000,7.9947,NA,NA
q2rtx.exe,39492,0x177137A1C80,DXGI,0,512,1,Hardware: Independent Flip,Application,622657884203,15.1445,12.88020000000000,5.48260000000000,0.21090000000000,15.07600000000000,15.0769,NA,622657756793,12.9519,12.7410,0.2109,14.3406,13.4764,13.4722,0.0042,0.0230,10421.0953,0.0009,NA,NA
q2rtx.exe,39492,0x177137A1C80,DXGI,0,512,1,Hardware: Independent Flip,Application,622657898907,NA,1.47040000000000,5.31080000000000,0.23780000000000,15.04000000000000,18.9173,NA,622657886312,1.4973,1.2595,0.2378,14.8651,1.4344,1.4344,0.0000,NA,0.0000,3.8773,NA,NA
q2rtx.exe,39492,0x177137A1C80,DXGI,0,512,1,Hardware: Independent Flip,Application,622657901899,NA,0.29920000000000,4.76290000000000,0.13840000000000,15.00310000000000,23.3810,NA,622657901285,0.1998,0.0614,0.1384,14.8022,0.2623,0.2623,0.0000,NA,0.0000,8.3779,NA,NA
q2rtx.exe,39492,0x177137A1C80,DXGI,0,512,1,Hardware: Independent Flip,Application,622658036482,15.3039,13.45830000000000,5.44580000000000,0.22790000000000,14.99880000000000,15.3685,NA,622657903283,13.5478,13.3199,0.2279,14.8647,13.4540,13.4492,0.0048,-0.2156,10436.3992,0.3697,NA,NA
q2rtx.exe,39492,0x177137A1C80,DXGI,0,512,1,Hardware: Independent Flip,Application,622658050592,NA,1.41100000000000,4.69270000000000,0.25790000000000,14.94330000000000,18.6502,NA,622658038761,1.4410,1.1831,0.2579,14.7709,1.3555,1.3555,0.0000,NA,0.0000,3.7069,NA,NA
q2rtx.exe,39492,0x177137A1C80,DXGI,0,512,1,Hardware: Independent Flip,Application,622658053750,NA,0.31580000000000,5.03980000000000,0.13500000000000,14.89140000000000,23.3742,NA,622658053171,0.1929,0.0579,0.1350,14.6854,0.2639,0.2639,0.0000,NA,0.0000,8.4828,NA,NA
q2rtx.exe,39492,0x177137A1C80,DXGI,0,512,1,Hardware: Independent Flip,Application,622658188292,14.5953,13.45420000000000,5.02330000000000,0.21040000000000,14.79310000000000,14.9433,NA,622658055100,13.5296,13.3192,0.2104,14.7564,13.3559,13.3523,0.0036,-0.1605,10450.9945,0.1502,NA,NA
q2rtx.exe,39492,0x177137A1C80,DXGI,0,512,1,Hardware: Independent Flip,Application,622658201487,NA,1.31950000000000,4.72270000000000,0.31190000000000,14.81030000000000,18.3465,NA,622658190396,1.4210,1.1091,0.3119,14.5827,1.3367,1.3367,0.0000,NA,0.0000,3.5362,NA,NA
q2rtx.exe,39492,0x177137A1C80,DXGI,0,512,1,Hardware: Independent Flip,Application,622658205228,NA,0.37410000000000,4.86440000000000,0.14270000000000,14.68480000000000,22.8368,NA,622658204606,0.2049,0.0622,0.1427,14.4984,0.2486,0.2486,0.0000,NA,0.0000,8.1520,NA,NA
q2rtx.exe,39492,0x177137A1C80,DXGI,0,512,1,Hardware: Independent Flip,Application,622658337754,15.2239,13.25260000000000,5.20400000000000,0.23320000000000,14.78570000000000,14.7882,NA,622658206655,13.3431,13.1099,0.2332,14.5421,13.3535,13.3486,0.0049,0.4328,10466.2184,0.0025,NA,NA
q2rtx.exe,39492,0x177137A1C80,DXGI,0,512,1,Hardware: Independent Flip,Application,622658350998,NA,1.32440000000000,4.94010000000000,0.43450000000000,14.77630000000000,18.4039,NA,622658340086,1.5257,1.0912,0.4345,14.5525,1.3150,1.3150,0.0000,NA,0.0000,3.6276,NA,NA
q2rtx.exe,39492,0x177137A1C80,DXGI,0,512,1,Hardware: Independent Flip,Application,622658355955,NA,0.49570000000000,4.91540000000000,0.13890000000000,14.52290000000000,22.8236,NA,622658355343,0.2001,0.0612,0.1389,14.3418,0.2423,0.2423,0.0000,NA,0.0000,8.3007,NA,NA
q2rtx.exe,39492,0x177137A1C80,DXGI,0,512,1,Hardware: Independent Flip,Application,622658487202,15.1708,13.12470000000000,5.28900000000000,0.20380000000000,14.80610000000000,14.9879,NA,622658357344,13.1896,12.9858,0.2038,14.3840,13.4079,13.4019,0.0060,0.0263,10481.3892,0.1818,NA,NA
q2rtx.exe,39492,0x177137A1C80,DXGI,0,512,1,Hardware: Independent Flip,Application,622658500447,NA,1.32450000000000,4.81890000000000,0.19420000000000,14.80040000000000,18.4823,NA,622658489240,1.3149,1.1207,0.1942,14.6023,1.3188,1.3188,0.0000,NA,0.0000,3.6819,NA,NA
q2rtx.exe,39492,0x177137A1C80,DXGI,0,512,1,Hardware: Independent Flip,Application,622658502990,NA,0.25430000000000,4.97390000000000,0.13310000000000,14.79850000000000,23.2019,NA,622658502389,0.1932,0.0601,0.1331,14.6062,0.2524,0.2524,0.0000,NA,0.0000,8.4034,NA,NA
q2rtx.exe,39492,0x177137A1C80,DXGI,0,512,1,Hardware: Independent Flip,Application,622658636609,14.9125,13.36190000000000,4.80870000000000,0.22500000000000,14.59060000000000,14.6487,NA,622658504321,13.4538,13.2288,0.2250,14.6654,13.1540,13.1506,0.0034,0.3110,10496.3017,0.0581,NA,NA
q2rtx.exe,39492,0x177137A1C80,DXGI,0,512,1,Hardware: Independent Flip,Application,622658649725,NA,1.31160000000000,4.79370000000000,0.25340000000000,14.76040000000000,18.1308,NA,622658638859,1.3400,1.0866,0.2534,14.3656,1.4814,1.4814,0.0000,NA,0.0000,3.3704,NA,NA
q2rtx.exe,39492,0x177137A1C80,DXGI,0,512,1,Hardware: Independent Flip,Application,622658652853,NA,0.31280000000000,4.83100000000000,0.13580000000000,14.69280000000000,22.6490,NA,622658652259,0.1952,0.0594,0.1358,14.5070,0.2452,0.2452,0.0000,NA,0.0000,7.9562,NA,NA
q2rtx.exe,39492,0x177137A1C80,DXGI,0,512,1,Hardware: Independent Flip,Application,622658783895,14.9392,13.10420000000000,5.49780000000000,0.21650000000000,15.04180000000000,15.0426,NA,622658654211,13.1849,12.9684,0.2165,14.5570,13.4532,13.4482,0.0050,-0.1833,10511.2409,0.0008,NA,NA
q2rtx.exe,39492,0x177137A1C80,DXGI,0,512,1,Hardware: Independent Flip,Application,622658798677,NA,1.47820000000000,5.17100000000000,0.22030000000000,14.86250000000000,18.7354,NA,622658786060,1.4820,1.2617,0.2203,14.8253,1.2989,1.2989,0.0000,NA,0.0000,3.8729,NA,NA
q2rtx.exe,39492,0x177137A1C80,DXGI,0,512,1,Hardware: Independent Flip,Application,622658801451,NA,0.27740000000000,4.91280000000000,0.14260000000000,14.87110000000000,23.3708,NA,622658800880,0.1997,0.0571,0.1426,14.6422,0.2860,0.2860,0.0000,NA,0.0000,8.4997,NA,NA
q2rtx.exe,39492,0x177137A1C80,DXGI,0,512,1,Hardware: Independent Flip,Application,622658935822,14.9365,13.43710000000000,5.21270000000000,0.19740000000000,14.84600000000000,15.1464,NA,622658802877,13.4919,13.2945,0.1974,14.7285,13.4120,13.4068,0.0052,-0.3600,10526.1774,0.3004,NA,NA
q2rtx.exe,39492,0x177137A1C80,DXGI,0,512,1,Hardware: Independent Flip,Application,622658948551,NA,1.27290000000000,4.71130000000000,0.23430000000000,14.91950000000000,18.5848,NA,622658937796,1.3098,1.0755,0.2343,14.6486,1.3464,1.3464,0.0000,NA,0.0000,3.6653,NA,NA
q2rtx.exe,39492,0x177137A1C80,DXGI,0,512,1,Hardware: Independent Flip,Application,622658951573,NA,0.30220000000000,4.98520000000000,0.17050000000000,14.86610000000000,23.2678,NA,622658950894,0.2384,0.0679,0.1705,14.6852,0.2488,0.2488,0.0000,NA,0.0000,8.4017,NA,NA
q2rtx.exe,39492,0x177137A1C80,DXGI,0,512,1,Hardware: Independent Flip,Application,622659085742,14.6114,13.41690000000000,4.96450000000000,0.19990000000000,14.81460000000000,14.8154,NA,622658953278,13.4463,13.2464,0.1999,14.6956,13.3654,13.3622,0.0032,-0.0496,10540.7888,0.0008,NA,NA
q2rtx.exe,39492,0x177137A1C80,DXGI,0,512,1,Hardware: Independent Flip,Application,622659099363,NA,1.36210000000000,4.90470000000000,0.19510000000000,14.78420000000000,18.3580,NA,622659087741,1.3573,1.1622,0.1951,14.6147,1.3317,1.3317,0.0000,NA,0.0000,3.5738,NA,NA
q2rtx.exe,39492,0x177137A1C80,DXGI,0,512,1,Hardware: Independent Flip,Application,622659101888,NA,0.25250000000000,4.87750000000000,0.13230000000000,14.79400000000000,22.9830,NA,622659101314,0.1897,0.0574,0.1323,14.5891,0.2623,0.2623,0.0000,NA,0.0000,8.1890,NA,NA
q2rtx.exe,39492,0x177137A1C80,DXGI,0,512,1,Hardware: Independent Flip,Application,622659235335,15.1268,13.34470000000000,5.32480000000000,0.20710000000000,14.90730000000000,14.9631,NA,622659103211,13.4195,13.2124,0.2071,14.6617,13.4580,13.4116,0.0464,0.0198,10555.9156,0.0558,NA,NA
q2rtx.exe,39492,0x177137A1C80,DXGI,0,512,1,Hardware: Independent Flip,Application,622659248598,NA,1.32630000000000,4.99330000000000,0.23870000000000,14.94530000000000,18.6301,NA,622659237406,1.3579,1.1192,0.2387,14.7002,1.3643,1.3643,0.0000,NA,0.0000,3.6848,NA,NA
q2rtx.exe,39492,0x177137A1C80,DXGI,0,512,1,Hardware: Independent Flip,Application,622659251575,NA,0.29770000000000,4.97920000000000,0.12870000000000,14.87020000000000,23.3116,NA,622659250985,0.1877,0.0590,0.1287,14.7066,0.2226,0.2226,0.0000,NA,0.0000,8.4414,NA,NA
q2rtx.exe,39492,0x177137A1C80,DXGI,0,512,1,Hardware: Independent Flip,Application,622659385922,14.9449,13.43470000000000,5.19730000000000,0.22880000000000,14.87490000000000,15.0742,NA,622659252862,13.5348,13.3060,0.2288,14.7415,13.4394,13.4335,0.0059,-0.2249,10570.8605,0.1993,NA,NA
q2rtx.exe,39492,0x177137A1C80,DXGI,0,512,1,Hardware: Independent Flip,Application,622659399151,NA,1.32290000000000,4.79830000000000,0.21810000000000,14.85140000000000,18.5496,NA,622659388210,1.3122,1.0941,0.2181,14.6461,1.2994,1.2994,0.0000,NA,0.0000,3.6982,NA,NA
q2rtx.exe,39492,0x177137A1C80,DXGI,0,512,1,Hardware: Independent Flip,Application,622659401876,NA,0.27250000000000,4.98440000000000,0.12910000000000,14.83910000000000,23.2615,NA,622659401332,0.1835,0.0544,0.1291,14.6333,0.2602,0.2602,0.0000,NA,0.0000,8.4224,NA,NA
q2rtx.exe,39492,0x177137A1C80,DXGI,0,512,1,Hardware: Independent Flip,Application,622659536190,14.8659,13.43140000000000,4.88410000000000,0.21550000000000,14.71170000000000,14.7142,NA,622659403167,13.5178,13.3023,0.2155,14.7100,13.3040,13.3007,0.0033,0.1991,10585.7264,0.0025,NA,NA
q2rtx.exe,39492,0x177137A1C80,DXGI,0,512,1,Hardware: Independent Flip,Application,622659549157,NA,1.29670000000000,4.89600000000000,0.30940000000000,14.74640000000000,18.3135,NA,622659538345,1.3906,1.0812,0.3094,14.4962,1.3314,1.3314,0.0000,NA,0.0000,3.5671,NA,NA
q2rtx.exe,39492,0x177137A1C80,DXGI,0,512,1,Hardware: Independent Flip,Application,622659552863,NA,0.37060000000000,4.87760000000000,0.13740000000000,14.64250000000000,22.8205,NA,622659552251,0.1986,0.0612,0.1374,14.4370,0.2667,0.2667,0.0000,NA,0.0000,8.1780,NA,NA
q2rtx.exe,39492,0x177137A1C80,DXGI,0,512,1,Hardware: Independent Flip,Application,622659684819,14.9930,13.19560000000000,5.28200000000000,0.22340000000000,14.90610000000000,14.9069,NA,622659554237,13.2816,13.0582,0.2234,14.5051,13.4592,13.4533,0.0059,-0.0626,10600.7194,0.0008,NA,NA
q2rtx.exe,39492,0x177137A1C80,DXGI,0,512,1,Hardware: Independent Flip,Application,622659698211,NA,1.33920000000000,5.07360000000000,0.30560000000000,14.89860000000000,18.6413,NA,622659687053,1.4214,1.1158,0.3056,14.6827,1.3317,1.3317,0.0000,NA,0.0000,3.7427,NA,NA
q2rtx.exe,39492,0x177137A1C80,DXGI,0,512,1,Hardware: Independent Flip,Application,622659701885,NA,0.36740000000000,4.96050000000000,0.13900000000000,14.77860000000000,23.2344,NA,622659701267,0.2008,0.0618,0.1390,14.5930,0.2474,0.2474,0.0000,NA,0.0000,8.4558,NA,NA
q2rtx.exe,39492,0x177137A1C80,DXGI,0,512,1,Hardware: Independent Flip,Application,622659835501,14.9808,13.36160000000000,5.12050000000000,0.19670000000000,14.82500000000000,14.9933,NA,622659703275,13.4193,13.2226,0.1967,14.6396,13.4080,13.4036,0.0044,-0.1738,10615.7002,0.1683,NA,NA
q2rtx.exe,39492,0x177137A1C80,DXGI,0,512,1,Hardware: Independent Flip,Application,622659848970,NA,1.34690000000000,4.84020000000000,0.18370000000000,14.78160000000000,18.4866,NA,622659837468,1.3339,1.1502,0.1837,14.6283,1.3035,1.3035,0.0000,NA,0.0000,3.7050,NA,NA
q2rtx.exe,39492,0x177137A1C80,DXGI,0,512,1,Hardware: Independent Flip,Application,622659851370,NA,0.24000000000000,4.98150000000000,0.13050000000000,14.78880000000000,23.2281,NA,622659850807,0.1868,0.0563,0.1305,14.5979,0.2472,0.2472,0.0000,NA,0.0000,8.4393,NA,NA
q2rtx.exe,39492,0x177137A1C80,DXGI,0,512,1,Hardware: Independent Flip,Application,622659985544,14.7645,13.41740000000000,4.98070000000000,0.20840000000000,14.79060000000000,14.7914,NA,622659852675,13.4953,13.2869,0.2084,14.6583,13.4192,13.4159,0.0033,-0.0379,10630.4647,0.0008,NA,NA
q2rtx.exe,39492,0x177137A1C80,DXGI,0,512,1,Hardware: Independent Flip,Application,622659998208,NA,1.26640000000000,4.95980000000000,0.21760000000000,14.87090000000000,18.4848,NA,622659987628,1.2756,1.0580,0.2176,14.5822,1.3467,1.3467,0.0000,NA,0.0000,3.6139,NA,NA
q2rtx.exe,39492,0x177137A1C80,DXGI,0,512,1,Hardware: Independent Flip,Application,622660000984,NA,0.27760000000000,4.90750000000000,0.13360000000000,14.83400000000000,23.1147,NA,622660000384,0.1936,0.0600,0.1336,14.6533,0.2407,0.2407,0.0000,NA,0.0000,8.2807,NA,NA
q2rtx.exe,39492,0x177137A1C80,DXGI,0,512,1,Hardware: Independent Flip,Application,622660135620,14.9865,13.46360000000000,5.24670000000000,0.20660000000000,14.85420000000000,14.8978,NA,622660002320,13.5366,13.3300,0.2066,14.7004,13.4838,13.4788,0.0050,-0.1275,10645.4512,0.0436,NA,NA
q2rtx.exe,39492,0x177137A1C80,DXGI,0,512,1,Hardware: Independent Flip,Application,622660148152,NA,1.25320000000000,5.00230000000000,0.23480000000000,14.92200000000000,18.6469,NA,622660137686,1.2814,1.0466,0.2348,14.6476,1.3210,1.3210,0.0000,NA,0.0000,3.7249,NA,NA
q2rtx.exe,39492,0x177137A1C80,DXGI,0,512,1,Hardware: Independent Flip,Application,622660151062,NA,0.29100000000000,4.99640000000000,0.13370000000000,14.87460000000000,23.3523,NA,622660150500,0.1899,0.0562,0.1337,14.6872,0.2436,0.2436,0.0000,NA,0.0000,8.4777,NA,NA
q2rtx.exe,39492,0x177137A1C80,DXGI,0,512,1,Hardware: Independent Flip,Application,622660285786,15.0500,13.47240000000000,5.10890000000000,0.24750000000000,14.84930000000000,14.9888,NA,622660152399,13.5862,13.3387,0.2475,14.7409,13.4471,13.4422,0.0049,-0.0576,10660.5012,0.1395,NA,NA
q2rtx.exe,39492,0x177137A1C80,DXGI,0,512,1,Hardware: Independent Flip,Application,622660299221,NA,1.34350000000000,4.85970000000000,0.24600000000000,14.79680000000000,18.5050,NA,622660288261,1.3420,1.0960,0.2460,14.6018,1.2910,1.2910,0.0000,NA,0.0000,3.7082,NA,NA
q2rtx.exe,39492,0x177137A1C80,DXGI,0,512,1,Hardware: Independent Flip,Application,622660302267,NA,0.30460000000000,4.97540000000000,0.14280000000000,14.73670000000000,23.1758,NA,622660301681,0.2014,0.0586,0.1428,14.5508,0.2445,0.2445,0.0000,NA,0.0000,8.4391,NA,NA
q2rtx.exe,39492,0x177137A1C80,DXGI,0,512,1,Hardware: Independent Flip,Application,622660435840,14.8081,13.35730000000000,4.39760000000000,0.22790000000000,14.21520000000000,14.2161,NA,622660303695,13.4424,13.2145,0.2279,14.5939,12.8358,12.8324,0.0034,0.5754,10675.3093,0.0009,NA,NA
q2rtx.exe,39492,0x177137A1C80,DXGI,0,512,1,Hardware: Independent Flip,Application,622660448485,NA,1.26450000000000,4.76790000000000,0.22670000000000,14.24660000000000,17.7195,NA,622660438119,1.2633,1.0366,0.2267,13.9873,1.2959,1.2959,0.0000,NA,0.0000,3.4729,NA,NA
q2rtx.exe,39492,0x177137A1C80,DXGI,0,512,1,Hardware: Independent Flip,Application,622660451323,NA,0.28380000000000,4.72160000000000,0.19710000000000,14.22100000000000,22.1573,NA,622660450752,0.2542,0.0571,0.1971,14.0199,0.2582,0.2582,0.0000,NA,0.0000,7.9363,NA,NA
q2rtx.exe,39492,0x177137A1C80,DXGI,0,512,1,Hardware: Independent Flip,Application,622660579603,15.0797,12.82800000000000,5.30120000000000,0.21920000000000,14.62980000000000,14.6305,NA,622660453294,12.8501,12.6309,0.2192,14.0239,13.2368,13.2313,0.0055,0.2890,10690.3890,0.0007,NA,NA
q2rtx.exe,39492,0x177137A1C80,DXGI,0,512,1,Hardware: Independent Flip,Application,622660592333,NA,1.27300000000000,5.22300000000000,0.31250000000000,14.70330000000000,18.5805,NA,622660581795,1.3663,1.0538,0.3125,14.4106,1.3465,1.3465,0.0000,NA,0.0000,3.8772,NA,NA
q2rtx.exe,39492,0x177137A1C80,DXGI,0,512,1,Hardware: Independent Flip,Application,622660596082,NA,0.37490000000000,4.63530000000000,0.14030000000000,14.58070000000000,22.8409,NA,622660595458,0.2027,0.0624,0.1403,14.3908,0.2523,0.2523,0.0000,NA,0.0000,8.2602,NA,NA
q2rtx.exe,39492,0x177137A1C80,DXGI,0,512,1,Hardware: Independent Flip,Application,622660727569,15.0465,13.14870000000000,4.99920000000000,0.23490000000000,14.34830000000000,14.6914,NA,622660597485,13.2433,13.0084,0.2349,14.4404,12.9163,12.9096,0.0067,0.1890,10705.4355,0.3431,NA,NA
q2rtx.exe,39492,0x177137A1C80,DXGI,0,512,1,Hardware: Independent Flip,Application,622660741168,NA,1.35990000000000,4.52790000000000,0.30570000000000,14.29220000000000,17.8594,NA,622660729918,1.4307,1.1250,0.3057,14.1134,1.3038,1.3038,0.0000,NA,0.0000,3.5672,NA,NA
q2rtx.exe,39492,0x177137A1C80,DXGI,0,512,1,Hardware: Independent Flip,Application,622660745392,NA,0.42240000000000,4.80200000000000,0.14340000000000,14.09460000000000,22.2390,NA,622660744225,0.2601,0.1167,0.1434,13.9865,0.2248,0.2248,0.0000,NA,0.0000,8.1444,NA,NA
q2rtx.exe,39492,0x177137A1C80,DXGI,0,512,1,Hardware: Independent Flip,Application,622660872720,14.4081,12.73280000000000,4.78980000000000,0.32980000000000,14.29130000000000,14.2960,NA,622660746826,12.9192,12.5894,0.3298,13.9512,12.9295,12.9263,0.0032,0.2884,10719.8436,0.0047,NA,NA
q2rtx.exe,39492,0x177137A1C80,DXGI,0,512,1,Hardware: Independent Flip,Application,622660885542,NA,1.28220000000000,4.71190000000000,0.20470000000000,14.37620000000000,17.7257,NA,622660876018,1.1571,0.9524,0.2047,13.9615,1.3671,1.3671,0.0000,NA,0.0000,3.3495,NA,NA
q2rtx.exe,39492,0x177137A1C80,DXGI,0,512,1,Hardware: Independent Flip,Application,622660888181,NA,0.26390000000000,4.69110000000000,0.14380000000000,14.35420000000000,22.1529,NA,622660887589,0.2030,0.0592,0.1438,14.1715,0.2419,0.2419,0.0000,NA,0.0000,7.7987,NA,NA
q2rtx.exe,39492,0x177137A1C80,DXGI,0,512,1,Hardware: Independent Flip,Application,622661017064,14.7181,12.88830000000000,5.25760000000000,0.20920000000000,14.47040000000000,14.5222,NA,622660889619,12.9537,12.7445,0.2092,14.2104,13.0045,12.9989,0.0056,0.0575,10734.5617,0.0518,NA,NA
q2rtx.exe,39492,0x177137A1C80,DXGI,0,512,1,Hardware: Independent Flip,Application,622661030600,NA,1.35360000000000,4.83160000000000,0.21880000000000,14.44520000000000,18.0002,NA,622661019156,1.3632,1.1444,0.2188,14.2612,1.3284,1.3284,0.0000,NA,0.0000,3.5550,NA,NA
q2rtx.exe,39492,0x177137A1C80,DXGI,0,512,1,Hardware: Independent Flip,Application,622661033417,NA,0.28170000000000,4.85520000000000,0.13300000000000,14.40380000000000,22.5737,NA,622661032788,0.1959,0.0629,0.1330,14.2264,0.2403,0.2403,0.0000,NA,0.0000,8.1699,NA,NA
q2rtx.exe,39492,0x177137A1C80,DXGI,0,512,1,Hardware: Independent Flip,Application,622661163253,14.6301,12.98360000000000,5.27130000000000,0.22400000000000,14.61300000000000,14.8614,NA,622661034747,13.0746,12.8506,0.2240,14.2708,13.1928,13.1883,0.0045,-0.3280,10749.1918,0.2484,NA,NA
q2rtx.exe,39492,0x177137A1C80,DXGI,0,512,1,Hardware: Independent Flip,Application,622661176434,NA,1.31810000000000,4.66280000000000,0.22030000000000,14.59110000000000,18.2061,NA,622661165493,1.3144,1.0941,0.2203,14.3890,1.2962,1.2962,0.0000,NA,0.0000,3.6150,NA,NA
q2rtx.exe,39492,0x177137A1C80,DXGI,0,512,1,Hardware: Independent Flip,Application,622661179216,NA,0.27820000000000,4.88750000000000,0.13660000000000,14.55530000000000,22.8154,NA,622661178637,0.1945,0.0579,0.1366,14.3708,0.2424,0.2424,0.0000,NA,0.0000,8.2601,NA,NA
q2rtx.exe,39492,0x177137A1C80,DXGI,0,512,1,Hardware: Independent Flip,Application,622661310821,14.2418,13.16050000000000,4.92300000000000,0.21170000000000,14.51960000000000,14.5779,NA,622661180582,13.2356,13.0239,0.2117,14.4187,13.1248,13.1216,0.0032,-0.2315,10763.4336,0.0583,NA,NA
q2rtx.exe,39492,0x177137A1C80,DXGI,0,512,1,Hardware: Independent Flip,Application,622661323512,NA,1.26910000000000,4.75750000000000,0.22740000000000,14.52290000000000,18.0663,NA,622661312938,1.2848,1.0574,0.2274,14.3079,1.2724,1.2724,0.0000,NA,0.0000,3.5434,NA,NA
q2rtx.exe,39492,0x177137A1C80,DXGI,0,512,1,Hardware: Independent Flip,Application,622661326426,NA,0.29140000000000,4.79270000000000,0.13250000000000,14.47390000000000,22.5676,NA,622661325786,0.1965,0.0640,0.1325,14.2955,0.2424,0.2424,0.0000,NA,0.0000,8.0937,NA,NA
q2rtx.exe,39492,0x177137A1C80,DXGI,0,512,1,Hardware: Independent Flip,Application,622661457510,14.2406,13.10840000000000,5.31190000000000,0.22990000000000,14.77030000000000,14.7711,NA,622661327751,13.2058,12.9759,0.2299,14.3414,13.4048,13.4048,0.0000,-0.6215,10777.6742,0.0008,NA,NA
q2rtx.exe,39492,0x177137A1C80,DXGI,0,512,1,Hardware: Independent Flip,Application,622661470061,NA,1.25510000000000,4.98600000000000,0.22950000000000,14.91190000000000,18.5020,NA,622661459809,1.2547,1.0252,0.2295,14.5404,1.3967,1.3967,0.0000,NA,0.0000,3.5901,NA,NA
q2rtx.exe,39492,0x177137A1C80,DXGI,0,512,1,Hardware: Independent Flip,Application,622661472942,NA,0.28810000000000,4.91940000000000,0.14620000000000,14.86700000000000,23.1333,NA,622661472356,0.2048,0.0586,0.1462,14.6824,0.2432,0.2432,0.0000,NA,0.0000,8.2663,NA,NA
q2rtx.exe,39492,0x177137A1C80,DXGI,0,512,1,Hardware: Independent Flip,Application,622661607470,14.2423,13.45280000000000,5.22490000000000,0.23560000000000,14.70300000000000,14.9054,NA,622661474404,13.5422,13.3066,0.2356,14.7208,13.2888,13.2819,0.0069,-0.8880,10791.9165,0.2024,NA,NA
q2rtx.exe,39492,0x177137A1C80,DXGI,0,512,1,Hardware: Independent Flip,Application,622661620549,NA,1.30790000000000,4.78570000000000,0.21410000000000,14.67850000000000,18.3832,NA,622661609826,1.2864,1.0723,0.2141,14.4674,1.2834,1.2834,0.0000,NA,0.0000,3.7047,NA,NA
q2rtx.exe,39492,0x177137A1C80,DXGI,0,512,1,Hardware: Independent Flip,Application,622661623264,NA,0.27150000000000,4.96140000000000,0.13220000000000,14.65060000000000,23.0731,NA,622661622690,0.1896,0.0574,0.1322,14.4644,0.2436,0.2436,0.0000,NA,0.0000,8.4225,NA,NA
q2rtx.exe,39492,0x177137A1C80,DXGI,0,512,1,Hardware: Independent Flip,Application,622661755874,14.2415,13.26100000000000,4.72950000000000,0.21420000000000,14.49690000000000,14.5416,NA,622661624586,13.3430,13.1288,0.2142,14.5184,13.1073,13.1009,0.0064,-0.2351,10806.1580,0.0447,NA,NA
q2rtx.exe,39492,0x177137A1C80,DXGI,0,512,1,Hardware: Independent Flip,Application,622661768697,NA,1.28230000000000,4.77820000000000,0.22560000000000,14.49450000000000,18.0375,NA,622661758016,1.2937,1.0681,0.2256,14.2827,1.2799,1.2799,0.0000,NA,0.0000,3.5430,NA,NA
q2rtx.exe,39492,0x177137A1C80,DXGI,0,512,1,Hardware: Independent Flip,Application,622661771546,NA,0.28490000000000,4.80250000000000,0.13990000000000,14.48790000000000,22.5551,NA,622661770953,0.1992,0.0593,0.1399,14.2689,0.2783,0.2783,0.0000,NA,0.0000,8.0672,NA,NA
q2rtx.exe,39492,0x177137A1C80,DXGI,0,512,1,Hardware: Independent Flip,Application,622661902366,14.8927,13.08200000000000,5.00230000000000,0.21260000000000,14.47450000000000,14.4754,NA,622661772945,13.1547,12.9421,0.2126,14.3480,13.0686,13.0686,0.0000,0.3097,10821.0507,0.0009,NA,NA
q2rtx.exe,39492,0x177137A1C80,DXGI,0,512,1,Hardware: Independent Flip,Application,622661914994,NA,1.26280000000000,4.93620000000000,0.31730000000000,14.59980000000000,18.1488,NA,622661904492,1.3675,1.0502,0.3173,14.2619,1.3881,1.3881,0.0000,NA,0.0000,3.5490,NA,NA
q2rtx.exe,39492,0x177137A1C80,DXGI,0,512,1,Hardware: Independent Flip,Application,622661918806,NA,0.38120000000000,4.78460000000000,0.14720000000000,14.48100000000000,22.5522,NA,622661918167,0.2111,0.0639,0.1472,14.2825,0.2624,0.2624,0.0000,NA,0.0000,8.0712,NA,NA
q2rtx.exe,39492,0x177137A1C80,DXGI,0,512,1,Hardware: Independent Flip,Application,622662049251,15.0050,13.04450000000000,5.32060000000000,0.20130000000000,14.71620000000000,14.8283,NA,622661920278,13.0986,12.8973,0.2013,14.3338,13.2797,13.2797,0.0000,-0.0364,10836.0557,0.1121,NA,NA
q2rtx.exe,39492,0x177137A1C80,DXGI,0,512,1,Hardware: Independent Flip,Application,622662062536,NA,1.32850000000000,4.87720000000000,0.30500000000000,14.68330000000000,18.3770,NA,622662051264,1.4322,1.1272,0.3050,14.5149,1.2956,1.2956,0.0000,NA,0.0000,3.6937,NA,NA
q2rtx.exe,39492,0x177137A1C80,DXGI,0,512,1,Hardware: Independent Flip,Application,622662066191,NA,0.36550000000000,4.96680000000000,0.17540000000000,14.58400000000000,22.9783,NA,622662065586,0.2359,0.0605,0.1754,14.3783,0.2662,0.2662,0.0000,NA,0.0000,8.3943,NA,NA
q2rtx.exe,39492,0x177137A1C80,DXGI,0,512,1,Hardware: Independent Flip,Application,622662197676,14.6756,13.14850000000000,4.99420000000000,0.22400000000000,14.70710000000000,14.8240,NA,622662067945,13.1971,12.9731,0.2240,14.4086,13.2716,13.2653,0.0063,-0.1626,10850.7313,0.1169,NA,NA
q2rtx.exe,39492,0x177137A1C80,DXGI,0,512,1,Hardware: Independent Flip,Application,622662210793,NA,1.31170000000000,4.79930000000000,0.30650000000000,14.68220000000000,18.3116,NA,622662199916,1.3942,1.0877,0.3065,14.4831,1.2868,1.2868,0.0000,NA,0.0000,3.6294,NA,NA
q2rtx.exe,39492,0x177137A1C80,DXGI,0,512,1,Hardware: Independent Flip,Application,622662214453,NA,0.36600000000000,4.89080000000000,0.13780000000000,14.56280000000000,22.8364,NA,622662213858,0.1973,0.0595,0.1378,14.3757,0.2466,0.2466,0.0000,NA,0.0000,8.2736,NA,NA
q2rtx.exe,39492,0x177137A1C80,DXGI,0,512,1,Hardware: Independent Flip,Application,622662346564,14.8110,13.21110000000000,4.17700000000000,0.21060000000000,13.80140000000000,13.8023,NA,622662215831,13.2839,13.0733,0.2106,14.4250,12.4497,12.4464,0.0033,0.9439,10865.5423,0.0009,NA,NA
q2rtx.exe,39492,0x177137A1C80,DXGI,0,512,1,Hardware: Independent Flip,Application,622662358974,NA,1.24100000000000,4.68610000000000,0.22340000000000,13.84950000000000,17.2474,NA,622662348670,1.2538,1.0304,0.2234,13.5908,1.2891,1.2891,0.0000,NA,0.0000,3.3979,NA,NA
q2rtx.exe,39492,0x177137A1C80,DXGI,0,512,1,Hardware: Independent Flip,Application,622662361790,NA,0.28160000000000,4.55740000000000,0.13250000000000,13.80770000000000,21.5232,NA,622662361208,0.1907,0.0582,0.1325,13.6261,0.2398,0.2398,0.0000,NA,0.0000,7.7155,NA,NA
q2rtx.exe,39492,0x177137A1C80,DXGI,0,512,1,Hardware: Independent Flip,Application,622662486505,14.9422,12.47150000000000,5.38470000000000,0.19090000000000,14.43570000000000,14.4364,NA,622662363115,12.5299,12.3390,0.1909,13.6752,13.0995,13.0947,0.0048,0.3140,10880.4845,0.0007,NA,NA
q2rtx.exe,39492,0x177137A1C80,DXGI,0,512,1,Hardware: Independent Flip,Application,622662498589,NA,1.20840000000000,5.07260000000000,0.23070000000000,14.53090000000000,18.3006,NA,622662488414,1.2482,1.0175,0.2307,14.2448,1.3036,1.3036,0.0000,NA,0.0000,3.7697,NA,NA
q2rtx.exe,39492,0x177137A1C80,DXGI,0,512,1,Hardware: Independent Flip,Application,622662501426,NA,0.28370000000000,4.67460000000000,0.12740000000000,14.50450000000000,22.6915,NA,622662500896,0.1804,0.0530,0.1274,14.3002,0.2573,0.2573,0.0000,NA,0.0000,8.1870,NA,NA
q2rtx.exe,39492,0x177137A1C80,DXGI,0,512,1,Hardware: Independent Flip,Application,622662633002,15.0359,13.15760000000000,5.52030000000000,0.22060000000000,14.63450000000000,15.0542,NA,622662502700,13.2508,13.0302,0.2206,14.3771,13.2876,13.2833,0.0043,-0.2316,10895.5204,0.4197,NA,NA
q2rtx.exe,39492,0x177137A1C80,DXGI,0,512,1,Hardware: Independent Flip,Application,622662645480,NA,1.24780000000000,4.54210000000000,0.30570000000000,14.83490000000000,18.3485,NA,622662635208,1.3329,1.0272,0.3057,14.4139,1.4482,1.4482,0.0000,NA,0.0000,3.5136,NA,NA
q2rtx.exe,39492,0x177137A1C80,DXGI,0,512,1,Hardware: Independent Flip,Application,622662649140,NA,0.36600000000000,4.93300000000000,0.13720000000000,14.71820000000000,22.9155,NA,622662648537,0.1975,0.0603,0.1372,14.5292,0.2493,0.2493,0.0000,NA,0.0000,8.1973,NA,NA
q2rtx.exe,39492,0x177137A1C80,DXGI,0,512,1,Hardware: Independent Flip,Application,622662780694,14.0709,13.15540000000000,5.25140000000000,0.23340000000000,14.93540000000000,15.0115,NA,622662650512,13.2516,13.0182,0.2334,14.5810,13.3726,13.3726,0.0000,-0.6556,10909.5913,0.0761,NA,NA
q2rtx.exe,39492,0x177137A1C80,DXGI,0,512,1,Hardware: Independent Flip,Application,622662795020,NA,1.43260000000000,4.83220000000000,0.23150000000000,14.90720000000000,18.4111,NA,622662783028,1.4307,1.1992,0.2315,14.7020,1.4044,1.4044,0.0000,NA,0.0000,3.5039,NA,NA
q2rtx.exe,39492,0x177137A1C80,DXGI,0,512,1,Hardware: Independent Flip,Application,622662797883,NA,0.28630000000000,4.85510000000000,0.13060000000000,14.84750000000000,22.9799,NA,622662797335,0.1854,0.0548,0.1306,14.6757,0.2266,0.2266,0.0000,NA,0.0000,8.1324,NA,NA
q2rtx.exe,39492,0x177137A1C80,DXGI,0,512,1,Hardware: Independent Flip,Application,622662932637,14.8210,13.47540000000000,5.26750000000000,0.21780000000000,14.65870000000000,14.7720,NA,622662799189,13.5626,13.3448,0.2178,14.7169,13.2866,13.2866,0.0000,-0.1338,10924.4123,0.1133,NA,NA
q2rtx.exe,39492,0x177137A1C80,DXGI,0,512,1,Hardware: Independent Flip,Application,622662945341,NA,1.27040000000000,4.86370000000000,0.21420000000000,14.74740000000000,18.3653,NA,622662934815,1.2668,1.0526,0.2142,14.4409,1.3591,1.3591,0.0000,NA,0.0000,3.6179,NA,NA
q2rtx.exe,39492,0x177137A1C80,DXGI,0,512,1,Hardware: Independent Flip,Application,622662948065,NA,0.27240000000000,4.91690000000000,0.13330000000000,14.70330000000000,23.0098,NA,622662947483,0.1915,0.0582,0.1333,14.5332,0.2283,0.2283,0.0000,NA,0.0000,8.3065,NA,NA
q2rtx.exe,39492,0x177137A1C80,DXGI,0,512,1,Hardware: Independent Flip,Application,622663081533,14.9866,13.34680000000000,4.33070000000000,0.23120000000000,13.89040000000000,13.9937,NA,622662949398,13.4447,13.2135,0.2312,14.5700,12.5339,12.5307,0.0032,0.8753,10939.3989,0.1033,NA,NA
q2rtx.exe,39492,0x177137A1C80,DXGI,0,512,1,Hardware: Independent Flip,Application,622663094242,NA,1.27090000000000,4.59720000000000,0.20400000000000,13.97300000000000,17.3200,NA,622663083845,1.2437,1.0397,0.2040,13.6592,1.3535,1.3535,0.0000,NA,0.0000,3.3470,NA,NA
q2rtx.exe,39492,0x177137A1C80,DXGI,0,512,1,Hardware: Independent Flip,Application,622663096861,NA,0.26190000000000,4.63250000000000,0.14590000000000,13.92970000000000,21.6906,NA,622663096282,0.2038,0.0579,0.1459,13.7690,0.2186,0.2186,0.0000,NA,0.0000,7.7609,NA,NA
q2rtx.exe,39492,0x177137A1C80,DXGI,0,512,1,Hardware: Independent Flip,Application,622663221821,15.0468,12.49600000000000,5.37610000000000,0.18830000000000,14.56990000000000,14.5707,NA,622663098320,12.5384,12.3501,0.1883,13.7838,13.1362,13.1307,0.0055,0.4410,10954.4457,0.0008,NA,NA
q2rtx.exe,39492,0x177137A1C80,DXGI,0,512,1,Hardware: Independent Flip,Application,622663235002,NA,1.31810000000000,5.25610000000000,0.21840000000000,14.57200000000000,18.5087,NA,622663223704,1.3482,1.1298,0.2184,14.3816,1.3202,1.3202,0.0000,NA,0.0000,3.9367,NA,NA
q2rtx.exe,39492,0x177137A1C80,DXGI,0,512,1,Hardware: Independent Flip,Application,622663237748,NA,0.27460000000000,4.47690000000000,0.12950000000000,14.53130000000000,22.7110,NA,622663237186,0.1857,0.0562,0.1295,14.3536,0.2339,0.2339,0.0000,NA,0.0000,8.1797,NA,NA
q2rtx.exe,39492,0x177137A1C80,DXGI,0,512,1,Hardware: Independent Flip,Application,622663369856,14.9890,13.21080000000000,5.55840000000000,0.24460000000000,14.61170000000000,15.0586,NA,622663239043,13.3259,13.0813,0.2446,14.4018,13.2912,13.2861,0.0051,-0.3024,10969.4347,0.4469,NA,NA
q2rtx.exe,39492,0x177137A1C80,DXGI,0,512,1,Hardware: Independent Flip,Application,622663381929,NA,1.20730000000000,4.52320000000000,0.22470000000000,14.71680000000000,18.3745,NA,622663372302,1.1874,0.9627,0.2247,14.3671,1.3124,1.3124,0.0000,NA,0.0000,3.6577,NA,NA
q2rtx.exe,39492,0x177137A1C80,DXGI,0,512,1,Hardware: Independent Flip,Application,622663384759,NA,0.28300000000000,4.91920000000000,0.13540000000000,14.66260000000000,23.0107,NA,622663384176,0.1937,0.0583,0.1354,14.4921,0.2288,0.2288,0.0000,NA,0.0000,8.3481,NA,NA
q2rtx.exe,39492,0x177137A1C80,DXGI,0,512,1,Hardware: Independent Flip,Application,622663517609,14.1876,13.28500000000000,5.18910000000000,0.23850000000000,14.61660000000000,14.9148,NA,622663386113,13.3881,13.1496,0.2385,14.5272,13.2390,13.2357,0.0033,-0.4439,10983.6223,0.2982,NA,NA
q2rtx.exe,39492,0x177137A1C80,DXGI,0,512,1,Hardware: Independent Flip,Application,622663530303,NA,1.26940000000000,4.49080000000000,0.22010000000000,14.65430000000000,18.1362,NA,622663519994,1.2510,1.0309,0.2201,14.3781,1.3071,1.3071,0.0000,NA,0.0000,3.4819,NA,NA
q2rtx.exe,39492,0x177137A1C80,DXGI,0,512,1,Hardware: Independent Flip,Application,622663533093,NA,0.27900000000000,4.76670000000000,0.13700000000000,14.63710000000000,22.6239,NA,622663532504,0.1959,0.0589,0.1370,14.4342,0.2618,0.2618,0.0000,NA,0.0000,7.9868,NA,NA
q2rtx.exe,39492,0x177137A1C80,DXGI,0,512,1,Hardware: Independent Flip,Application,622663665152,14.8566,13.20590000000000,5.19530000000000,0.20700000000000,14.55840000000000,14.6133,NA,622663534463,13.2759,13.0689,0.2070,14.5001,13.1272,13.1226,0.0046,0.4038,10998.4789,0.0549,NA,NA
q2rtx.exe,39492,0x177137A1C80,DXGI,0,512,1,Hardware: Independent Flip,Application,622663678175,NA,1.30230000000000,4.75550000000000,0.31110000000000,14.57250000000000,18.0665,NA,622663667222,1.4064,1.0953,0.3111,14.3514,1.3164,1.3164,0.0000,NA,0.0000,3.4940,NA,NA
q2rtx.exe,39492,0x177137A1C80,DXGI,0,512,1,Hardware: Independent Flip,Application,622663681927,NA,0.37520000000000,4.78240000000000,0.14470000000000,14.44700000000000,22.4737,NA,622663681286,0.2088,0.0641,0.1447,14.2614,0.2497,0.2497,0.0000,NA,0.0000,8.0267,NA,NA
q2rtx.exe,39492,0x177137A1C80,DXGI,0,512,1,Hardware: Independent Flip,Application,622663812250,14.9292,13.03230000000000,5.48580000000000,0.21850000000000,14.74630000000000,14.9272,NA,622663683374,13.1061,12.8876,0.2185,14.3023,13.3316,13.3264,0.0052,-0.0945,11013.4081,0.1809,NA,NA
q2rtx.exe,39492,0x177137A1C80,DXGI,0,512,1,Hardware: Independent Flip,Application,622663825082,NA,1.28320000000000,4.78000000000000,0.22670000000000,14.75190000000000,18.4240,NA,622663814435,1.2914,1.0647,0.2267,14.5278,1.2888,1.2888,0.0000,NA,0.0000,3.6721,NA,NA
q2rtx.exe,39492,0x177137A1C80,DXGI,0,512,1,Hardware: Independent Flip,Application,622663827966,NA,0.28840000000000,4.93330000000000,0.13480000000000,14.70430000000000,23.0689,NA,622663827349,0.1965,0.0617,0.1348,14.5252,0.2408,0.2408,0.0000,NA,0.0000,8.3646,NA,NA
q2rtx.exe,39492,0x177137A1C80,DXGI,0,512,1,Hardware: Independent Flip,Application,622663962717,14.8197,13.47510000000000,4.94330000000000,0.23800000000000,14.35910000000000,14.5371,NA,622663829314,13.5783,13.3403,0.2380,14.5695,13.1299,13.1247,0.0052,0.1631,11028.2278,0.1780,NA,NA
q2rtx.exe,39492,0x177137A1C80,DXGI,0,512,1,Hardware: Independent Flip,Application,622663973948,NA,1.12310000000000,4.66300000000000,0.21660000000000,14.55180000000000,18.0770,NA,622663965097,1.1017,0.8851,0.2166,14.1211,1.3158,1.3158,0.0000,NA,0.0000,3.5252,NA,NA
q2rtx.exe,39492,0x177137A1C80,DXGI,0,512,1,Hardware: Independent Flip,Application,622663976679,NA,0.27310000000000,4.81140000000000,0.13230000000000,14.52230000000000,22.6153,NA,622663976114,0.1888,0.0565,0.1323,14.3352,0.2436,0.2436,0.0000,NA,0.0000,8.0930,NA,NA
q2rtx.exe,39492,0x177137A1C80,DXGI,0,512,1,Hardware: Independent Flip,Application,622664107592,14.7940,13.09130000000000,4.88540000000000,0.19390000000000,14.40860000000000,14.4094,NA,622663978002,13.1529,12.9590,0.1939,14.3900,12.9776,12.9733,0.0043,0.4342,11043.0218,0.0008,NA,NA
q2rtx.exe,39492,0x177137A1C80,DXGI,0,512,1,Hardware: Independent Flip,Application,622664120702,NA,1.31100000000000,4.87050000000000,0.18510000000000,14.47580000000000,17.9689,NA,622664109531,1.3022,1.1171,0.1851,14.2147,1.3782,1.3782,0.0000,NA,0.0000,3.4931,NA,NA
q2rtx.exe,39492,0x177137A1C80,DXGI,0,512,1,Hardware: Independent Flip,Application,622664123110,NA,0.24080000000000,4.67430000000000,0.13830000000000,14.47700000000000,22.4024,NA,622664122553,0.1940,0.0557,0.1383,14.2907,0.2420,0.2420,0.0000,NA,0.0000,7.9254,NA,NA
q2rtx.exe,39492,0x177137A1C80,DXGI,0,512,1,Hardware: Independent Flip,Application,622664253806,15.0122,13.06960000000000,5.30860000000000,0.22500000000000,14.53580000000000,14.6414,NA,622664124493,13.1563,12.9313,0.2250,14.3387,13.1284,13.1244,0.0040,0.1588,11058.0340,0.1056,NA,NA
q2rtx.exe,39492,0x177137A1C80,DXGI,0,512,1,Hardware: Independent Flip,Application,622664266782,NA,1.29760000000000,4.82580000000000,0.22570000000000,14.64200000000000,18.1696,NA,622664256056,1.2983,1.0726,0.2257,14.3108,1.4038,1.4038,0.0000,NA,0.0000,3.5276,NA,NA
q2rtx.exe,39492,0x177137A1C80,DXGI,0,512,1,Hardware: Independent Flip,Application,622664269632,NA,0.28500000000000,4.90500000000000,0.14050000000000,14.59500000000000,22.7896,NA,622664269039,0.1998,0.0593,0.1405,14.4163,0.2380,0.2380,0.0000,NA,0.0000,8.1946,NA,NA
q2rtx.exe,39492,0x177137A1C80,DXGI,0,512,1,Hardware: Independent Flip,Application,622664400835,14.7845,13.12030000000000,7.27440000000000,0.21680000000000,14.40320000000000,16.9437,NA,622664271037,13.1966,12.9798,0.2168,14.4545,12.9285,12.9215,0.0070,-2.2207,11072.8185,0.2561,NA,NA
q2rtx.exe,39492,0x177137A1C80,DXGI,0,512,1,Hardware: Independent Flip,Application,622664414419,NA,1.35840000000000,5.31580000000000,0.22830000000000,14.33440000000000,20.9011,NA,622664403003,1.3699,1.1416,0.2283,14.1864,1.2896,1.2896,0.0000,NA,0.0000,1.6746,NA,NA
q2rtx.exe,39492,0x177137A1C80,DXGI,0,512,1,Hardware: Independent Flip,Application,622664417297,NA,0.28780000000000,5.58520000000000,0.13430000000000,22.50750000000000,26.1985,NA,622664416702,0.1938,0.0595,0.1343,14.1061,8.4609,8.4609,0.0000,NA,0.0000,3.6910,NA,NA
q2rtx.exe,39492,0x177137A1C80,DXGI,0,512,1,Hardware: Independent Flip,Application,622664569973,14.5256,15.26760000000000,3.74050000000000,0.20880000000000,14.67060000000000,14.6714,NA,622664418640,15.3421,15.1333,0.2088,22.3732,7.4307,7.4239,0.0068,-0.1159,11087.3441,0.0008,NA,NA
q2rtx.exe,39492,0x177137A1C80,DXGI,0,512,1,Hardware: Independent Flip,Application,622664608915,NA,3.89420000000000,5.82570000000000,0.20720000000000,12.06400000000000,16.6029,NA,622664572061,3.8926,3.6854,0.2072,14.4618,1.2876,1.2876,0.0000,NA,0.0000,4.5389,NA,NA
q2rtx.exe,39492,0x177137A1C80,DXGI,0,512,1,Hardware: Independent Flip,Application,622664643702,NA,3.47870000000000,3.94110000000000,0.18640000000000,8.82260000000000,17.0653,NA,622664610987,3.4579,3.2715,0.1864,11.8568,0.2373,0.2373,0.0000,NA,0.0000,8.2427,NA,NA
q2rtx.exe,39492,0x177137A1C80,DXGI,0,512,1,Hardware: Independent Flip,Application,622664718099,14.8862,7.43970000000000,5.32530000000000,0.19880000000000,14.45150000000000,14.9509,NA,622664645566,7.4521,7.2533,0.1988,8.6362,13.0686,13.0605,0.0081,-0.2059,11102.2303,0.4994,NA,NA
q2rtx.exe,39492,0x177137A1C80,DXGI,0,512,1,Hardware: Independent Flip,Application,622664730728,NA,1.26290000000000,4.37850000000000,0.23000000000000,14.47450000000000,18.0665,NA,622664720087,1.2941,1.0641,0.2300,14.2527,1.2859,1.2859,0.0000,NA,0.0000,3.5920,NA,NA
q2rtx.exe,39492,0x177137A1C80,DXGI,0,512,1,Hardware: Independent Flip,Application,622664733579,NA,0.28510000000000,4.84780000000000,0.13660000000000,14.43180000000000,22.6292,NA,622664733028,0.1917,0.0551,0.1366,14.2445,0.2424,0.2424,0.0000,NA,0.0000,8.1974,NA,NA
q2rtx.exe,39492,0x177137A1C80,DXGI,0,512,1,Hardware: Independent Flip,Application,622664864271,14.6323,13.06920000000000,5.50040000000000,0.23390000000000,14.62520000000000,15.0604,NA,622664734945,13.1665,12.9326,0.2339,14.2952,13.2626,13.2593,0.0033,-0.0944,11116.8626,0.4352,NA,NA
q2rtx.exe,39492,0x177137A1C80,DXGI,0,512,1,Hardware: Independent Flip,Application,622664876766,NA,1.24950000000000,4.33900000000000,0.23000000000000,14.80250000000000,18.1499,NA,622664866610,1.2456,1.0156,0.2300,14.3913,1.4268,1.4268,0.0000,NA,0.0000,3.3474,NA,NA
q2rtx.exe,39492,0x177137A1C80,DXGI,0,512,1,Hardware: Independent Flip,Application,622664879651,NA,0.28850000000000,4.74800000000000,0.13420000000000,14.76000000000000,22.6094,NA,622664879066,0.1927,0.0585,0.1342,14.5725,0.2460,0.2460,0.0000,NA,0.0000,7.8494,NA,NA
q2rtx.exe,39492,0x177137A1C80,DXGI,0,512,1,Hardware: Independent Flip,Application,622665011591,17.3734,13.19400000000000,5.61900000000000,0.21690000000000,14.88440000000000,15.0344,NA,622664880993,13.2767,13.0598,0.2169,14.6258,13.3184,13.3137,0.0047,2.6674,11134.2360,0.1500,NA,NA
q2rtx.exe,39492,0x177137A1C80,DXGI,0,512,1,Hardware: Independent Flip,Application,622665026140,NA,1.45490000000000,4.71080000000000,0.21580000000000,14.84850000000000,18.2903,NA,622665013760,1.4538,1.2380,0.2158,14.6675,1.4190,1.4190,0.0000,NA,0.0000,3.4418,NA,NA
q2rtx.exe,39492,0x177137A1C80,DXGI,0,512,1,Hardware: Independent Flip,Application,622665028843,NA,0.27030000000000,4.83510000000000,0.13800000000000,14.81780000000000,22.8551,NA,622665028298,0.1925,0.0545,0.1380,14.6327,0.2396,0.2396,0.0000,NA,0.0000,8.0373,NA,NA
q2rtx.exe,39492,0x177137A1C80,DXGI,0,512,1,Hardware: Independent Flip,Application,622665162387,14.7753,13.35440000000000,5.51610000000000,0.21310000000000,14.66620000000000,15.0168,NA,622665030223,13.4295,13.2164,0.2131,14.6798,13.2028,13.1979,0.0049,-0.2867,11149.0113,0.3506,NA,NA
q2rtx.exe,39492,0x177137A1C80,DXGI,0,512,1,Hardware: Independent Flip,Application,622665175956,NA,1.35690000000000,4.58960000000000,0.23640000000000,14.66990000000000,18.2495,NA,622665164518,1.3802,1.1438,0.2364,14.4531,1.3606,1.3606,0.0000,NA,0.0000,3.5796,NA,NA
q2rtx.exe,39492,0x177137A1C80,DXGI,0,512,1,Hardware: Independent Flip,Application,622665178889,NA,0.29330000000000,4.87140000000000,0.14060000000000,14.61100000000000,22.8276,NA,622665178320,0.1975,0.0569,0.1406,14.4335,0.2344,0.2344,0.0000,NA,0.0000,8.2166,NA,NA
q2rtx.exe,39492,0x177137A1C80,DXGI,0,512,1,Hardware: Independent Flip,Application,622665310625,14.8761,13.17360000000000,4.91090000000000,0.30610000000000,14.43570000000000,14.5649,NA,622665180295,13.3391,13.0330,0.3061,14.4704,12.9983,12.9932,0.0051,0.5042,11163.8874,0.1292,NA,NA
q2rtx.exe,39492,0x177137A1C80,DXGI,0,512,1,Hardware: Independent Flip,Application,622665323823,NA,1.31980000000000,4.63370000000000,0.29750000000000,14.37410000000000,17.8788,NA,622665313686,1.3112,1.0137,0.2975,14.1296,1.2582,1.2582,0.0000,NA,0.0000,3.5047,NA,NA
q2rtx.exe,39492,0x177137A1C80,DXGI,0,512,1,Hardware: Independent Flip,Application,622665327490,NA,0.36670000000000,4.73250000000000,0.13860000000000,14.24790000000000,22.2446,NA,622665326798,0.2078,0.0692,0.1386,14.0766,0.2405,0.2405,0.0000,NA,0.0000,7.9967,NA,NA
q2rtx.exe,39492,0x177137A1C80,DXGI,0,512,1,Hardware: Independent Flip,Application,622665458752,15.1604,13.12620000000000,5.23490000000000,0.21530000000000,14.35250000000000,14.3533,NA,622665328876,13.2029,12.9876,0.2153,14.1093,13.2308,13.2273,0.0035,0.5593,11179.0478,0.0008,NA,NA
q2rtx.exe,39492,0x177137A1C80,DXGI,0,512,1,Hardware: Independent Flip,Application,622665468623,NA,0.98710000000000,4.93920000000000,0.22820000000000,14.85250000000000,18.3054,NA,622665460905,1.0000,0.7718,0.2282,14.1372,1.4871,1.4871,0.0000,NA,0.0000,3.4529,NA,NA
q2rtx.exe,39492,0x177137A1C80,DXGI,0,512,1,Hardware: Independent Flip,Application,622665471466,NA,0.28430000000000,4.79090000000000,0.13500000000000,14.81770000000000,22.8120,NA,622665470905,0.1911,0.0561,0.1350,14.6243,0.2495,0.2495,0.0000,NA,0.0000,7.9943,NA,NA
q2rtx.exe,39492,0x177137A1C80,DXGI,0,512,1,Hardware: Independent Flip,Application,622665613828,15.0070,14.23620000000000,5.38280000000000,0.39490000000000,13.72730000000000,13.9586,NA,622665472816,14.4961,14.1012,0.3949,14.6827,13.1458,13.1395,0.0063,-0.1059,11194.0548,0.2313,NA,NA
q2rtx.exe,39492,0x177137A1C80,DXGI,0,512,1,Hardware: Independent Flip,Application,622665618554,NA,0.47260000000000,4.72050000000000,0.29300000000000,14.50400000000000,18.2065,NA,622665617777,0.3707,0.0777,0.2930,13.3324,1.2493,1.2493,0.0000,NA,0.0000,3.7025,NA,NA
q2rtx.exe,39492,0x177137A1C80,DXGI,0,512,1,Hardware: Independent Flip,Application,622665622087,NA,0.35330000000000,4.94300000000000,0.15470000000000,14.39600000000000,22.7962,NA,622665621484,0.2150,0.0603,0.1547,14.2110,0.2453,0.2453,0.0000,NA,0.0000,8.4002,NA,NA
q2rtx.exe,39492,0x177137A1C80,DXGI,0,512,1,Hardware: Independent Flip,Application,622665760276,14.6829,13.81890000000000,4.97730000000000,0.26740000000000,13.78830000000000,13.9546,NA,622665623634,13.9316,13.6642,0.2674,14.2413,13.2112,13.2063,0.0049,0.0421,11208.7377,0.1663,NA,NA
q2rtx.exe,39492,0x177137A1C80,DXGI,0,512,1,Hardware: Independent Flip,Application,622665764610,NA,0.43340000000000,4.67640000000000,0.24210000000000,14.63590000000000,18.1976,NA,622665762950,0.4081,0.1660,0.2421,13.5209,1.2810,1.2810,0.0000,NA,0.0000,3.5617,NA,NA
q2rtx.exe,39492,0x177137A1C80,DXGI,0,512,1,Hardware: Independent Flip,Application,622665767635,NA,0.30250000000000,4.81360000000000,0.16320000000000,14.57600000000000,22.7087,NA,622665767031,0.2236,0.0604,0.1632,14.3938,0.2426,0.2426,0.0000,NA,0.0000,8.1327,NA,NA
q2rtx.exe,39492,0x177137A1C80,DXGI,0,512,1,Hardware: Independent Flip,Application,622665903091,14.5469,13.54560000000000,4.80850000000000,0.22390000000000,13.97070000000000,13.9716,NA,622665769267,13.6063,13.3824,0.2239,14.4128,12.9403,12.9371,0.0032,0.2484,11223.2846,0.0009,NA,NA
q2rtx.exe,39492,0x177137A1C80,DXGI,0,512,1,Hardware: Independent Flip,Application,622665912328,NA,0.92370000000000,4.80060000000000,0.21670000000000,14.46300000000000,17.8485,NA,622665905330,0.9165,0.6998,0.2167,13.7468,1.4160,1.4160,0.0000,NA,0.0000,3.3855,NA,NA
q2rtx.exe,39492,0x177137A1C80,DXGI,0,512,1,Hardware: Independent Flip,Application,622665915137,NA,0.28090000000000,4.72530000000000,0.13800000000000,14.41590000000000,22.2929,NA,622665914495,0.2022,0.0642,0.1380,14.2463,0.2338,0.2338,0.0000,NA,0.0000,7.8770,NA,NA
q2rtx.exe,39492,0x177137A1C80,DXGI,0,512,1,Hardware: Independent Flip,Application,622666051434,14.8307,13.62970000000000,5.33880000000000,0.24550000000000,13.99990000000000,14.0020,NA,622665916517,13.7372,13.4917,0.2455,14.2779,13.2137,13.2093,0.0044,-0.0340,11238.1153,0.0021,NA,NA
q2rtx.exe,39492,0x177137A1C80,DXGI,0,512,1,Hardware: Independent Flip,Application,622666058163,NA,0.67290000000000,4.98430000000000,0.23310000000000,14.74160000000000,18.3134,NA,622666053889,0.6605,0.4274,0.2331,13.7544,1.4146,1.4146,0.0000,NA,0.0000,3.5718,NA,NA
q2rtx.exe,39492,0x177137A1C80,DXGI,0,512,1,Hardware: Independent Flip,Application,622666061084,NA,0.29210000000000,4.91720000000000,0.13890000000000,14.67140000000000,22.9385,NA,622666060494,0.1979,0.0590,0.1389,14.5085,0.2219,0.2219,0.0000,NA,0.0000,8.2671,NA,NA
q2rtx.exe,39492,0x177137A1C80,DXGI,0,512,1,Hardware: Independent Flip,Application,622666200535,14.8580,13.94510000000000,5.08400000000000,0.26010000000000,13.87340000000000,14.0774,NA,622666062473,14.0663,13.8062,0.2601,14.5325,13.1471,13.1437,0.0034,-0.1275,11252.9733,0.2040,NA,NA
q2rtx.exe,39492,0x177137A1C80,DXGI,0,512,1,Hardware: Independent Flip,Application,622666206822,NA,0.62870000000000,4.73260000000000,0.21350000000000,14.49330000000000,18.1813,NA,622666203136,0.5821,0.3686,0.2135,13.6133,1.2486,1.2486,0.0000,NA,0.0000,3.6880,NA,NA
q2rtx.exe,39492,0x177137A1C80,DXGI,0,512,1,Hardware: Independent Flip,Application,622666209548,NA,0.27260000000000,4.92020000000000,0.15000000000000,14.46430000000000,22.8289,NA,622666208957,0.2091,0.0591,0.1500,14.2798,0.2436,0.2436,0.0000,NA,0.0000,8.3646,NA,NA
q2rtx.exe,39492,0x177137A1C80,DXGI,0,512,1,Hardware: Independent Flip,Application,622666340690,14.2960,13.11420000000000,4.86360000000000,0.21810000000000,14.57750000000000,14.5783,NA,622666211048,13.1823,12.9642,0.2181,14.3143,13.2274,13.2215,0.0059,-0.2204,11267.2693,0.0008,NA,NA
q2rtx.exe,39492,0x177137A1C80,DXGI,0,512,1,Hardware: Independent Flip,Application,622666352998,NA,1.23080000000000,4.91220000000000,0.23150000000000,14.64690000000000,18.2597,NA,622666342871,1.2442,1.0127,0.2315,14.3594,1.3002,1.3002,0.0000,NA,0.0000,3.6128,NA,NA
q2rtx.exe,39492,0x177137A1C80,DXGI,0,512,1,Hardware: Independent Flip,Application,622666355872,NA,0.28740000000000,4.76370000000000,0.12940000000000,14.57580000000000,22.7360,NA,622666355313,0.1853,0.0559,0.1294,14.4154,0.2163,0.2163,0.0000,NA,0.0000,8.1602,NA,NA
q2rtx.exe,39492,0x177137A1C80,DXGI,0,512,1,Hardware: Independent Flip,Application,622666488259,14.7352,13.23870000000000,4.98440000000000,0.25520000000000,14.43390000000000,14.4817,NA,622666357166,13.3645,13.1093,0.2552,14.4464,13.0968,13.0924,0.0044,0.0749,11282.0045,0.0478,NA,NA
q2rtx.exe,39492,0x177137A1C80,DXGI,0,512,1,Hardware: Independent Flip,Application,622666500644,NA,1.23850000000000,4.84680000000000,0.20790000000000,14.48780000000000,18.0900,NA,622666490811,1.1912,0.9833,0.2079,14.1787,1.2924,1.2924,0.0000,NA,0.0000,3.6022,NA,NA
q2rtx.exe,39492,0x177137A1C80,DXGI,0,512,1,Hardware: Independent Flip,Application,622666503302,NA,0.26580000000000,4.84190000000000,0.12900000000000,14.45180000000000,22.6661,NA,622666502723,0.1869,0.0579,0.1290,14.2799,0.2298,0.2298,0.0000,NA,0.0000,8.2143,NA,NA
q2rtx.exe,39492,0x177137A1C80,DXGI,0,512,1,Hardware: Independent Flip,Application,622666634645,14.6229,13.13430000000000,4.79650000000000,0.23740000000000,14.26100000000000,14.3283,NA,622666504592,13.2427,13.0053,0.2374,14.3228,12.9435,12.9403,0.0032,0.1377,11296.6274,0.0673,NA,NA
q2rtx.exe,39492,0x177137A1C80,DXGI,0,512,1,Hardware: Independent Flip,Application,622666646733,NA,1.20880000000000,4.75080000000000,0.21280000000000,14.36420000000000,17.8703,NA,622666637019,1.1842,0.9714,0.2128,14.0236,1.3120,1.3120,0.0000,NA,0.0000,3.5061,NA,NA
q2rtx.exe,39492,0x177137A1C80,DXGI,0,512,1,Hardware: Independent Flip,Application,622666649406,NA,0.26730000000000,4.79090000000000,0.13650000000000,14.34030000000000,22.3939,NA,622666648861,0.1910,0.0545,0.1365,14.1514,0.2434,0.2434,0.0000,NA,0.0000,8.0536,NA,NA
q2rtx.exe,39492,0x177137A1C80,DXGI,0,512,1,Hardware: Independent Flip,Application,622666782420,14.6522,13.30140000000000,5.14490000000000,0.20800000000000,14.23640000000000,14.2374,NA,622666650771,13.3729,13.1649,0.2080,14.2038,13.1975,13.1932,0.0043,-0.0344,11311.2796,0.0010,NA,NA
q2rtx.exe,39492,0x177137A1C80,DXGI,0,512,1,Hardware: Independent Flip,Application,622666791757,NA,0.93370000000000,4.94680000000000,0.21660000000000,14.58840000000000,18.2505,NA,622666784500,0.9423,0.7257,0.2166,14.0284,1.2857,1.2857,0.0000,NA,0.0000,3.6621,NA,NA
q2rtx.exe,39492,0x177137A1C80,DXGI,0,512,1,Hardware: Independent Flip,Application,622666794507,NA,0.27500000000000,4.83910000000000,0.14190000000000,14.55790000000000,22.8146,NA,622666793923,0.2003,0.0584,0.1419,14.3718,0.2445,0.2445,0.0000,NA,0.0000,8.2567,NA,NA
q2rtx.exe,39492,0x177137A1C80,DXGI,0,512,1,Hardware: Independent Flip,Application,622666927603,14.5011,13.30960000000000,5.01720000000000,0.23940000000000,14.33890000000000,14.5222,NA,622666795926,13.4071,13.1677,0.2394,14.4160,13.0906,13.0868,0.0038,-0.3020,11325.7807,0.1833,NA,NA
q2rtx.exe,39492,0x177137A1C80,DXGI,0,512,1,Hardware: Independent Flip,Application,622666938979,NA,1.13760000000000,4.72100000000000,0.21930000000000,14.76610000000000,18.1056,NA,622666929997,1.1175,0.8982,0.2193,14.0995,1.5648,1.5648,0.0000,NA,0.0000,3.3395,NA,NA
q2rtx.exe,39492,0x177137A1C80,DXGI,0,512,1,Hardware: Independent Flip,Application,622666941741,NA,0.27620000000000,4.83800000000000,0.13730000000000,14.71690000000000,22.6674,NA,622666941172,0.1942,0.0569,0.1373,14.5468,0.2270,0.2270,0.0000,NA,0.0000,7.9505,NA,NA
q2rtx.exe,39492,0x177137A1C80,DXGI,0,512,1,Hardware: Independent Flip,Application,622667072130,14.3411,13.03890000000000,4.74560000000000,0.24180000000000,14.37320000000000,14.3741,NA,622666943114,13.1434,12.9016,0.2418,14.5796,12.6952,12.6909,0.0043,0.0365,11340.1218,0.0009,NA,NA
q2rtx.exe,39492,0x177137A1C80,DXGI,0,512,1,Hardware: Independent Flip,Application,622667087993,NA,1.58630000000000,4.80100000000000,0.19950000000000,14.26990000000000,17.5888,NA,622667074548,1.5440,1.3445,0.1995,14.1314,1.4830,1.4830,0.0000,NA,0.0000,3.3189,NA,NA
q2rtx.exe,39492,0x177137A1C80,DXGI,0,512,1,Hardware: Independent Flip,Application,622667090581,NA,0.25880000000000,4.73080000000000,0.13270000000000,14.26220000000000,22.0608,NA,622667089988,0.1920,0.0593,0.1327,14.0704,0.2511,0.2511,0.0000,NA,0.0000,7.7986,NA,NA
q2rtx.exe,39492,0x177137A1C80,DXGI,0,512,1,Hardware: Independent Flip,Application,622667217495,14.5782,12.69140000000000,5.45500000000000,0.21120000000000,14.82360000000000,14.8244,NA,622667091908,12.7699,12.5587,0.2112,14.1295,13.2528,13.2478,0.0050,-0.4086,11354.7000,0.0008,NA,NA
q2rtx.exe,39492,0x177137A1C80,DXGI,0,512,1,Hardware: Independent Flip,Application,622667232556,NA,1.50610000000000,5.05560000000000,0.25520000000000,14.61370000000000,18.3739,NA,622667219607,1.5501,1.2949,0.2552,14.6124,1.2962,1.2962,0.0000,NA,0.0000,3.7602,NA,NA
q2rtx.exe,39492,0x177137A1C80,DXGI,0,512,1,Hardware: Independent Flip,Application,622667235761,NA,0.32050000000000,4.92970000000000,0.13350000000000,14.49270000000000,22.9831,NA,622667235108,0.1988,0.0653,0.1335,14.3585,0.1995,0.1995,0.0000,NA,0.0000,8.4904,NA,NA
q2rtx.exe,39492,0x177137A1C80,DXGI,0,512,1,Hardware: Independent Flip,Application,622667367200,14.6456,13.14390000000000,4.71500000000000,0.19540000000000,14.28600000000000,14.5542,NA,622667237096,13.2058,13.0104,0.1954,14.3592,12.9372,12.9296,0.0076,-0.0547,11369.3456,0.2682,NA,NA
q2rtx.exe,39492,0x177137A1C80,DXGI,0,512,1,Hardware: Independent Flip,Application,622667381674,NA,1.44740000000000,4.55590000000000,0.18570000000000,14.10550000000000,17.6627,NA,622667369154,1.4377,1.2520,0.1857,14.0906,1.2669,1.2669,0.0000,NA,0.0000,3.5572,NA,NA
q2rtx.exe,39492,0x177137A1C80,DXGI,0,512,1,Hardware: Independent Flip,Application,622667384126,NA,0.24520000000000,4.79690000000000,0.13630000000000,14.10260000000000,22.2144,NA,622667383531,0.1958,0.0595,0.1363,13.9198,0.2423,0.2423,0.0000,NA,0.0000,8.1118,NA,NA
q2rtx.exe,39492,0x177137A1C80,DXGI,0,512,1,Hardware: Independent Flip,Application,622667511393,14.3289,12.72670000000000,4.76610000000000,0.19560000000000,14.25300000000000,14.2538,NA,622667385489,12.7860,12.5904,0.1956,13.9663,12.8771,12.8737,0.0034,0.2100,11383.6745,0.0008,NA,NA
q2rtx.exe,39492,0x177137A1C80,DXGI,0,512,1,Hardware: Independent Flip,Application,622667524050,NA,1.26570000000000,4.96860000000000,0.22130000000000,14.44410000000000,17.9567,NA,622667513349,1.2914,1.0701,0.2213,14.0574,1.4568,1.4568,0.0000,NA,0.0000,3.5126,NA,NA
q2rtx.exe,39492,0x177137A1C80,DXGI,0,512,1,Hardware: Independent Flip,Application,622667526823,NA,0.27730000000000,4.43780000000000,0.13040000000000,14.40320000000000,22.1172,NA,622667526263,0.1864,0.0560,0.1304,14.2228,0.2364,0.2364,0.0000,NA,0.0000,7.7140,NA,NA
q2rtx.exe,39492,0x177137A1C80,DXGI,0,512,1,Hardware: Independent Flip,Application,622667655718,14.9008,12.88950000000000,6.40980000000000,0.31900000000000,15.46670000000000,15.6375,NA,622667528127,13.0781,12.7591,0.3190,14.2728,13.9530,13.9484,0.0046,-0.9154,11398.5753,0.1708,NA,NA
q2rtx.exe,39492,0x177137A1C80,DXGI,0,512,1,Hardware: Independent Flip,Application,622667669669,NA,1.39510000000000,5.07790000000000,0.22980000000000,15.02890000000000,19.3203,NA,622667658908,1.3059,1.0761,0.2298,15.1477,0.9573,0.9573,0.0000,NA,0.0000,4.2914,NA,NA
q2rtx.exe,39492,0x177137A1C80,DXGI,0,512,1,Hardware: Independent Flip,Application,622667672537,NA,0.28680000000000,5.17870000000000,0.13280000000000,14.96230000000000,24.2122,NA,622667671967,0.1898,0.0570,0.1328,14.7991,0.2202,0.2202,0.0000,NA,0.0000,9.2499,NA,NA
q2rtx.exe,39492,0x177137A1C80,DXGI,0,512,1,Hardware: Independent Flip,Application,622667812998,14.4101,14.04610000000000,3.96040000000000,0.33530000000000,13.39210000000000,14.1265,NA,622667673865,14.2486,13.9133,0.3353,14.8295,12.4759,12.4725,0.0034,0.1931,11412.9854,0.7344,NA,NA
q2rtx.exe,39492,0x177137A1C80,DXGI,0,512,1,Hardware: Independent Flip,Application,622667821169,NA,0.81710000000000,3.78330000000000,0.21330000000000,14.34640000000000,17.0927,NA,622667816351,0.6951,0.4818,0.2133,13.0568,1.7714,1.7714,0.0000,NA,0.0000,2.7463,NA,NA
q2rtx.exe,39492,0x177137A1C80,DXGI,0,512,1,Hardware: Independent Flip,Application,622667823890,NA,0.27210000000000,4.62940000000000,0.13660000000000,14.32100000000000,21.4500,NA,622667823302,0.1954,0.0588,0.1366,14.1331,0.2467,0.2467,0.0000,NA,0.0000,7.1290,NA,NA
q2rtx.exe,39492,0x177137A1C80,DXGI,0,512,1,Hardware: Independent Flip,Application,622667948672,14.2525,12.47820000000000,6.51790000000000,0.27170000000000,15.48900000000000,15.4897,NA,622667825256,12.6133,12.3416,0.2717,14.1844,13.6462,13.6415,0.0047,-0.6781,11427.2379,0.0007,NA,NA
q2rtx.exe,39492,0x177137A1C80,DXGI,0,512,1,Hardware: Independent Flip,Application,622667965776,NA,1.71040000000000,5.78750000000000,0.24240000000000,14.71420000000000,19.5668,NA,622667951389,1.6811,1.4387,0.2424,15.2173,0.9356,0.9356,0.0000,NA,0.0000,4.8526,NA,NA
q2rtx.exe,39492,0x177137A1C80,DXGI,0,512,1,Hardware: Independent Flip,Application,622667968786,NA,0.30100000000000,4.16290000000000,0.13070000000000,14.64160000000000,23.4287,NA,622667968200,0.1893,0.0586,0.1307,14.4718,0.2284,0.2284,0.0000,NA,0.0000,8.7871,NA,NA
q2rtx.exe,39492,0x177137A1C80,DXGI,0,512,1,Hardware: Independent Flip,Application,622668105369,15.6165,13.65830000000000,4.47320000000000,0.19740000000000,13.48000000000000,14.2436,NA,622667970093,13.7250,13.5276,0.1974,14.5109,12.4967,12.4937,0.0030,1.1929,11442.8544,0.7636,NA,NA
q2rtx.exe,39492,0x177137A1C80,DXGI,0,512,1,Hardware: Independent Flip,Application,622668114332,NA,0.89630000000000,3.79680000000000,0.19840000000000,14.31140000000000,17.1441,NA,622668107343,0.8973,0.6989,0.1984,13.2826,1.7277,1.7277,0.0000,NA,0.0000,2.8327,NA,NA
q2rtx.exe,39492,0x177137A1C80,DXGI,0,512,1,Hardware: Independent Flip,Application,622668116936,NA,0.26040000000000,4.72470000000000,0.14820000000000,14.28580000000000,21.6084,NA,622668116316,0.2102,0.0620,0.1482,14.1130,0.2348,0.2348,0.0000,NA,0.0000,7.3226,NA,NA
q2rtx.exe,39492,0x177137A1C80,DXGI,0,512,1,Hardware: Independent Flip,Application,622668241610,13.5790,12.46740000000000,5.97770000000000,0.24030000000000,15.11790000000000,15.1187,NA,622668118418,12.5595,12.3192,0.2403,14.1376,13.2995,13.2934,0.0061,-0.9202,11456.4334,0.0008,NA,NA
q2rtx.exe,39492,0x177137A1C80,DXGI,0,512,1,Hardware: Independent Flip,Application,622668258907,NA,1.72970000000000,5.44790000000000,0.20020000000000,14.76650000000000,18.8369,NA,622668244013,1.6896,1.4894,0.2002,14.8776,1.3783,1.3783,0.0000,NA,0.0000,4.0704,NA,NA
q2rtx.exe,39492,0x177137A1C80,DXGI,0,512,1,Hardware: Independent Flip,Application,622668261490,NA,0.25830000000000,4.21000000000000,0.13660000000000,14.73720000000000,22.7886,NA,622668260909,0.1947,0.0581,0.1366,14.5663,0.2290,0.2290,0.0000,NA,0.0000,8.0514,NA,NA
q2rtx.exe,39492,0x177137A1C80,DXGI,0,512,1,Hardware: Independent Flip,Application,622668394785,15.6951,13.32950000000000,5.66960000000000,0.22330000000000,14.49250000000000,15.1287,NA,622668262856,13.4162,13.1929,0.2233,14.6006,13.0848,13.0798,0.0050,0.3676,11472.1285,0.6362,NA,NA
q2rtx.exe,39492,0x177137A1C80,DXGI,0,512,1,Hardware: Independent Flip,Application,622668407820,NA,1.30350000000000,4.27600000000000,0.21740000000000,14.64540000000000,18.1012,NA,622668397018,1.2976,1.0802,0.2174,14.2692,1.4564,1.4564,0.0000,NA,0.0000,3.4558,NA,NA
q2rtx.exe,39492,0x177137A1C80,DXGI,0,512,1,Hardware: Independent Flip,Application,622668411768,NA,0.39480000000000,4.88370000000000,0.14070000000000,14.49400000000000,22.5901,NA,622668409994,0.3181,0.1774,0.1407,14.4280,0.2434,0.2434,0.0000,NA,0.0000,8.0961,NA,NA
q2rtx.exe,39492,0x177137A1C80,DXGI,0,512,1,Hardware: Independent Flip,Application,622668541041,13.5792,12.92730000000000,4.74330000000000,0.19960000000000,14.33980000000000,14.4061,NA,622668413175,12.9862,12.7866,0.1996,14.3533,12.7731,12.7698,0.0033,-0.3238,11485.7077,0.0663,NA,NA
q2rtx.exe,39492,0x177137A1C80,DXGI,0,512,1,Hardware: Independent Flip,Application,622668555567,NA,1.45260000000000,4.55810000000000,0.22410000000000,14.18470000000000,17.5116,NA,622668543037,1.4771,1.2530,0.2241,14.1402,1.2975,1.2975,0.0000,NA,0.0000,3.3269,NA,NA
q2rtx.exe,39492,0x177137A1C80,DXGI,0,512,1,Hardware: Independent Flip,Application,622668558364,NA,0.27970000000000,4.59740000000000,0.13380000000000,14.14450000000000,21.8293,NA,622668557808,0.1894,0.0556,0.1338,13.9606,0.2395,0.2395,0.0000,NA,0.0000,7.6848,NA,NA
q2rtx.exe,39492,0x177137A1C80,DXGI,0,512,1,Hardware: Independent Flip,Application,622668685882,15.3207,12.75180000000000,5.50540000000000,0.20230000000000,14.58210000000000,14.5829,NA,622668559702,12.8203,12.6180,0.2023,14.0107,13.1894,13.1844,0.0050,0.6598,11501.0284,0.0008,NA,NA
q2rtx.exe,39492,0x177137A1C80,DXGI,0,512,1,Hardware: Independent Flip,Application,622668698731,NA,1.28490000000000,5.01360000000000,0.21550000000000,14.63110000000000,18.3116,NA,622668687905,1.2981,1.0826,0.2155,14.3798,1.3339,1.3339,0.0000,NA,0.0000,3.6805,NA,NA
q2rtx.exe,39492,0x177137A1C80,DXGI,0,512,1,Hardware: Independent Flip,Application,622668701447,NA,0.27160000000000,4.76070000000000,0.13340000000000,14.60260000000000,22.8007,NA,622668700886,0.1895,0.0561,0.1334,14.4156,0.2431,0.2431,0.0000,NA,0.0000,8.1981,NA,NA
q2rtx.exe,39492,0x177137A1C80,DXGI,0,512,1,Hardware: Independent Flip,Application,622668833175,14.7515,13.17280000000000,5.25260000000000,0.19900000000000,14.50360000000000,14.8805,NA,622668702781,13.2384,13.0394,0.1990,14.4692,13.0738,13.0695,0.0043,-0.2754,11515.7799,0.3769,NA,NA
q2rtx.exe,39492,0x177137A1C80,DXGI,0,512,1,Hardware: Independent Flip,Application,622668846334,NA,1.31590000000000,4.53020000000000,0.22400000000000,14.45110000000000,18.0948,NA,622668835165,1.3409,1.1169,0.2240,14.3046,1.2634,1.2634,0.0000,NA,0.0000,3.6437,NA,NA
q2rtx.exe,39492,0x177137A1C80,DXGI,0,512,1,Hardware: Independent Flip,Application,622668849161,NA,0.28270000000000,4.85980000000000,0.13470000000000,14.41040000000000,22.6719,NA,622668848574,0.1934,0.0587,0.1347,14.2271,0.2420,0.2420,0.0000,NA,0.0000,8.2615,NA,NA
q2rtx.exe,39492,0x177137A1C80,DXGI,0,512,1,Hardware: Independent Flip,Application,622668979632,14.4487,13.04710000000000,4.94560000000000,0.22980000000000,14.52090000000000,14.5704,NA,622668850508,13.1422,12.9124,0.2298,14.2757,13.1576,13.1525,0.0051,0.1131,11530.2286,0.0495,NA,NA
q2rtx.exe,39492,0x177137A1C80,DXGI,0,512,1,Hardware: Independent Flip,Application,622668992575,NA,1.29430000000000,4.72380000000000,0.28050000000000,14.54250000000000,17.9999,NA,622668981930,1.3450,1.0645,0.2805,14.2911,1.3159,1.3159,0.0000,NA,0.0000,3.4574,NA,NA
q2rtx.exe,39492,0x177137A1C80,DXGI,0,512,1,Hardware: Independent Flip,Application,622668996007,NA,0.34320000000000,4.74720000000000,0.14690000000000,14.45670000000000,22.4039,NA,622668995380,0.2096,0.0627,0.1469,14.2620,0.2574,0.2574,0.0000,NA,0.0000,7.9472,NA,NA
q2rtx.exe,39492,0x177137A1C80,DXGI,0,512,1,Hardware: Independent Flip,Application,622669127428,14.8022,13.14210000000000,5.30160000000000,0.22940000000000,14.49470000000000,14.5634,NA,622668997476,13.2246,12.9952,0.2294,14.3098,13.1801,13.1759,0.0042,0.0296,11545.0308,0.0687,NA,NA
q2rtx.exe,39492,0x177137A1C80,DXGI,0,512,1,Hardware: Independent Flip,Application,622669139284,NA,1.18560000000000,4.84600000000000,0.29780000000000,14.72900000000000,18.2238,NA,622669129722,1.2540,0.9562,0.2978,14.2653,1.4199,1.4199,0.0000,NA,0.0000,3.4948,NA,NA
q2rtx.exe,39492,0x177137A1C80,DXGI,0,512,1,Hardware: Independent Flip,Application,622669142839,NA,0.35550000000000,4.88720000000000,0.13710000000000,14.63020000000000,22.7555,NA,622669142262,0.1948,0.0577,0.1371,14.4312,0.2567,0.2567,0.0000,NA,0.0000,8.1253,NA,NA
q2rtx.exe,39492,0x177137A1C80,DXGI,0,512,1,Hardware: Independent Flip,Application,622669311548,14.6453,16.87090000000000,4.82700000000000,0.21710000000000,10.47690000000000,10.7116,NA,622669144210,16.9509,16.7338,0.2171,14.4931,12.7176,12.7143,0.0033,0.0851,11559.6761,0.2347,NA,NA
q2rtx.exe,39492,0x177137A1C80,DXGI,0,512,1,Hardware: Independent Flip,Application,622669314120,NA,0.25720000000000,4.57000000000000,0.14700000000000,12.08070000000000,15.0244,NA,622669313719,0.1871,0.0401,0.1470,10.2598,1.8610,1.8610,0.0000,NA,0.0000,2.9437,NA,NA
q2rtx.exe,39492,0x177137A1C80,DXGI,0,512,1,Hardware: Independent Flip,Application,622669316244,NA,0.21240000000000,4.73830000000000,0.13110000000000,12.10740000000000,19.5503,NA,622669315590,0.1965,0.0654,0.1311,11.9337,0.2391,0.2391,0.0000,NA,0.0000,7.4429,NA,NA
q2rtx.exe,39492,0x177137A1C80,DXGI,0,512,1,Hardware: Independent Flip,Application,622669456885,14.7933,14.06410000000000,5.02190000000000,0.28560000000000,10.50720000000000,10.5081,NA,622669317555,14.2186,13.9330,0.2856,11.9763,12.4639,12.4605,0.0034,0.4631,11574.4694,0.0009,NA,NA
q2rtx.exe,39492,0x177137A1C80,DXGI,0,512,1,Hardware: Independent Flip,Application,622669460167,NA,0.32820000000000,4.88130000000000,0.23940000000000,11.52370000000000,15.0612,NA,622669459741,0.2820,0.0426,0.2394,10.2216,1.3447,1.3447,0.0000,NA,0.0000,3.5375,NA,NA
q2rtx.exe,39492,0x177137A1C80,DXGI,0,512,1,Hardware: Independent Flip,Application,622669463175,NA,0.30080000000000,4.66940000000000,0.23920000000000,11.46390000000000,19.4298,NA,622669462561,0.3006,0.0614,0.2392,11.2843,0.2410,0.2410,0.0000,NA,0.0000,7.9659,NA,NA
q2rtx.exe,39492,0x177137A1C80,DXGI,0,512,1,Hardware: Independent Flip,Application,622669564163,14.3225,10.09880000000000,5.28320000000000,0.20380000000000,14.47690000000000,14.6142,NA,622669465567,10.0634,9.8596,0.2038,11.2247,13.1118,13.1073,0.0045,-0.5114,11588.7919,0.1373,NA,NA
q2rtx.exe,39492,0x177137A1C80,DXGI,0,512,1,Hardware: Independent Flip,Application,622669576756,NA,1.25930000000000,4.77470000000000,0.21890000000000,14.49960000000000,18.1296,NA,622669566201,1.2744,1.0555,0.2189,14.2731,1.2820,1.2820,0.0000,NA,0.0000,3.6300,NA,NA
q2rtx.exe,39492,0x177137A1C80,DXGI,0,512,1,Hardware: Independent Flip,Application,622669579521,NA,0.27650000000000,4.88360000000000,0.13380000000000,14.46410000000000,22.7367,NA,622669578945,0.1914,0.0576,0.1338,14.2807,0.2410,0.2410,0.0000,NA,0.0000,8.2726,NA,NA
q2rtx.exe,39492,0x177137A1C80,DXGI,0,512,1,Hardware: Independent Flip,Application,622669710324,14.3167,13.08030000000000,5.01840000000000,0.21130000000000,14.55130000000000,14.6748,NA,622669580859,13.1578,12.9465,0.2113,14.3303,13.1675,13.1631,0.0044,-0.3600,11603.1086,0.1235,NA,NA
q2rtx.exe,39492,0x177137A1C80,DXGI,0,512,1,Hardware: Independent Flip,Application,622669723072,NA,1.27480000000000,4.73780000000000,0.21710000000000,14.57480000000000,18.1378,NA,622669712437,1.2806,1.0635,0.2171,14.3400,1.2983,1.2983,0.0000,NA,0.0000,3.5630,NA,NA
q2rtx.exe,39492,0x177137A1C80,DXGI,0,512,1,Hardware: Independent Flip,Application,622669725817,NA,0.27450000000000,4.83710000000000,0.13400000000000,14.54410000000000,22.7004,NA,622669725243,0.1914,0.0574,0.1340,14.3577,0.2438,0.2438,0.0000,NA,0.0000,8.1563,NA,NA
q2rtx.exe,39492,0x177137A1C80,DXGI,0,512,1,Hardware: Independent Flip,Application,622669857067,14.4579,13.12500000000000,4.66630000000000,0.18270000000000,14.24070000000000,14.2417,NA,622669727157,13.1737,12.9910,0.1827,14.4101,12.8216,12.8186,0.0030,0.2167,11617.5665,0.0010,NA,NA
q2rtx.exe,39492,0x177137A1C80,DXGI,0,512,1,Hardware: Independent Flip,Application,622669870075,NA,1.30080000000000,4.76910000000000,0.22880000000000,14.27640000000000,17.7100,NA,622669858894,1.3469,1.1181,0.2288,14.0580,1.3365,1.3365,0.0000,NA,0.0000,3.4336,NA,NA
q2rtx.exe,39492,0x177137A1C80,DXGI,0,512,1,Hardware: Independent Flip,Application,622669872937,NA,0.28620000000000,4.70990000000000,0.13370000000000,14.22390000000000,22.1337,NA,622669872363,0.1911,0.0574,0.1337,14.0476,0.2337,0.2337,0.0000,NA,0.0000,7.9098,NA,NA
q2rtx.exe,39492,0x177137A1C80,DXGI,0,512,1,Hardware: Independent Flip,Application,622670000795,14.7647,12.78580000000000,5.38090000000000,0.21000000000000,14.72810000000000,14.7288,NA,622669874274,12.8621,12.6521,0.2100,14.0902,13.2900,13.2837,0.0063,-0.0952,11632.3312,0.0007,NA,NA
q2rtx.exe,39492,0x177137A1C80,DXGI,0,512,1,Hardware: Independent Flip,Application,622670013852,NA,1.30570000000000,4.97060000000000,0.22570000000000,14.68920000000000,18.3937,NA,622670002895,1.3214,1.0957,0.2257,14.5181,1.2668,1.2668,0.0000,NA,0.0000,3.7045,NA,NA
q2rtx.exe,39492,0x177137A1C80,DXGI,0,512,1,Hardware: Independent Flip,Application,622670016652,NA,0.28000000000000,4.91470000000000,0.12550000000000,14.64570000000000,23.0284,NA,622670016109,0.1798,0.0543,0.1255,14.4635,0.2365,0.2365,0.0000,NA,0.0000,8.3827,NA,NA
q2rtx.exe,39492,0x177137A1C80,DXGI,0,512,1,Hardware: Independent Flip,Application,622670149644,14.7813,13.29920000000000,5.05410000000000,0.21350000000000,14.45540000000000,14.7833,NA,622670017907,13.3872,13.1737,0.2135,14.5202,13.1089,13.1042,0.0047,-0.1581,11647.1125,0.3279,NA,NA
q2rtx.exe,39492,0x177137A1C80,DXGI,0,512,1,Hardware: Independent Flip,Application,622670161970,NA,1.23260000000000,4.56310000000000,0.22300000000000,14.53980000000000,18.1138,NA,622670151779,1.2421,1.0191,0.2230,14.2419,1.3170,1.3170,0.0000,NA,0.0000,3.5740,NA,NA
q2rtx.exe,39492,0x177137A1C80,DXGI,0,512,1,Hardware: Independent Flip,Application,622670164760,NA,0.27900000000000,4.85880000000000,0.13510000000000,14.49750000000000,22.6936,NA,622670164200,0.1911,0.0560,0.1351,14.3168,0.2367,0.2367,0.0000,NA,0.0000,8.1961,NA,NA
q2rtx.exe,39492,0x177137A1C80,DXGI,0,512,1,Hardware: Independent Flip,Application,622670296135,14.3416,13.13750000000000,4.69830000000000,0.26970000000000,14.25330000000000,14.2544,NA,622670166111,13.2721,13.0024,0.2697,14.3624,12.8933,12.8901,0.0032,0.2214,11661.4541,0.0011,NA,NA
q2rtx.exe,39492,0x177137A1C80,DXGI,0,512,1,Hardware: Independent Flip,Application,622670308524,NA,1.23890000000000,4.79700000000000,0.23080000000000,14.34800000000000,17.8125,NA,622670298832,1.2000,0.9692,0.2308,13.9836,1.3336,1.3336,0.0000,NA,0.0000,3.4645,NA,NA
q2rtx.exe,39492,0x177137A1C80,DXGI,0,512,1,Hardware: Independent Flip,Application,622670311401,NA,0.28770000000000,4.60300000000000,0.13720000000000,14.29470000000000,22.1278,NA,622670310832,0.1941,0.0569,0.1372,14.1172,0.2344,0.2344,0.0000,NA,0.0000,7.8331,NA,NA
q2rtx.exe,39492,0x177137A1C80,DXGI,0,512,1,Hardware: Independent Flip,Application,622670440529,14.9203,12.91280000000000,5.45830000000000,0.30470000000000,14.67250000000000,14.6733,NA,622670312773,13.0803,12.7756,0.3047,14.1575,13.2906,13.2843,0.0063,0.0620,11676.3744,0.0008,NA,NA
q2rtx.exe,39492,0x177137A1C80,DXGI,0,512,1,Hardware: Independent Flip,Application,622670453128,NA,1.25990000000000,5.04340000000000,0.22570000000000,14.73960000000000,18.4568,NA,622670443576,1.1809,0.9552,0.2257,14.3678,1.3270,1.3270,0.0000,NA,0.0000,3.7172,NA,NA
q2rtx.exe,39492,0x177137A1C80,DXGI,0,512,1,Hardware: Independent Flip,Application,622670456020,NA,0.28920000000000,4.86570000000000,0.13420000000000,14.69590000000000,23.0333,NA,622670455385,0.1977,0.0635,0.1342,14.5139,0.2455,0.2455,0.0000,NA,0.0000,8.3374,NA,NA
q2rtx.exe,39492,0x177137A1C80,DXGI,0,512,1,Hardware: Independent Flip,Application,622670588541,14.7322,13.25210000000000,5.20770000000000,0.25300000000000,14.68780000000000,14.9889,NA,622670457362,13.3709,13.1179,0.2530,14.5617,13.2440,13.2384,0.0056,-0.3846,11691.1066,0.3011,NA,NA
q2rtx.exe,39492,0x177137A1C80,DXGI,0,512,1,Hardware: Independent Flip,Application,622670601686,NA,1.31450000000000,4.63680000000000,0.23940000000000,14.79300000000000,18.3112,NA,622670591071,1.3009,1.0615,0.2394,14.4348,1.4197,1.4084,0.0113,NA,0.0000,3.5182,NA,NA
q2rtx.exe,39492,0x177137A1C80,DXGI,0,512,1,Hardware: Independent Flip,Application,622670604840,NA,0.31540000000000,4.93650000000000,0.15970000000000,14.70190000000000,22.9323,NA,622670604080,0.2357,0.0760,0.1597,14.5536,0.2243,0.2243,0.0000,NA,0.0000,8.2304,NA,NA
q2rtx.exe,39492,0x177137A1C80,DXGI,0,512,1,Hardware: Independent Flip,Application,622670737218,14.4484,13.23780000000000,4.14510000000000,0.22540000000000,13.82780000000000,13.8396,NA,622670606437,13.3035,13.0781,0.2254,14.5422,12.3637,12.3597,0.0040,0.7300,11705.5550,0.0118,NA,NA
q2rtx.exe,39492,0x177137A1C80,DXGI,0,512,1,Hardware: Independent Flip,Application,622670751226,NA,1.40080000000000,4.58340000000000,0.32730000000000,13.87360000000000,17.0222,NA,622670739472,1.5027,1.1754,0.3273,13.6024,1.4466,1.4466,0.0000,NA,0.0000,3.1486,NA,NA
q2rtx.exe,39492,0x177137A1C80,DXGI,0,512,1,Hardware: Independent Flip,Application,622670755097,NA,0.38710000000000,4.54260000000000,0.17170000000000,13.71390000000000,21.1777,NA,622670754499,0.2315,0.0598,0.1717,13.5463,0.2274,0.2274,0.0000,NA,0.0000,7.4638,NA,NA
q2rtx.exe,39492,0x177137A1C80,DXGI,0,512,1,Hardware: Independent Flip,Application,622670877466,14.9425,12.23690000000000,5.95650000000000,0.25190000000000,14.89670000000000,14.8973,NA,622670756814,12.3171,12.0652,0.2519,13.5422,13.4197,13.4150,0.0047,-0.1400,11720.4975,0.0006,NA,NA
q2rtx.exe,39492,0x177137A1C80,DXGI,0,512,1,Hardware: Independent Flip,Application,622670891668,NA,1.42020000000000,5.25220000000000,0.22960000000000,14.38970000000000,18.7293,NA,622670879985,1.3979,1.1683,0.2296,14.6448,0.9132,0.9132,0.0000,NA,0.0000,4.3396,NA,NA
q2rtx.exe,39492,0x177137A1C80,DXGI,0,512,1,Hardware: Independent Flip,Application,622670894540,NA,0.28720000000000,4.79660000000000,0.13160000000000,14.35520000000000,23.2387,NA,622670893964,0.1892,0.0576,0.1316,14.1601,0.2527,0.2527,0.0000,NA,0.0000,8.8835,NA,NA
q2rtx.exe,39492,0x177137A1C80,DXGI,0,512,1,Hardware: Independent Flip,Application,622671027845,14.9103,13.33050000000000,4.30370000000000,0.19620000000000,13.50420000000000,14.2119,NA,622670895856,13.3951,13.1989,0.1962,14.2236,12.4795,12.4750,0.0045,0.5578,11735.4078,0.7077,NA,NA
q2rtx.exe,39492,0x177137A1C80,DXGI,0,512,1,Hardware: Independent Flip,Application,622671036896,NA,0.90510000000000,3.87380000000000,0.22950000000000,14.36390000000000,17.1806,NA,622671029807,0.9384,0.7089,0.2295,13.3080,1.7648,1.7648,0.0000,NA,0.0000,2.8167,NA,NA
q2rtx.exe,39492,0x177137A1C80,DXGI,0,512,1,Hardware: Independent Flip,Application,622671039766,NA,0.28700000000000,4.51170000000000,0.19740000000000,14.29730000000000,21.4053,NA,622671039191,0.2549,0.0575,0.1974,14.1344,0.2204,0.2204,0.0000,NA,0.0000,7.1080,NA,NA
q2rtx.exe,39492,0x177137A1C80,DXGI,0,512,1,Hardware: Independent Flip,Application,622671164224,13.9665,12.44580000000000,6.58720000000000,0.22730000000000,15.54570000000000,15.5467,NA,622671041740,12.4757,12.2484,0.2273,14.0999,13.6942,13.6897,0.0045,-1.0062,11749.3743,0.0010,NA,NA
q2rtx.exe,39492,0x177137A1C80,DXGI,0,512,1,Hardware: Independent Flip,Application,622671181718,NA,1.74940000000000,5.49390000000000,0.21300000000000,14.75420000000000,19.2912,NA,622671166497,1.7351,1.5221,0.2130,15.3184,0.9579,0.9579,0.0000,NA,0.0000,4.5370,NA,NA
q2rtx.exe,39492,0x177137A1C80,DXGI,0,512,1,Hardware: Independent Flip,Application,622671184439,NA,0.27210000000000,4.48340000000000,0.13300000000000,14.71320000000000,23.5025,NA,622671183848,0.1921,0.0591,0.1330,14.5412,0.2311,0.2311,0.0000,NA,0.0000,8.7893,NA,NA
q2rtx.exe,39492,0x177137A1C80,DXGI,0,512,1,Hardware: Independent Flip,Application,622671321124,15.1456,13.66850000000000,4.39490000000000,0.19600000000000,13.47250000000000,14.2289,NA,622671185769,13.7315,13.5355,0.1960,14.5802,12.4278,12.4246,0.0032,0.7734,11764.5199,0.7564,NA,NA
q2rtx.exe,39492,0x177137A1C80,DXGI,0,512,1,Hardware: Independent Flip,Application,622671330272,NA,0.91480000000000,3.79560000000000,0.22870000000000,14.23060000000000,17.1097,NA,622671323084,0.9475,0.7188,0.2287,13.2765,1.6729,1.6729,0.0000,NA,0.0000,2.8791,NA,NA
q2rtx.exe,39492,0x177137A1C80,DXGI,0,512,1,Hardware: Independent Flip,Application,622671333107,NA,0.28350000000000,4.80180000000000,0.12780000000000,14.18730000000000,21.6280,NA,622671332559,0.1826,0.0548,0.1278,14.0019,0.2402,0.2402,0.0000,NA,0.0000,7.4407,NA,NA
q2rtx.exe,39492,0x177137A1C80,DXGI,0,512,1,Hardware: Independent Flip,Application,622671457154,13.6034,12.40470000000000,6.09520000000000,0.20700000000000,15.31780000000000,15.3185,NA,622671334385,12.4839,12.2769,0.2070,14.0595,13.5352,13.5310,0.0042,-1.0892,11778.1233,0.0007,NA,NA
q2rtx.exe,39492,0x177137A1C80,DXGI,0,512,1,Hardware: Independent Flip,Application,622671473886,NA,1.67320000000000,5.63900000000000,0.21470000000000,14.60070000000000,19.2843,NA,622671459224,1.6809,1.4662,0.2147,15.1108,0.9561,0.9561,0.0000,NA,0.0000,4.6836,NA,NA
q2rtx.exe,39492,0x177137A1C80,DXGI,0,512,1,Hardware: Independent Flip,Application,622671476581,NA,0.26950000000000,4.15600000000000,0.13200000000000,14.58500000000000,23.1708,NA,622671476033,0.1868,0.0548,0.1320,14.3860,0.2538,0.2538,0.0000,NA,0.0000,8.5858,NA,NA
q2rtx.exe,39492,0x177137A1C80,DXGI,0,512,1,Hardware: Independent Flip,Application,622671612081,15.7588,13.55000000000000,4.39540000000000,0.17510000000000,13.36220000000000,14.0162,NA,622671477901,13.5931,13.4180,0.1751,14.4530,12.3272,12.3239,0.0033,1.5684,11793.8821,0.6540,NA,NA
q2rtx.exe,39492,0x177137A1C80,DXGI,0,512,1,Hardware: Independent Flip,Application,622671621181,NA,0.91000000000000,3.88110000000000,0.23140000000000,14.24140000000000,16.9873,NA,622671613832,0.9663,0.7349,0.2314,13.1871,1.7892,1.7892,0.0000,NA,0.0000,2.7459,NA,NA
q2rtx.exe,39492,0x177137A1C80,DXGI,0,512,1,Hardware: Independent Flip,Application,622671624023,NA,0.28420000000000,4.48270000000000,0.12590000000000,14.18830000000000,21.1858,NA,622671623495,0.1787,0.0528,0.1259,14.0100,0.2311,0.2311,0.0000,NA,0.0000,6.9975,NA,NA
q2rtx.exe,39492,0x177137A1C80,DXGI,0,512,1,Hardware: Independent Flip,Application,622671747023,13.5309,12.30000000000000,5.45890000000000,0.24270000000000,14.34380000000000,14.3447,NA,622671625282,12.4168,12.1741,0.2427,14.0624,12.4555,12.4514,0.0041,-0.2918,11807.4130,0.0009,NA,NA
q2rtx.exe,39492,0x177137A1C80,DXGI,0,512,1,Hardware: Independent Flip,Application,622671764994,NA,1.79710000000000,5.02770000000000,0.19320000000000,13.93410000000000,17.5753,NA,622671749450,1.7476,1.5544,0.1932,14.1011,1.3874,1.3874,0.0000,NA,0.0000,3.6412,NA,NA
q2rtx.exe,39492,0x177137A1C80,DXGI,0,512,1,Hardware: Independent Flip,Application,622671767489,NA,0.24950000000000,4.18020000000000,0.12730000000000,13.90560000000000,21.5060,NA,622671766926,0.1836,0.0563,0.1273,13.7409,0.2210,0.2210,0.0000,NA,0.0000,7.6004,NA,NA
q2rtx.exe,39492,0x177137A1C80,DXGI,0,512,1,Hardware: Independent Flip,Application,622671897291,15.5252,12.98020000000000,6.14920000000000,0.35180000000000,14.18700000000000,14.6750,NA,622671768762,13.2047,12.8529,0.3518,13.7783,13.2616,13.2582,0.0034,0.1681,11822.9382,0.4880,NA,NA
q2rtx.exe,39492,0x177137A1C80,DXGI,0,512,1,Hardware: Independent Flip,Application,622671905417,NA,0.81260000000000,4.48410000000000,0.21640000000000,14.49060000000000,18.3465,NA,622671900809,0.6772,0.4608,0.2164,13.8352,1.1162,1.1162,0.0000,NA,0.0000,3.8559,NA,NA
q2rtx.exe,39492,0x177137A1C80,DXGI,0,512,1,Hardware: Independent Flip,Application,622671908130,NA,0.27130000000000,4.94470000000000,0.12950000000000,14.47750000000000,23.0199,NA,622671907581,0.1844,0.0549,0.1295,14.2742,0.2582,0.2582,0.0000,NA,0.0000,8.5424,NA,NA
q2rtx.exe,39492,0x177137A1C80,DXGI,0,512,1,Hardware: Independent Flip,Application,622672040470,13.5034,13.23400000000000,5.07040000000000,0.18620000000000,14.50510000000000,14.8563,NA,622671909425,13.2907,13.1045,0.1862,14.3480,13.2616,13.2534,0.0082,-0.9958,11836.4416,0.3512,NA,NA
q2rtx.exe,39492,0x177137A1C80,DXGI,0,512,1,Hardware: Independent Flip,Application,622672051659,NA,1.11890000000000,4.38950000000000,0.30330000000000,14.74140000000000,18.1269,NA,622672042332,1.2360,0.9327,0.3033,14.3189,1.3552,1.3552,0.0000,NA,0.0000,3.3855,NA,NA
q2rtx.exe,39492,0x177137A1C80,DXGI,0,512,1,Hardware: Independent Flip,Application,622672055292,NA,0.36330000000000,4.68710000000000,0.13680000000000,14.60700000000000,22.4507,NA,622672054692,0.1968,0.0600,0.1368,14.4381,0.2289,0.2289,0.0000,NA,0.0000,7.8437,NA,NA
q2rtx.exe,39492,0x177137A1C80,DXGI,0,512,1,Hardware: Independent Flip,Application,622672186989,14.3209,13.16970000000000,4.64780000000000,0.22920000000000,13.92790000000000,13.9288,NA,622672056660,13.2621,13.0329,0.2292,14.4702,12.4906,12.4874,0.0032,0.5965,11850.7625,0.0009,NA,NA
q2rtx.exe,39492,0x177137A1C80,DXGI,0,512,1,Hardware: Independent Flip,Application,622672200174,NA,1.31850000000000,4.71340000000000,0.22100000000000,14.19030000000000,17.3237,NA,622672189281,1.3103,1.0893,0.2210,13.6987,1.5809,1.5809,0.0000,NA,0.0000,3.1334,NA,NA
q2rtx.exe,39492,0x177137A1C80,DXGI,0,512,1,Hardware: Independent Flip,Application,622672202942,NA,0.27680000000000,4.42640000000000,0.12850000000000,14.13270000000000,21.4733,NA,622672202384,0.1843,0.0558,0.1285,13.9693,0.2192,0.2192,0.0000,NA,0.0000,7.3406,NA,NA
q2rtx.exe,39492,0x177137A1C80,DXGI,0,512,1,Hardware: Independent Flip,Application,622672328245,14.8514,12.53030000000000,6.37200000000000,0.27900000000000,15.20440000000000,15.3150,NA,622672204227,12.6808,12.4018,0.2790,14.0042,13.6020,13.5969,0.0051,-0.6604,11865.6139,0.1106,NA,NA
q2rtx.exe,39492,0x177137A1C80,DXGI,0,512,1,Hardware: Independent Flip,Application,622672343150,NA,1.49050000000000,5.02550000000000,0.21550000000000,14.63450000000000,18.8500,NA,622672331035,1.4270,1.2115,0.2155,14.9254,0.9206,0.9206,0.0000,NA,0.0000,4.2155,NA,NA
q2rtx.exe,39492,0x177137A1C80,DXGI,0,512,1,Hardware: Independent Flip,Application,622672345850,NA,0.27000000000000,5.13240000000000,0.12670000000000,14.54690000000000,23.7124,NA,622672345305,0.1812,0.0545,0.1267,14.4190,0.1824,0.1824,0.0000,NA,0.0000,9.1655,NA,NA
q2rtx.exe,39492,0x177137A1C80,DXGI,0,512,1,Hardware: Independent Flip,Application,622672481747,14.6376,13.58970000000000,3.97020000000000,0.19740000000000,13.37160000000000,14.0929,NA,622672347117,13.6604,13.4630,0.1974,14.4202,12.4144,12.4112,0.0032,0.5095,11880.2515,0.7213,NA,NA
q2rtx.exe,39492,0x177137A1C80,DXGI,0,512,1,Hardware: Independent Flip,Application,622672490634,NA,0.88870000000000,3.75900000000000,0.28520000000000,14.19030000000000,16.9632,NA,622672483721,0.9765,0.6913,0.2852,13.1742,1.7074,1.7074,0.0000,NA,0.0000,2.7729,NA,NA
q2rtx.exe,39492,0x177137A1C80,DXGI,0,512,1,Hardware: Independent Flip,Application,622672494065,NA,0.34310000000000,4.63320000000000,0.13210000000000,14.09580000000000,21.2533,NA,622672493486,0.1900,0.0579,0.1321,13.9051,0.2486,0.2486,0.0000,NA,0.0000,7.1575,NA,NA
q2rtx.exe,39492,0x177137A1C80,DXGI,0,512,1,Hardware: Independent Flip,Application,622672616672,13.9731,12.26070000000000,6.48600000000000,0.25970000000000,15.47780000000000,15.4786,NA,622672495386,12.3883,12.1286,0.2597,13.9637,13.6427,13.6385,0.0042,-0.9051,11894.2246,0.0008,NA,NA
q2rtx.exe,39492,0x177137A1C80,DXGI,0,512,1,Hardware: Independent Flip,Application,622672633774,NA,1.71020000000000,5.76690000000000,0.22940000000000,14.67920000000000,19.5353,NA,622672619269,1.6799,1.4505,0.2294,15.2181,0.9116,0.9116,0.0000,NA,0.0000,4.8561,NA,NA
q2rtx.exe,39492,0x177137A1C80,DXGI,0,512,1,Hardware: Independent Flip,Application,622672636619,NA,0.28450000000000,4.15150000000000,0.13590000000000,14.63100000000000,23.4023,NA,622672636068,0.1910,0.0551,0.1359,14.4498,0.2363,0.2363,0.0000,NA,0.0000,8.7713,NA,NA
q2rtx.exe,39492,0x177137A1C80,DXGI,0,512,1,Hardware: Independent Flip,Application,622672773324,15.4530,13.67050000000000,4.34290000000000,0.49380000000000,13.33460000000000,14.0747,NA,622672637978,14.0284,13.5346,0.4938,14.4951,12.3741,12.3707,0.0034,1.1917,11909.6776,0.7401,NA,NA
q2rtx.exe,39492,0x177137A1C80,DXGI,0,512,1,Hardware: Independent Flip,Application,622672781718,NA,0.83940000000000,3.78730000000000,0.22510000000000,14.15360000000000,17.0226,NA,622672778262,0.5707,0.3456,0.2251,12.8408,1.6584,1.6584,0.0000,NA,0.0000,2.8690,NA,NA
q2rtx.exe,39492,0x177137A1C80,DXGI,0,512,1,Hardware: Independent Flip,Application,622672784522,NA,0.28040000000000,4.66760000000000,0.13780000000000,14.10200000000000,21.4098,NA,622672783969,0.1931,0.0553,0.1378,13.9285,0.2288,0.2288,0.0000,NA,0.0000,7.3078,NA,NA
q2rtx.exe,39492,0x177137A1C80,DXGI,0,512,1,Hardware: Independent Flip,Application,622672907947,13.5251,12.34250000000000,6.33460000000000,0.20700000000000,15.40100000000000,15.4019,NA,622672785900,12.4117,12.2047,0.2070,13.9642,13.6415,13.6363,0.0052,-1.2644,11923.2027,0.0009,NA,NA
q2rtx.exe,39492,0x177137A1C80,DXGI,0,512,1,Hardware: Independent Flip,Application,622672924328,NA,1.63810000000000,5.58630000000000,0.22100000000000,14.68160000000000,19.3501,NA,622672910017,1.6521,1.4311,0.2210,15.1940,0.9187,0.9187,0.0000,NA,0.0000,4.6685,NA,NA
q2rtx.exe,39492,0x177137A1C80,DXGI,0,512,1,Hardware: Independent Flip,Application,622672927079,NA,0.27510000000000,4.27530000000000,0.12780000000000,14.65870000000000,23.3503,NA,622672926538,0.1819,0.0541,0.1278,14.4606,0.2522,0.2522,0.0000,NA,0.0000,8.6916,NA,NA
q2rtx.exe,39492,0x177137A1C80,DXGI,0,512,1,Hardware: Independent Flip,Application,622673063329,15.6614,13.62500000000000,4.56680000000000,0.18320000000000,13.52830000000000,14.2921,NA,622672928357,13.6804,13.4972,0.1832,14.5309,12.4946,12.4912,0.0034,1.2330,11938.8641,0.7638,NA,NA
q2rtx.exe,39492,0x177137A1C80,DXGI,0,512,1,Hardware: Independent Flip,Application,622673072255,NA,0.89260000000000,3.80220000000000,0.19080000000000,14.15610000000000,17.2017,NA,622673065161,0.9002,0.7094,0.1908,13.3451,1.5204,1.5204,0.0000,NA,0.0000,3.0456,NA,NA
q2rtx.exe,39492,0x177137A1C80,DXGI,0,512,1,Hardware: Independent Flip,Application,622673074676,NA,0.24210000000000,4.60430000000000,0.12320000000000,14.15860000000000,21.5639,NA,622673074163,0.1745,0.0513,0.1232,13.9653,0.2446,0.2446,0.0000,NA,0.0000,7.4053,NA,NA
q2rtx.exe,39492,0x177137A1C80,DXGI,0,512,1,Hardware: Independent Flip,Application,622673200105,13.4772,12.54290000000000,6.25590000000000,0.27790000000000,15.27620000000000,15.2769,NA,622673075908,12.6976,12.4197,0.2779,14.0354,13.6605,13.6559,0.0046,-1.1852,11952.3413,0.0007,NA,NA
q2rtx.exe,39492,0x177137A1C80,DXGI,0,512,1,Hardware: Independent Flip,Application,622673215087,NA,1.49820000000000,5.34610000000000,0.22830000000000,14.66000000000000,19.1248,NA,622673202884,1.4486,1.2203,0.2283,14.9983,0.8820,0.8820,0.0000,NA,0.0000,4.4648,NA,NA
q2rtx.exe,39492,0x177137A1C80,DXGI,0,512,1,Hardware: Independent Flip,Application,622673217938,NA,0.28510000000000,4.42540000000000,0.13600000000000,14.61200000000000,23.2651,NA,622673217370,0.1928,0.0568,0.1360,14.4317,0.2371,0.2371,0.0000,NA,0.0000,8.6531,NA,NA
q2rtx.exe,39492,0x177137A1C80,DXGI,0,512,1,Hardware: Independent Flip,Application,622673354959,15.6197,13.70210000000000,4.46270000000000,0.31250000000000,13.28900000000000,14.0257,NA,622673219298,13.8786,13.5661,0.3125,14.4760,12.3791,12.3755,0.0036,1.3855,11967.9610,0.7367,NA,NA
q2rtx.exe,39492,0x177137A1C80,DXGI,0,512,1,Hardware: Independent Flip,Application,622673362922,NA,0.79630000000000,3.78810000000000,0.21970000000000,14.01480000000000,17.0175,NA,622673358084,0.7035,0.4838,0.2197,12.9765,1.5221,1.5221,0.0000,NA,0.0000,3.0027,NA,NA
q2rtx.exe,39492,0x177137A1C80,DXGI,0,512,1,Hardware: Independent Flip,Application,622673365667,NA,0.27450000000000,4.56480000000000,0.13310000000000,13.97010000000000,21.3078,NA,622673365119,0.1879,0.0548,0.1331,13.7951,0.2298,0.2298,0.0000,NA,0.0000,7.3377,NA,NA
q2rtx.exe,39492,0x177137A1C80,DXGI,0,512,1,Hardware: Independent Flip,Application,622673489298,13.6111,12.36310000000000,6.28740000000000,0.23630000000000,15.23120000000000,15.2321,NA,622673366998,12.4663,12.2300,0.2363,13.8370,13.6242,13.6197,0.0045,-1.0292,11981.5721,0.0009,NA,NA
q2rtx.exe,39492,0x177137A1C80,DXGI,0,512,1,Hardware: Independent Flip,Application,622673504343,NA,1.50450000000000,5.39590000000000,0.22240000000000,14.80390000000000,19.1235,NA,622673491661,1.4906,1.2682,0.2224,14.9949,1.0772,1.0772,0.0000,NA,0.0000,4.3196,NA,NA
q2rtx.exe,39492,0x177137A1C80,DXGI,0,512,1,Hardware: Independent Flip,Application,622673507183,NA,0.28400000000000,4.36400000000000,0.13350000000000,14.74680000000000,23.2035,NA,622673506567,0.1951,0.0616,0.1335,14.5815,0.2269,0.2269,0.0000,NA,0.0000,8.4567,NA,NA
q2rtx.exe,39492,0x177137A1C80,DXGI,0,512,1,Hardware: Independent Flip,Application,622673642920,15.5125,13.57370000000000,4.78680000000000,0.22120000000000,13.63540000000000,14.4166,NA,622673508518,13.6614,13.4402,0.2212,14.6133,12.4623,12.4593,0.0030,0.9658,11997.0846,0.7812,NA,NA
q2rtx.exe,39492,0x177137A1C80,DXGI,0,512,1,Hardware: Independent Flip,Application,622673653496,NA,1.05760000000000,3.81960000000000,0.21860000000000,13.90760000000000,17.1786,NA,622673645132,1.0550,0.8364,0.2186,13.4142,1.3298,1.3298,0.0000,NA,0.0000,3.2710,NA,NA
q2rtx.exe,39492,0x177137A1C80,DXGI,0,512,1,Hardware: Independent Flip,Application,622673656240,NA,0.27440000000000,4.65370000000000,0.13530000000000,13.88540000000000,21.5579,NA,622673655682,0.1911,0.0558,0.1353,13.6890,0.2522,0.2522,0.0000,NA,0.0000,7.6725,NA,NA
q2rtx.exe,39492,0x177137A1C80,DXGI,0,512,1,Hardware: Independent Flip,Application,622673780543,13.4671,12.43030000000000,5.47580000000000,0.17930000000000,14.60270000000000,14.6034,NA,622673657593,12.4743,12.2950,0.1793,13.7501,13.1476,13.1425,0.0051,-0.4820,12010.5517,0.0007,NA,NA
q2rtx.exe,39492,0x177137A1C80,DXGI,0,512,1,Hardware: Independent Flip,Application,622673793713,NA,1.31700000000000,5.03290000000000,0.24520000000000,14.59630000000000,18.3193,NA,622673782336,1.3829,1.1377,0.2452,14.4234,1.3106,1.3106,0.0000,NA,0.0000,3.7230,NA,NA
q2rtx.exe,39492,0x177137A1C80,DXGI,0,512,1,Hardware: Independent Flip,Application,622673797005,NA,0.32920000000000,4.26320000000000,0.23260000000000,14.50770000000000,22.2533,NA,622673796165,0.3166,0.0840,0.2326,14.3511,0.2406,0.2406,0.0000,NA,0.0000,7.7456,NA,NA
q2rtx.exe,39492,0x177137A1C80,DXGI,0,512,1,Hardware: Independent Flip,Application,622673928895,15.4089,13.18900000000000,5.89760000000000,0.21260000000000,14.54220000000000,14.9619,NA,622673799331,13.1690,12.9564,0.2126,14.2751,13.2235,13.2188,0.0047,0.2152,12025.9606,0.4197,NA,NA
q2rtx.exe,39492,0x177137A1C80,DXGI,0,512,1,Hardware: Independent Flip,Application,622673940994,NA,1.20990000000000,4.51780000000000,0.21990000000000,14.63800000000000,18.2698,NA,622673931021,1.2172,0.9973,0.2199,14.3296,1.3057,1.3057,0.0000,NA,0.0000,3.6318,NA,NA
q2rtx.exe,39492,0x177137A1C80,DXGI,0,512,1,Hardware: Independent Flip,Application,622673943744,NA,0.27500000000000,4.90910000000000,0.13140000000000,14.61210000000000,22.9039,NA,622673943193,0.1865,0.0551,0.1314,14.4181,0.2491,0.2491,0.0000,NA,0.0000,8.2918,NA,NA
q2rtx.exe,39492,0x177137A1C80,DXGI,0,512,1,Hardware: Independent Flip,Application,622674075772,13.7337,13.20280000000000,5.26210000000000,0.22270000000000,14.68780000000000,14.9632,NA,622673945058,13.2941,13.0714,0.2227,14.4807,13.2785,13.2722,0.0063,-0.9553,12039.6943,0.2754,NA,NA
q2rtx.exe,39492,0x177137A1C80,DXGI,0,512,1,Hardware: Independent Flip,Application,622674088752,NA,1.29800000000000,4.54360000000000,0.23150000000000,14.67800000000000,18.2088,NA,622674077999,1.3068,1.0753,0.2315,14.4651,1.2882,1.2882,0.0000,NA,0.0000,3.5308,NA,NA
q2rtx.exe,39492,0x177137A1C80,DXGI,0,512,1,Hardware: Independent Flip,Application,622674091644,NA,0.28920000000000,4.78850000000000,0.13410000000000,14.63190000000000,22.7081,NA,622674091067,0.1918,0.0577,0.1341,14.4465,0.2431,0.2431,0.0000,NA,0.0000,8.0762,NA,NA
q2rtx.exe,39492,0x177137A1C80,DXGI,0,512,1,Hardware: Independent Flip,Application,622674223820,14.6984,13.21760000000000,5.13190000000000,0.17580000000000,14.59260000000000,14.6224,NA,622674092985,13.2593,13.0835,0.1758,14.4978,13.1783,13.1750,0.0033,0.2344,12054.3927,0.0298,NA,NA
q2rtx.exe,39492,0x177137A1C80,DXGI,0,512,1,Hardware: Independent Flip,Application,622674236638,NA,1.28180000000000,4.78710000000000,0.23080000000000,14.60200000000000,18.1277,NA,622674225578,1.3368,1.1060,0.2308,14.4168,1.2912,1.2912,0.0000,NA,0.0000,3.5257,NA,NA
q2rtx.exe,39492,0x177137A1C80,DXGI,0,512,1,Hardware: Independent Flip,Application,622674239469,NA,0.28310000000000,4.79490000000000,0.13000000000000,14.58310000000000,22.6395,NA,622674238946,0.1823,0.0523,0.1300,14.3712,0.2642,0.2642,0.0000,NA,0.0000,8.0564,NA,NA
q2rtx.exe,39492,0x177137A1C80,DXGI,0,512,1,Hardware: Independent Flip,Application,622674371564,14.8093,13.20950000000000,5.15760000000000,0.17890000000000,14.44510000000000,14.5876,NA,622674240769,13.2584,13.0795,0.1789,14.4531,13.0715,13.0664,0.0051,0.0697,12069.2020,0.1425,NA,NA
q2rtx.exe,39492,0x177137A1C80,DXGI,0,512,1,Hardware: Independent Flip,Application,622674384038,NA,1.24740000000000,4.73570000000000,0.23940000000000,14.47280000000000,18.0759,NA,622674373353,1.3079,1.0685,0.2394,14.2662,1.2751,1.2751,0.0000,NA,0.0000,3.6031,NA,NA
q2rtx.exe,39492,0x177137A1C80,DXGI,0,512,1,Hardware: Independent Flip,Application,622674387015,NA,0.29770000000000,4.85360000000000,0.12710000000000,14.41800000000000,22.6318,NA,622674386432,0.1854,0.0583,0.1271,14.2334,0.2429,0.2429,0.0000,NA,0.0000,8.2138,NA,NA
q2rtx.exe,39492,0x177137A1C80,DXGI,0,512,1,Hardware: Independent Flip,Application,622674517198,14.8575,13.01830000000000,4.89340000000000,0.18360000000000,14.40490000000000,14.5069,NA,622674388286,13.0748,12.8912,0.1836,14.2909,13.0052,13.0018,0.0034,0.3748,12084.0595,0.1020,NA,NA
q2rtx.exe,39492,0x177137A1C80,DXGI,0,512,1,Hardware: Independent Flip,Application,622674530140,NA,1.29420000000000,4.70310000000000,0.22570000000000,14.36520000000000,17.9158,NA,622674519034,1.3363,1.1106,0.2257,14.2213,1.2545,1.2545,0.0000,NA,0.0000,3.5506,NA,NA
q2rtx.exe,39492,0x177137A1C80,DXGI,0,512,1,Hardware: Independent Flip,Application,622674532946,NA,0.28060000000000,4.76190000000000,0.13100000000000,14.31630000000000,22.3971,NA,622674532397,0.1859,0.0549,0.1310,14.1395,0.2317,0.2317,0.0000,NA,0.0000,8.0808,NA,NA
q2rtx.exe,39492,0x177137A1C80,DXGI,0,512,1,Hardware: Independent Flip,Application,622674662507,14.6806,12.95610000000000,5.03340000000000,0.25230000000000,14.47370000000000,14.4744,NA,622674534256,13.0774,12.8251,0.2523,14.1853,13.1135,13.1068,0.0067,0.1822,12098.7401,0.0007,NA,NA
q2rtx.exe,39492,0x177137A1C80,DXGI,0,512,1,Hardware: Independent Flip,Application,622674674916,NA,1.24090000000000,4.83580000000000,0.22360000000000,14.49350000000000,18.0693,NA,622674665030,1.2122,0.9886,0.2236,14.2214,1.2607,1.2607,0.0000,NA,0.0000,3.5758,NA,NA
q2rtx.exe,39492,0x177137A1C80,DXGI,0,512,1,Hardware: Independent Flip,Application,622674677703,NA,0.27870000000000,4.81400000000000,0.13210000000000,14.47020000000000,22.6046,NA,622674677152,0.1872,0.0551,0.1321,14.2699,0.2554,0.2554,0.0000,NA,0.0000,8.1344,NA,NA
q2rtx.exe,39492,0x177137A1C80,DXGI,0,512,1,Hardware: Independent Flip,Application,622674808604,14.7310,13.09010000000000,4.94510000000000,0.20070000000000,14.33290000000000,14.4596,NA,622674679024,13.1587,12.9580,0.2007,14.3381,12.9528,12.9496,0.0032,0.1361,12113.4711,0.1267,NA,NA
q2rtx.exe,39492,0x177137A1C80,DXGI,0,512,1,Hardware: Independent Flip,Application,622674821182,NA,1.25780000000000,4.71910000000000,0.30530000000000,14.41780000000000,17.9209,NA,622674810611,1.3624,1.0571,0.3053,14.1322,1.3427,1.3427,0.0000,NA,0.0000,3.5031,NA,NA
q2rtx.exe,39492,0x177137A1C80,DXGI,0,512,1,Hardware: Independent Flip,Application,622674824841,NA,0.36590000000000,4.80600000000000,0.13490000000000,14.28170000000000,22.3610,NA,622674824235,0.1955,0.0606,0.1349,14.1125,0.2298,0.2298,0.0000,NA,0.0000,8.0793,NA,NA
q2rtx.exe,39492,0x177137A1C80,DXGI,0,512,1,Hardware: Independent Flip,Application,622674953143,14.5159,12.83020000000000,4.40210000000000,0.17600000000000,13.93210000000000,13.9329,NA,622674826190,12.8713,12.6953,0.1760,14.1468,12.4806,12.4774,0.0032,0.5887,12127.9870,0.0008,NA,NA
q2rtx.exe,39492,0x177137A1C80,DXGI,0,512,1,Hardware: Independent Flip,Application,622674966450,NA,1.33070000000000,4.66010000000000,0.22790000000000,13.87450000000000,17.2623,NA,622674954903,1.3826,1.1547,0.2279,13.7561,1.2731,1.2731,0.0000,NA,0.0000,3.3878,NA,NA
q2rtx.exe,39492,0x177137A1C80,DXGI,0,512,1,Hardware: Independent Flip,Application,622674969537,NA,0.30870000000000,4.62350000000000,0.16530000000000,13.80680000000000,21.5771,NA,622674968729,0.2461,0.0808,0.1653,13.6466,0.2410,0.2410,0.0000,NA,0.0000,7.7703,NA,NA
q2rtx.exe,39492,0x177137A1C80,DXGI,0,512,1,Hardware: Independent Flip,Application,622675094084,14.6958,12.45470000000000,5.37640000000000,0.23540000000000,14.49790000000000,14.4988,NA,622674971190,12.5248,12.2894,0.2354,13.6415,13.1458,13.1400,0.0058,0.0358,12142.6828,0.0009,NA,NA
q2rtx.exe,39492,0x177137A1C80,DXGI,0,512,1,Hardware: Independent Flip,Application,622675106468,NA,1.23840000000000,5.11370000000000,0.21750000000000,14.72140000000000,18.3741,NA,622675096438,1.2205,1.0030,0.2175,14.2625,1.4619,1.4619,0.0000,NA,0.0000,3.6527,NA,NA
q2rtx.exe,39492,0x177137A1C80,DXGI,0,512,1,Hardware: Independent Flip,Application,622675109177,NA,0.27090000000000,4.65140000000000,0.14040000000000,14.68070000000000,22.7546,NA,622675108643,0.1938,0.0534,0.1404,14.5039,0.2302,0.2302,0.0000,NA,0.0000,8.0739,NA,NA
q2rtx.exe,39492,0x177137A1C80,DXGI,0,512,1,Hardware: Independent Flip,Application,622675240637,14.4785,13.14600000000000,5.42010000000000,0.34460000000000,14.66790000000000,15.0287,NA,622675110581,13.3502,13.0056,0.3446,14.5403,13.1332,13.1287,0.0045,-0.7067,12157.1613,0.3608,NA,NA
q2rtx.exe,39492,0x177137A1C80,DXGI,0,512,1,Hardware: Independent Flip,Application,622675254869,NA,1.42320000000000,4.61280000000000,0.23780000000000,14.71640000000000,18.2183,NA,622675244083,1.3164,1.0786,0.2378,14.3233,1.4717,1.4625,0.0092,NA,0.0000,3.5019,NA,NA
q2rtx.exe,39492,0x177137A1C80,DXGI,0,512,1,Hardware: Independent Flip,Application,622675258189,NA,0.33200000000000,4.90330000000000,0.16110000000000,14.60820000000000,22.7896,NA,622675257247,0.2553,0.0942,0.1611,14.4786,0.2238,0.2238,0.0000,NA,0.0000,8.1814,NA,NA
q2rtx.exe,39492,0x177137A1C80,DXGI,0,512,1,Hardware: Independent Flip,Application,622675388770,13.8435,13.05810000000000,4.48980000000000,0.20580000000000,14.03650000000000,14.2213,NA,622675259800,13.1028,12.8970,0.2058,14.4471,12.4864,12.4830,0.0034,-0.1624,12171.0048,0.1848,NA,NA
q2rtx.exe,39492,0x177137A1C80,DXGI,0,512,1,Hardware: Independent Flip,Application,622675403292,NA,1.45220000000000,4.44170000000000,0.20970000000000,14.05200000000000,17.2108,NA,622675390828,1.4561,1.2464,0.2097,13.8307,1.4677,1.4677,0.0000,NA,0.0000,3.1588,NA,NA
q2rtx.exe,39492,0x177137A1C80,DXGI,0,512,1,Hardware: Independent Flip,Application,622675405990,NA,0.26980000000000,4.57960000000000,0.13430000000000,14.05660000000000,21.5206,NA,622675405389,0.1944,0.0601,0.1343,13.8423,0.2744,0.2744,0.0000,NA,0.0000,7.4640,NA,NA
q2rtx.exe,39492,0x177137A1C80,DXGI,0,512,1,Hardware: Independent Flip,Application,622675530862,14.7811,12.48720000000000,6.36780000000000,0.22790000000000,15.40030000000000,15.4012,NA,622675407333,12.5808,12.3529,0.2279,13.9223,13.8309,13.8264,0.0045,-0.6080,12185.7859,0.0009,NA,NA
q2rtx.exe,39492,0x177137A1C80,DXGI,0,512,1,Hardware: Independent Flip,Application,622675545128,NA,1.42660000000000,5.29120000000000,0.24610000000000,14.85680000000000,19.2658,NA,622675533141,1.4448,1.1987,0.2461,15.1724,0.8831,0.8831,0.0000,NA,0.0000,4.4090,NA,NA
q2rtx.exe,39492,0x177137A1C80,DXGI,0,512,1,Hardware: Independent Flip,Application,622675548182,NA,0.30540000000000,4.96060000000000,0.13820000000000,14.79530000000000,23.9210,NA,622675547589,0.1975,0.0593,0.1382,14.6107,0.2439,0.2439,0.0000,NA,0.0000,9.1257,NA,NA
q2rtx.exe,39492,0x177137A1C80,DXGI,0,512,1,Hardware: Independent Flip,Application,622675686612,14.8692,13.84300000000000,4.05530000000000,0.22950000000000,13.38590000000000,14.1333,NA,622675549564,13.9343,13.7048,0.2295,14.6571,12.4336,12.4300,0.0036,0.5621,12200.6551,0.7474,NA,NA
q2rtx.exe,39492,0x177137A1C80,DXGI,0,512,1,Hardware: Independent Flip,Application,622675695059,NA,0.84470000000000,3.79510000000000,0.22180000000000,13.89370000000000,17.0837,NA,622675688907,0.8370,0.6152,0.2218,13.1564,1.3525,1.3525,0.0000,NA,0.0000,3.1900,NA,NA
q2rtx.exe,39492,0x177137A1C80,DXGI,0,512,1,Hardware: Independent Flip,Application,622675697854,NA,0.27950000000000,4.64670000000000,0.13540000000000,13.86150000000000,21.4509,NA,622675697277,0.1931,0.0577,0.1354,13.6719,0.2473,0.2473,0.0000,NA,0.0000,7.5894,NA,NA
q2rtx.exe,39492,0x177137A1C80,DXGI,0,512,1,Hardware: Independent Flip,Application,622675822081,13.9805,12.42270000000000,6.04950000000000,0.23010000000000,15.07690000000000,15.0777,NA,622675699208,12.5174,12.2873,0.2301,13.7261,13.6381,13.6335,0.0046,-0.5108,12214.6356,0.0008,NA,NA
q2rtx.exe,39492,0x177137A1C80,DXGI,0,512,1,Hardware: Independent Flip,Application,622675835286,NA,1.32050000000000,5.59600000000000,0.33570000000000,14.69090000000000,19.3532,NA,622675824382,1.4261,1.0904,0.3357,14.8468,0.9345,0.9345,0.0000,NA,0.0000,4.6623,NA,NA
q2rtx.exe,39492,0x177137A1C80,DXGI,0,512,1,Hardware: Independent Flip,Application,622675839400,NA,0.41140000000000,4.05850000000000,0.14440000000000,14.52280000000000,23.0003,NA,622675838643,0.2201,0.0757,0.1444,14.3552,0.2433,0.2433,0.0000,NA,0.0000,8.4775,NA,NA
q2rtx.exe,39492,0x177137A1C80,DXGI,0,512,1,Hardware: Independent Flip,Application,622675974843,15.6290,13.54430000000000,4.60920000000000,0.25740000000000,13.36040000000000,14.0652,NA,622675840844,13.6573,13.3999,0.2574,14.3784,12.3819,12.3784,0.0035,1.3653,12230.2646,0.7048,NA,NA
q2rtx.exe,39492,0x177137A1C80,DXGI,0,512,1,Hardware: Independent Flip,Application,622675983630,NA,0.87870000000000,3.82920000000000,0.21250000000000,14.18320000000000,17.0157,NA,622675977417,0.8338,0.6213,0.2125,13.1030,1.7015,1.6934,0.0081,NA,0.0000,2.8325,NA,NA
q2rtx.exe,39492,0x177137A1C80,DXGI,0,512,1,Hardware: Independent Flip,Application,622675986342,NA,0.27120000000000,4.50360000000000,0.13430000000000,14.15070000000000,21.2481,NA,622675985755,0.1930,0.0587,0.1343,13.9707,0.2387,0.2387,0.0000,NA,0.0000,7.0974,NA,NA
q2rtx.exe,39492,0x177137A1C80,DXGI,0,512,1,Hardware: Independent Flip,Application,622676110119,13.5066,12.37770000000000,5.29910000000000,0.23160000000000,14.16850000000000,14.1695,NA,622675987685,12.4750,12.2434,0.2316,14.0164,12.3955,12.3909,0.0046,-0.1253,12243.7712,0.0010,NA,NA
q2rtx.exe,39492,0x177137A1C80,DXGI,0,512,1,Hardware: Independent Flip,Application,622676126742,NA,1.66230000000000,4.86310000000000,0.22240000000000,13.90720000000000,17.3703,NA,622676112435,1.6531,1.4307,0.2224,13.9369,1.4010,1.4010,0.0000,NA,0.0000,3.4631,NA,NA
q2rtx.exe,39492,0x177137A1C80,DXGI,0,512,1,Hardware: Independent Flip,Application,622676129535,NA,0.27930000000000,4.21930000000000,0.12880000000000,13.86930000000000,21.3103,NA,622676128966,0.1857,0.0569,0.1288,13.6848,0.2414,0.2414,0.0000,NA,0.0000,7.4410,NA,NA
q2rtx.exe,39492,0x177137A1C80,DXGI,0,512,1,Hardware: Independent Flip,Application,622676259034,15.2905,12.94990000000000,5.89810000000000,0.28880000000000,13.85650000000000,14.2585,NA,622676130823,13.1099,12.8211,0.2888,13.7405,12.9371,12.9324,0.0047,0.3100,12259.0617,0.4020,NA,NA
q2rtx.exe,39492,0x177137A1C80,DXGI,0,512,1,Hardware: Independent Flip,Application,622676267224,NA,0.81900000000000,4.46980000000000,0.21260000000000,14.34510000000000,17.9093,NA,622676261922,0.7428,0.5302,0.2126,13.5677,1.3076,1.3076,0.0000,NA,0.0000,3.5642,NA,NA
q2rtx.exe,39492,0x177137A1C80,DXGI,0,512,1,Hardware: Independent Flip,Application,622676269944,NA,0.27200000000000,4.84610000000000,0.14160000000000,14.32590000000000,22.4834,NA,622676269350,0.2010,0.0594,0.1416,14.1325,0.2528,0.2528,0.0000,NA,0.0000,8.1575,NA,NA
q2rtx.exe,39492,0x177137A1C80,DXGI,0,512,1,Hardware: Independent Flip,Application,622676399072,13.4702,12.91280000000000,5.42130000000000,0.22330000000000,14.67460000000000,14.9919,NA,622676271360,12.9945,12.7712,0.2233,14.1843,13.2615,13.2568,0.0047,-1.2670,12272.5319,0.3173,NA,NA
q2rtx.exe,39492,0x177137A1C80,DXGI,0,512,1,Hardware: Independent Flip,Application,622676411888,NA,1.28160000000000,4.49810000000000,0.23760000000000,14.68940000000000,18.2084,NA,622676401305,1.2959,1.0583,0.2376,14.4513,1.2964,1.2964,0.0000,NA,0.0000,3.5190,NA,NA
q2rtx.exe,39492,0x177137A1C80,DXGI,0,512,1,Hardware: Independent Flip,Application,622676415080,NA,0.31920000000000,4.79770000000000,0.16670000000000,14.60030000000000,22.6869,NA,622676414264,0.2483,0.0816,0.1667,14.4518,0.2301,0.2301,0.0000,NA,0.0000,8.0866,NA,NA
q2rtx.exe,39492,0x177137A1C80,DXGI,0,512,1,Hardware: Independent Flip,Application,622676547123,14.2002,13.20430000000000,4.99750000000000,0.22150000000000,14.36050000000000,14.4801,NA,622676416747,13.2591,13.0376,0.2215,14.4336,12.9645,12.9586,0.0059,-0.0931,12286.7321,0.1196,NA,NA
q2rtx.exe,39492,0x177137A1C80,DXGI,0,512,1,Hardware: Independent Flip,Application,622676559959,NA,1.28360000000000,4.61370000000000,0.21830000000000,14.33250000000000,17.8102,NA,622676549338,1.2804,1.0621,0.2183,14.1390,1.2556,1.2556,0.0000,NA,0.0000,3.4777,NA,NA
q2rtx.exe,39492,0x177137A1C80,DXGI,0,512,1,Hardware: Independent Flip,Application,622676562694,NA,0.27350000000000,4.70940000000000,0.13140000000000,14.29940000000000,22.2461,NA,622676562142,0.1866,0.0552,0.1314,14.1142,0.2404,0.2404,0.0000,NA,0.0000,7.9467,NA,NA
q2rtx.exe,39492,0x177137A1C80,DXGI,0,512,1,Hardware: Independent Flip,Application,622676692239,14.5400,12.95450000000000,5.22360000000000,0.20660000000000,14.43860000000000,14.5152,NA,622676564008,13.0297,12.8231,0.2066,14.1680,13.0937,13.0900,0.0037,-0.0067,12301.2721,0.0766,NA,NA
q2rtx.exe,39492,0x177137A1C80,DXGI,0,512,1,Hardware: Independent Flip,Application,622676704696,NA,1.24570000000000,4.75550000000000,0.21210000000000,14.51620000000000,18.0250,NA,622676694305,1.2512,1.0391,0.2121,14.2320,1.3233,1.3233,0.0000,NA,0.0000,3.5088,NA,NA
q2rtx.exe,39492,0x177137A1C80,DXGI,0,512,1,Hardware: Independent Flip,Application,622676707405,NA,0.27090000000000,4.80890000000000,0.13850000000000,14.49090000000000,22.5630,NA,622676706817,0.1973,0.0588,0.1385,14.3041,0.2456,0.2456,0.0000,NA,0.0000,8.0721,NA,NA
q2rtx.exe,39492,0x177137A1C80,DXGI,0,512,1,Hardware: Independent Flip,Application,622676837935,14.8009,13.05300000000000,5.35170000000000,0.19010000000000,14.65360000000000,14.8617,NA,622676708790,13.1046,12.9145,0.1901,14.3524,13.2157,13.2112,0.0045,-0.1152,12316.0730,0.2081,NA,NA
q2rtx.exe,39492,0x177137A1C80,DXGI,0,512,1,Hardware: Independent Flip,Application,622676851170,NA,1.32350000000000,4.70110000000000,0.22330000000000,14.62400000000000,18.2393,NA,622676839836,1.3567,1.1334,0.2233,14.4635,1.2939,1.2939,0.0000,NA,0.0000,3.6153,NA,NA
q2rtx.exe,39492,0x177137A1C80,DXGI,0,512,1,Hardware: Independent Flip,Application,622676853958,NA,0.27880000000000,4.88970000000000,0.13240000000000,14.59830000000000,22.8502,NA,622676853403,0.1879,0.0555,0.1324,14.4007,0.2531,0.2531,0.0000,NA,0.0000,8.2519,NA,NA
q2rtx.exe,39492,0x177137A1C80,DXGI,0,512,1,Hardware: Independent Flip,Application,622676985682,14.5113,13.17240000000000,5.09760000000000,0.18830000000000,14.65770000000000,14.7754,NA,622676855282,13.2283,13.0400,0.1883,14.4659,13.2318,13.2270,0.0048,-0.1771,12330.5843,0.1177,NA,NA
q2rtx.exe,39492,0x177137A1C80,DXGI,0,512,1,Hardware: Independent Flip,Application,622676998701,NA,1.30190000000000,4.76340000000000,0.23200000000000,14.66380000000000,18.2369,NA,622676987565,1.3456,1.1136,0.2320,14.4694,1.3080,1.3080,0.0000,NA,0.0000,3.5731,NA,NA
q2rtx.exe,39492,0x177137A1C80,DXGI,0,512,1,Hardware: Independent Flip,Application,622677001593,NA,0.28920000000000,4.83270000000000,0.13740000000000,14.60090000000000,22.7804,NA,622677001021,0.1946,0.0572,0.1374,14.4318,0.2263,0.2263,0.0000,NA,0.0000,8.1795,NA,NA
q2rtx.exe,39492,0x177137A1C80,DXGI,0,512,1,Hardware: Independent Flip,Application,622677133508,14.5851,13.19150000000000,4.61630000000000,0.22520000000000,14.16610000000000,14.2052,NA,622677002967,13.2793,13.0541,0.2252,14.4635,12.7567,12.7534,0.0033,0.3727,12345.1694,0.0391,NA,NA
q2rtx.exe,39492,0x177137A1C80,DXGI,0,512,1,Hardware: Independent Flip,Application,622677146519,NA,1.30110000000000,4.69920000000000,0.22020000000000,14.15650000000000,17.6033,NA,622677135760,1.2961,1.0759,0.2202,13.9409,1.2915,1.2915,0.0000,NA,0.0000,3.4468,NA,NA
q2rtx.exe,39492,0x177137A1C80,DXGI,0,512,1,Hardware: Independent Flip,Application,622677149283,NA,0.27640000000000,4.71090000000000,0.12940000000000,14.13340000000000,22.0378,NA,622677148721,0.1856,0.0562,0.1294,13.9363,0.2533,0.2533,0.0000,NA,0.0000,7.9044,NA,NA
q2rtx.exe,39492,0x177137A1C80,DXGI,0,512,1,Hardware: Independent Flip,Application,622677276404,14.8349,12.71210000000000,5.04470000000000,0.20640000000000,14.36960000000000,14.3704,NA,622677150577,12.7891,12.5827,0.2064,14.0040,12.9483,12.9436,0.0047,0.3801,12360.0043,0.0008,NA,NA
q2rtx.exe,39492,0x177137A1C80,DXGI,0,512,1,Hardware: Independent Flip,Application,622677289576,NA,1.31720000000000,4.90520000000000,0.21790000000000,14.42740000000000,17.9584,NA,622677278468,1.3287,1.1108,0.2179,14.1632,1.3750,1.3750,0.0000,NA,0.0000,3.5310,NA,NA
q2rtx.exe,39492,0x177137A1C80,DXGI,0,512,1,Hardware: Independent Flip,Application,622677292349,NA,0.27730000000000,4.72850000000000,0.13420000000000,14.39700000000000,22.4096,NA,622677291755,0.1936,0.0594,0.1342,14.2095,0.2469,0.2469,0.0000,NA,0.0000,8.0126,NA,NA
q2rtx.exe,39492,0x177137A1C80,DXGI,0,512,1,Hardware: Independent Flip,Application,622677421889,14.8783,12.95400000000000,5.21570000000000,0.19790000000000,14.49690000000000,14.6713,NA,622677293691,13.0177,12.8198,0.1979,14.2628,13.0539,13.0494,0.0045,0.0289,12374.8826,0.1744,NA,NA
q2rtx.exe,39492,0x177137A1C80,DXGI,0,512,1,Hardware: Independent Flip,Application,622677435093,NA,1.32040000000000,4.73790000000000,0.22120000000000,14.47800000000000,18.0888,NA,622677423868,1.3437,1.1225,0.2212,14.2990,1.3015,1.3015,0.0000,NA,0.0000,3.6108,NA,NA
q2rtx.exe,39492,0x177137A1C80,DXGI,0,512,1,Hardware: Independent Flip,Application,622677437840,NA,0.27470000000000,4.87170000000000,0.12680000000000,14.44520000000000,22.6858,NA,622677437305,0.1803,0.0535,0.1268,14.2568,0.2419,0.2419,0.0000,NA,0.0000,8.2406,NA,NA
q2rtx.exe,39492,0x177137A1C80,DXGI,0,512,1,Hardware: Independent Flip,Application,622677568353,14.3283,13.05130000000000,4.95560000000000,0.44150000000000,14.51510000000000,14.5901,NA,622677439108,13.3660,12.9245,0.4415,14.3184,13.1212,13.1180,0.0032,-0.2369,12389.2109,0.0750,NA,NA
q2rtx.exe,39492,0x177137A1C80,DXGI,0,512,1,Hardware: Independent Flip,Application,622677580991,NA,1.26380000000000,4.76340000000000,0.28430000000000,14.74940000000000,18.0897,NA,622677572768,1.1066,0.8223,0.2843,14.0736,1.4981,1.4981,0.0000,NA,0.0000,3.3403,NA,NA
q2rtx.exe,39492,0x177137A1C80,DXGI,0,512,1,Hardware: Independent Flip,Application,622677584420,NA,0.34290000000000,4.81410000000000,0.15480000000000,14.65660000000000,22.5609,NA,622677583834,0.2134,0.0586,0.1548,14.4651,0.2501,0.2501,0.0000,NA,0.0000,7.9043,NA,NA
q2rtx.exe,39492,0x177137A1C80,DXGI,0,512,1,Hardware: Independent Flip,Application,622677715027,14.5987,13.06070000000000,5.28330000000000,0.23870000000000,14.78280000000000,14.7835,NA,622677585968,13.1446,12.9059,0.2387,14.5018,13.1869,13.1821,0.0048,-0.2621,12403.8096,0.0007,NA,NA
q2rtx.exe,39492,0x177137A1C80,DXGI,0,512,1,Hardware: Independent Flip,Application,622677730078,NA,1.50510000000000,4.98050000000000,0.20600000000000,14.56560000000000,18.2589,NA,622677717414,1.4724,1.2664,0.2060,14.5441,1.2879,1.2879,0.0000,NA,0.0000,3.6933,NA,NA
q2rtx.exe,39492,0x177137A1C80,DXGI,0,512,1,Hardware: Independent Flip,Application,622677732721,NA,0.26430000000000,4.92800000000000,0.13640000000000,14.55700000000000,22.9226,NA,622677732138,0.1947,0.0583,0.1364,14.3596,0.2557,0.2557,0.0000,NA,0.0000,8.3656,NA,NA
q2rtx.exe,39492,0x177137A1C80,DXGI,0,512,1,Hardware: Independent Flip,Application,622677864765,14.7240,13.20440000000000,4.88880000000000,0.19430000000000,14.42350000000000,14.6070,NA,622677734085,13.2623,13.0680,0.1943,14.4206,13.0709,13.0667,0.0042,-0.0733,12418.5336,0.1835,NA,NA
q2rtx.exe,39492,0x177137A1C80,DXGI,0,512,1,Hardware: Independent Flip,Application,622677877103,NA,1.23380000000000,4.72440000000000,0.23700000000000,14.47890000000000,18.0976,NA,622677866708,1.2765,1.0395,0.2370,14.2292,1.2892,1.2892,0.0000,NA,0.0000,3.6187,NA,NA
q2rtx.exe,39492,0x177137A1C80,DXGI,0,512,1,Hardware: Independent Flip,Application,622677880068,NA,0.29650000000000,4.83410000000000,0.17200000000000,14.40060000000000,22.6352,NA,622677879473,0.2315,0.0595,0.1720,14.2419,0.2182,0.2182,0.0000,NA,0.0000,8.2346,NA,NA
q2rtx.exe,39492,0x177137A1C80,DXGI,0,512,1,Hardware: Independent Flip,Application,622678010649,14.6743,13.05810000000000,4.51050000000000,0.19560000000000,14.08680000000000,14.0876,NA,622677881788,13.0817,12.8861,0.1956,14.2286,12.7443,12.7413,0.0030,0.6053,12433.2079,0.0008,NA,NA
q2rtx.exe,39492,0x177137A1C80,DXGI,0,512,1,Hardware: Independent Flip,Application,622678023087,NA,1.24380000000000,4.81460000000000,0.21070000000000,14.12660000000000,17.6584,NA,622678012605,1.2589,1.0482,0.2107,13.8912,1.2836,1.2836,0.0000,NA,0.0000,3.5318,NA,NA
q2rtx.exe,39492,0x177137A1C80,DXGI,0,512,1,Hardware: Independent Flip,Application,622678025780,NA,0.26930000000000,4.55930000000000,0.13330000000000,14.09440000000000,21.9484,NA,622678025194,0.1919,0.0586,0.1333,13.9159,0.2371,0.2371,0.0000,NA,0.0000,7.8540,NA,NA
q2rtx.exe,39492,0x177137A1C80,DXGI,0,512,1,Hardware: Independent Flip,Application,622678152938,14.9867,12.71580000000000,5.10890000000000,0.19850000000000,14.34070000000000,14.3415,NA,622678027113,12.7810,12.5825,0.1985,13.9611,12.9621,12.9570,0.0051,0.5039,12448.1946,0.0008,NA,NA
q2rtx.exe,39492,0x177137A1C80,DXGI,0,512,1,Hardware: Independent Flip,Application,622678165562,NA,1.26240000000000,4.85530000000000,0.24510000000000,14.35530000000000,17.9344,NA,622678154923,1.3090,1.0639,0.2451,14.1422,1.2770,1.2770,0.0000,NA,0.0000,3.5791,NA,NA
q2rtx.exe,39492,0x177137A1C80,DXGI,0,512,1,Hardware: Independent Flip,Application,622678168587,NA,0.30250000000000,4.79400000000000,0.13880000000000,14.28950000000000,22.4259,NA,622678168013,0.1962,0.0574,0.1388,14.1102,0.2367,0.2367,0.0000,NA,0.0000,8.1364,NA,NA
q2rtx.exe,39492,0x177137A1C80,DXGI,0,512,1,Hardware: Independent Flip,Application,622678298713,14.7026,13.01260000000000,5.25150000000000,0.21230000000000,14.38030000000000,14.6648,NA,622678169975,13.0861,12.8738,0.2123,14.1507,13.1034,13.0990,0.0044,-0.1982,12462.8972,0.2845,NA,NA
q2rtx.exe,39492,0x177137A1C80,DXGI,0,512,1,Hardware: Independent Flip,Application,622678310405,NA,1.16920000000000,4.60040000000000,0.23220000000000,14.58600000000000,18.0960,NA,622678300836,1.1891,0.9569,0.2322,14.1680,1.3749,1.3749,0.0000,NA,0.0000,3.5100,NA,NA
q2rtx.exe,39492,0x177137A1C80,DXGI,0,512,1,Hardware: Independent Flip,Application,622678313302,NA,0.28970000000000,4.85980000000000,0.13130000000000,14.54370000000000,22.6661,NA,622678312727,0.1888,0.0575,0.1313,14.3538,0.2474,0.2474,0.0000,NA,0.0000,8.1224,NA,NA
q2rtx.exe,39492,0x177137A1C80,DXGI,0,512,1,Hardware: Independent Flip,Application,622678443835,14.2732,13.05330000000000,4.68030000000000,0.19890000000000,14.24790000000000,14.2931,NA,622678314615,13.1209,12.9220,0.1989,14.4124,12.7575,12.7542,0.0033,0.1327,12477.1704,0.0452,NA,NA
q2rtx.exe,39492,0x177137A1C80,DXGI,0,512,1,Hardware: Independent Flip,Application,622678457938,NA,1.41030000000000,4.66440000000000,0.19820000000000,14.15400000000000,17.5472,NA,622678445824,1.4096,1.2114,0.1982,14.0490,1.3164,1.3164,0.0000,NA,0.0000,3.3932,NA,NA
q2rtx.exe,39492,0x177137A1C80,DXGI,0,512,1,Hardware: Independent Flip,Application,622678460484,NA,0.25460000000000,4.68470000000000,0.12870000000000,14.14030000000000,21.9773,NA,622678459920,0.1851,0.0564,0.1287,13.9558,0.2409,0.2409,0.0000,NA,0.0000,7.8370,NA,NA
q2rtx.exe,39492,0x177137A1C80,DXGI,0,512,1,Hardware: Independent Flip,Application,622678588291,14.5258,12.78070000000000,4.93560000000000,0.22270000000000,14.13140000000000,14.1322,NA,622678461771,12.8747,12.6520,0.2227,14.0116,12.7718,12.7671,0.0047,0.2411,12491.6962,0.0008,NA,NA
q2rtx.exe,39492,0x177137A1C80,DXGI,0,512,1,Hardware: Independent Flip,Application,622678600897,NA,1.26060000000000,4.88990000000000,0.22050000000000,14.10740000000000,17.7615,NA,622678590518,1.2584,1.0379,0.2205,13.9087,1.2366,1.2366,0.0000,NA,0.0000,3.6541,NA,NA
q2rtx.exe,39492,0x177137A1C80,DXGI,0,512,1,Hardware: Independent Flip,Application,622678603686,NA,0.27890000000000,4.62690000000000,0.13260000000000,14.06450000000000,22.1095,NA,622678603102,0.1910,0.0584,0.1326,13.8869,0.2360,0.2360,0.0000,NA,0.0000,8.0450,NA,NA
q2rtx.exe,39492,0x177137A1C80,DXGI,0,512,1,Hardware: Independent Flip,Application,622678731242,14.6728,12.75560000000000,5.16900000000000,0.22650000000000,14.36270000000000,14.5229,NA,622678605012,12.8495,12.6230,0.2265,13.9319,13.0538,13.0491,0.0047,-0.0130,12506.3690,0.1602,NA,NA
q2rtx.exe,39492,0x177137A1C80,DXGI,0,512,1,Hardware: Independent Flip,Application,622678743228,NA,1.19860000000000,4.69730000000000,0.24040000000000,14.56960000000000,18.0216,NA,622678733507,1.2125,0.9721,0.2404,14.1362,1.4055,1.4055,0.0000,NA,0.0000,3.4520,NA,NA
q2rtx.exe,39492,0x177137A1C80,DXGI,0,512,1,Hardware: Independent Flip,Application,622678746182,NA,0.29540000000000,4.82850000000000,0.14010000000000,14.52270000000000,22.5547,NA,622678745632,0.1951,0.0550,0.1401,14.3292,0.2485,0.2485,0.0000,NA,0.0000,8.0320,NA,NA
q2rtx.exe,39492,0x177137A1C80,DXGI,0,512,1,Hardware: Independent Flip,Application,622678875904,14.3439,12.97220000000000,5.26160000000000,0.18220000000000,14.66170000000000,14.8441,NA,622678747583,13.0143,12.8321,0.1822,14.3826,13.1112,13.1063,0.0049,-0.4435,12520.7129,0.1824,NA,NA
q2rtx.exe,39492,0x177137A1C80,DXGI,0,512,1,Hardware: Independent Flip,Application,622678890354,NA,1.44500000000000,4.69740000000000,0.22500000000000,14.49870000000000,18.0965,NA,622678877726,1.4878,1.2628,0.2250,14.4795,1.2820,1.2820,0.0000,NA,0.0000,3.5978,NA,NA
q2rtx.exe,39492,0x177137A1C80,DXGI,0,512,1,Hardware: Independent Flip,Application,622678893163,NA,0.28090000000000,4.85180000000000,0.12870000000000,14.46220000000000,22.6674,NA,622678892604,0.1846,0.0559,0.1287,14.2737,0.2444,0.2444,0.0000,NA,0.0000,8.2052,NA,NA
q2rtx.exe,39492,0x177137A1C80,DXGI,0,512,1,Hardware: Independent Flip,Application,622679023702,14.3449,13.05390000000000,5.16080000000000,0.32150000000000,14.66950000000000,14.7743,NA,622678894450,13.2467,12.9252,0.3215,14.3335,13.2612,13.2568,0.0044,-0.3651,12535.0578,0.1048,NA,NA
q2rtx.exe,39492,0x177137A1C80,DXGI,0,512,1,Hardware: Independent Flip,Application,622679036595,NA,1.28930000000000,4.77790000000000,0.24540000000000,14.69380000000000,18.2629,NA,622679026917,1.2132,0.9678,0.2454,14.3480,1.3136,1.3136,0.0000,NA,0.0000,3.5691,NA,NA
q2rtx.exe,39492,0x177137A1C80,DXGI,0,512,1,Hardware: Independent Flip,Application,622679039588,NA,0.29930000000000,4.85360000000000,0.12930000000000,14.63650000000000,22.8172,NA,622679039049,0.1832,0.0539,0.1293,14.4484,0.2420,0.2420,0.0000,NA,0.0000,8.1807,NA,NA
q2rtx.exe,39492,0x177137A1C80,DXGI,0,512,1,Hardware: Independent Flip,Application,622679173936,14.5030,13.43480000000000,4.82170000000000,0.20200000000000,14.11010000000000,14.2041,NA,622679040881,13.5075,13.3055,0.2020,14.5072,12.9084,12.9046,0.0038,0.0498,12549.5608,0.0940,NA,NA
q2rtx.exe,39492,0x177137A1C80,DXGI,0,512,1,Hardware: Independent Flip,Application,622679184838,NA,1.09020000000000,4.70270000000000,0.23480000000000,14.31330000000000,17.8166,NA,622679175956,1.1230,0.8882,0.2348,13.9081,1.2934,1.2934,0.0000,NA,0.0000,3.5033,NA,NA
q2rtx.exe,39492,0x177137A1C80,DXGI,0,512,1,Hardware: Independent Flip,Application,622679187749,NA,0.29110000000000,4.77310000000000,0.13360000000000,14.26720000000000,22.2986,NA,622679187186,0.1899,0.0563,0.1336,14.0785,0.2450,0.2450,0.0000,NA,0.0000,8.0314,NA,NA
q2rtx.exe,39492,0x177137A1C80,DXGI,0,512,1,Hardware: Independent Flip,Application,622679316278,14.7705,12.85290000000000,5.07720000000000,0.22220000000000,14.52200000000000,14.5229,NA,622679189085,12.9415,12.7193,0.2222,14.1336,13.1077,13.1025,0.0052,0.2175,12564.3313,0.0009,NA,NA
q2rtx.exe,39492,0x177137A1C80,DXGI,0,512,1,Hardware: Independent Flip,Application,622679329250,NA,1.29720000000000,4.90740000000000,0.23960000000000,14.67530000000000,18.1331,NA,622679318500,1.3146,1.0750,0.2396,14.2998,1.4505,1.4505,0.0000,NA,0.0000,3.4578,NA,NA
q2rtx.exe,39492,0x177137A1C80,DXGI,0,512,1,Hardware: Independent Flip,Application,622679332226,NA,0.29760000000000,4.78880000000000,0.13440000000000,14.60860000000000,22.6243,NA,622679331646,0.1924,0.0580,0.1344,14.4357,0.2309,0.2309,0.0000,NA,0.0000,8.0157,NA,NA
q2rtx.exe,39492,0x177137A1C80,DXGI,0,512,1,Hardware: Independent Flip,Application,622679462910,14.8041,13.06840000000000,4.56060000000000,0.21340000000000,13.95740000000000,14.1165,NA,622679333570,13.1474,12.9340,0.2134,14.4742,12.4172,12.4139,0.0033,0.5473,12579.1354,0.1591,NA,NA
q2rtx.exe,39492,0x177137A1C80,DXGI,0,512,1,Hardware: Independent Flip,Application,622679477302,NA,1.43920000000000,4.55440000000000,0.21720000000000,13.78400000000000,17.2317,NA,622679465044,1.4430,1.2258,0.2172,13.7440,1.2658,1.2658,0.0000,NA,0.0000,3.4477,NA,NA
q2rtx.exe,39492,0x177137A1C80,DXGI,0,512,1,Hardware: Independent Flip,Application,622679480058,NA,0.27560000000000,4.68760000000000,0.13410000000000,13.76480000000000,21.6437,NA,622679479474,0.1925,0.0584,0.1341,13.5668,0.2564,0.2564,0.0000,NA,0.0000,7.8789,NA,NA
q2rtx.exe,39492,0x177137A1C80,DXGI,0,512,1,Hardware: Independent Flip,Application,622679603529,14.4191,12.34710000000000,5.31620000000000,0.19850000000000,14.61190000000000,14.6128,NA,622679481399,12.4115,12.2130,0.1985,13.6307,13.1942,13.1446,0.0496,-0.1391,12593.5545,0.0009,NA,NA
q2rtx.exe,39492,0x177137A1C80,DXGI,0,512,1,Hardware: Independent Flip,Application,622679616486,NA,1.29570000000000,5.01280000000000,0.32080000000000,14.58310000000000,18.3299,NA,622679605514,1.4180,1.0972,0.3208,14.4134,1.2669,1.2669,0.0000,NA,0.0000,3.7468,NA,NA
q2rtx.exe,39492,0x177137A1C80,DXGI,0,512,1,Hardware: Independent Flip,Application,622679620297,NA,0.38110000000000,4.68600000000000,0.13520000000000,14.48260000000000,22.6348,NA,622679619694,0.1955,0.0603,0.1352,14.2623,0.2806,0.2806,0.0000,NA,0.0000,8.1522,NA,NA
q2rtx.exe,39492,0x177137A1C80,DXGI,0,512,1,Hardware: Independent Flip,Application,622679751909,14.6840,13.16120000000000,5.24280000000000,0.25230000000000,14.39240000000000,14.7164,NA,622679621649,13.2783,13.0260,0.2523,14.3474,13.0710,13.0667,0.0043,-0.2576,12608.2385,0.3240,NA,NA
q2rtx.exe,39492,0x177137A1C80,DXGI,0,512,1,Hardware: Independent Flip,Application,622679763692,NA,1.17830000000000,4.56210000000000,0.27310000000000,14.50180000000000,18.1002,NA,622679754432,1.1991,0.9260,0.2731,14.1401,1.2877,1.2877,0.0000,NA,0.0000,3.5984,NA,NA
q2rtx.exe,39492,0x177137A1C80,DXGI,0,512,1,Hardware: Independent Flip,Application,622679767079,NA,0.33870000000000,4.85810000000000,0.13850000000000,14.41240000000000,22.6196,NA,622679766423,0.2041,0.0656,0.1385,14.2287,0.2493,0.2493,0.0000,NA,0.0000,8.2072,NA,NA
q2rtx.exe,39492,0x177137A1C80,DXGI,0,512,1,Hardware: Independent Flip,Application,622679897658,13.9473,13.05790000000000,4.91770000000000,0.20740000000000,14.45780000000000,14.4794,NA,622679768464,13.1268,12.9194,0.2074,14.2739,13.1033,13.1001,0.0032,-0.3906,12622.1858,0.0216,NA,NA
q2rtx.exe,39492,0x177137A1C80,DXGI,0,512,1,Hardware: Independent Flip,Application,622679911336,NA,1.36780000000000,4.75740000000000,0.24820000000000,14.39610000000000,17.8690,NA,622679899732,1.4086,1.1604,0.2482,14.2504,1.3061,1.3061,0.0000,NA,0.0000,3.4729,NA,NA
q2rtx.exe,39492,0x177137A1C80,DXGI,0,512,1,Hardware: Independent Flip,Application,622679914426,NA,0.30900000000000,4.76220000000000,0.18160000000000,14.32500000000000,22.3222,NA,622679913818,0.2424,0.0608,0.1816,14.1479,0.2379,0.2379,0.0000,NA,0.0000,7.9972,NA,NA
q2rtx.exe,39492,0x177137A1C80,DXGI,0,512,1,Hardware: Independent Flip,Application,622680043512,14.7009,12.90860000000000,5.28640000000000,0.19350000000000,14.68900000000000,14.7000,NA,622679916242,12.9205,12.7270,0.1935,14.1434,13.2726,13.2248,0.0478,-0.1051,12636.8867,0.0110,NA,NA
q2rtx.exe,39492,0x177137A1C80,DXGI,0,512,1,Hardware: Independent Flip,Application,622680056320,NA,1.28080000000000,4.93290000000000,0.20340000000000,14.72510000000000,18.3521,NA,622680045447,1.2907,1.0873,0.2034,14.4955,1.3169,1.3169,0.0000,NA,0.0000,3.6270,NA,NA
q2rtx.exe,39492,0x177137A1C80,DXGI,0,512,1,Hardware: Independent Flip,Application,622680058886,NA,0.25660000000000,4.91720000000000,0.12520000000000,14.71430000000000,23.0127,NA,622680058354,0.1784,0.0532,0.1252,14.5217,0.2458,0.2458,0.0000,NA,0.0000,8.2984,NA,NA
q2rtx.exe,39492,0x177137A1C80,DXGI,0,512,1,Hardware: Independent Flip,Application,622680192474,14.6647,13.35880000000000,5.07570000000000,0.19080000000000,14.55480000000000,14.7296,NA,622680060138,13.4244,13.2336,0.1908,14.5891,13.1993,13.1949,0.0044,-0.2611,12651.5514,0.1748,NA,NA
q2rtx.exe,39492,0x177137A1C80,DXGI,0,512,1,Hardware: Independent Flip,Application,622680204734,NA,1.22600000000000,4.74840000000000,0.25770000000000,14.58030000000000,18.2520,NA,622680194382,1.2929,1.0352,0.2577,14.3640,1.2515,1.2515,0.0000,NA,0.0000,3.6717,NA,NA
q2rtx.exe,39492,0x177137A1C80,DXGI,0,512,1,Hardware: Independent Flip,Application,622680208083,NA,0.33490000000000,4.90810000000000,0.15710000000000,14.49030000000000,22.8252,NA,622680207311,0.2343,0.0772,0.1571,14.3226,0.2449,0.2449,0.0000,NA,0.0000,8.3349,NA,NA
q2rtx.exe,39492,0x177137A1C80,DXGI,0,512,1,Hardware: Independent Flip,Application,622680339266,14.5736,13.11830000000000,4.69970000000000,0.37580000000000,14.40560000000000,14.4066,NA,622680209654,13.3370,12.9612,0.3758,14.3332,13.0336,13.0291,0.0045,0.2174,12666.1250,0.0010,NA,NA
q2rtx.exe,39492,0x177137A1C80,DXGI,0,512,1,Hardware: Independent Flip,Application,622680351658,NA,1.23920000000000,4.83620000000000,0.41990000000000,14.48380000000000,18.0036,NA,622680343024,1.2833,0.8634,0.4199,14.0298,1.3174,1.3174,0.0000,NA,0.0000,3.5198,NA,NA
q2rtx.exe,39492,0x177137A1C80,DXGI,0,512,1,Hardware: Independent Flip,Application,622680356451,NA,0.47930000000000,4.72950000000000,0.13520000000000,14.22040000000000,22.2538,NA,622680355857,0.1946,0.0594,0.1352,14.0639,0.2159,0.2159,0.0000,NA,0.0000,8.0334,NA,NA
q2rtx.exe,39492,0x177137A1C80,DXGI,0,512,1,Hardware: Independent Flip,Application,622680484911,14.7499,12.84600000000000,5.11950000000000,0.19770000000000,14.52650000000000,14.5273,NA,622680357803,12.9085,12.7108,0.1977,14.0852,13.1521,13.1464,0.0057,0.0647,12680.8749,0.0008,NA,NA
q2rtx.exe,39492,0x177137A1C80,DXGI,0,512,1,Hardware: Independent Flip,Application,622680497745,NA,1.28340000000000,4.94920000000000,0.21440000000000,14.57660000000000,18.1931,NA,622680486888,1.3001,1.0857,0.2144,14.3288,1.3335,1.3335,0.0000,NA,0.0000,3.6165,NA,NA
q2rtx.exe,39492,0x177137A1C80,DXGI,0,512,1,Hardware: Independent Flip,Application,622680500482,NA,0.27370000000000,4.84060000000000,0.13120000000000,14.55920000000000,22.7600,NA,622680499889,0.1905,0.0593,0.1312,14.3622,0.2563,0.2563,0.0000,NA,0.0000,8.2008,NA,NA
q2rtx.exe,39492,0x177137A1C80,DXGI,0,512,1,Hardware: Independent Flip,Application,622680631805,14.7898,13.13230000000000,5.16690000000000,0.18930000000000,14.60410000000000,14.7946,NA,622680501794,13.1904,13.0011,0.1893,14.4280,13.1772,13.1729,0.0043,-0.1669,12695.6647,0.1905,NA,NA
q2rtx.exe,39492,0x177137A1C80,DXGI,0,512,1,Hardware: Independent Flip,Application,622680644670,NA,1.28650000000000,4.74290000000000,0.27230000000000,14.63170000000000,18.2510,NA,622680633698,1.3695,1.0972,0.2723,14.4148,1.3141,1.3141,0.0000,NA,0.0000,3.6193,NA,NA
q2rtx.exe,39492,0x177137A1C80,DXGI,0,512,1,Hardware: Independent Flip,Application,622680647993,NA,0.33230000000000,4.90770000000000,0.13740000000000,14.55330000000000,22.8264,NA,622680647393,0.1974,0.0600,0.1374,14.3594,0.2539,0.2539,0.0000,NA,0.0000,8.2731,NA,NA
q2rtx.exe,39492,0x177137A1C80,DXGI,0,512,1,Hardware: Independent Flip,Application,622680779363,14.5447,13.13700000000000,4.64570000000000,0.24710000000000,14.30760000000000,14.3351,NA,622680649367,13.2467,12.9996,0.2471,14.4159,12.8913,12.8880,0.0033,0.2484,12710.2094,0.0275,NA,NA
q2rtx.exe,39492,0x177137A1C80,DXGI,0,512,1,Hardware: Independent Flip,Application,622680792234,NA,1.28710000000000,4.74320000000000,0.27010000000000,14.33080000000000,17.7912,NA,622680781834,1.3101,1.0400,0.2701,14.0605,1.3103,1.3103,0.0000,NA,0.0000,3.4604,NA,NA
q2rtx.exe,39492,0x177137A1C80,DXGI,0,512,1,Hardware: Independent Flip,Application,622680795594,NA,0.33600000000000,4.74320000000000,0.15580000000000,14.24280000000000,22.1984,NA,622680794935,0.2217,0.0659,0.1558,14.0607,0.2480,0.2480,0.0000,NA,0.0000,7.9556,NA,NA
q2rtx.exe,39492,0x177137A1C80,DXGI,0,512,1,Hardware: Independent Flip,Application,622680923662,14.7138,12.80680000000000,5.12830000000000,0.18720000000000,14.51880000000000,14.5199,NA,622680797152,12.8382,12.6510,0.1872,14.0870,13.0828,13.0757,0.0071,0.0991,12724.9232,0.0011,NA,NA
q2rtx.exe,39492,0x177137A1C80,DXGI,0,512,1,Hardware: Independent Flip,Application,622680936683,NA,1.30210000000000,5.02720000000000,0.19730000000000,14.59730000000000,18.2450,NA,622680925534,1.3122,1.1149,0.1973,14.3316,1.3806,1.3806,0.0000,NA,0.0000,3.6477,NA,NA
q2rtx.exe,39492,0x177137A1C80,DXGI,0,512,1,Hardware: Independent Flip,Application,622680939184,NA,0.25010000000000,4.69830000000000,0.13030000000000,14.59910000000000,22.6932,NA,622680938656,0.1831,0.0528,0.1303,14.4000,0.2519,0.2519,0.0000,NA,0.0000,8.0941,NA,NA
q2rtx.exe,39492,0x177137A1C80,DXGI,0,512,1,Hardware: Independent Flip,Application,622681070537,14.8174,13.13530000000000,5.20920000000000,0.19300000000000,14.54400000000000,14.7671,NA,622680940487,13.1980,13.0050,0.1930,14.4688,13.0802,13.0771,0.0031,-0.1173,12739.7406,0.2231,NA,NA
q2rtx.exe,39492,0x177137A1C80,DXGI,0,512,1,Hardware: Independent Flip,Application,622681083950,NA,1.34130000000000,4.69790000000000,0.23850000000000,14.52690000000000,18.1237,NA,622681072467,1.3868,1.1483,0.2385,14.3510,1.3242,1.3242,0.0000,NA,0.0000,3.5968,NA,NA
q2rtx.exe,39492,0x177137A1C80,DXGI,0,512,1,Hardware: Independent Flip,Application,622681086889,NA,0.29390000000000,4.89160000000000,0.12810000000000,14.48140000000000,22.7214,NA,622681086335,0.1835,0.0554,0.1281,14.2884,0.2484,0.2484,0.0000,NA,0.0000,8.2400,NA,NA
q2rtx.exe,39492,0x177137A1C80,DXGI,0,512,1,Hardware: Independent Flip,Application,622681217265,14.4094,13.03760000000000,5.11790000000000,0.18580000000000,14.66590000000000,14.8017,NA,622681088170,13.0953,12.9095,0.1858,14.3533,13.2221,13.2178,0.0043,-0.2980,12754.1500,0.1358,NA,NA
q2rtx.exe,39492,0x177137A1C80,DXGI,0,512,1,Hardware: Independent Flip,Application,622681230494,NA,1.32290000000000,4.73350000000000,0.24280000000000,14.62200000000000,18.2123,NA,622681219123,1.3799,1.1371,0.2428,14.4801,1.2790,1.2790,0.0000,NA,0.0000,3.5903,NA,NA
q2rtx.exe,39492,0x177137A1C80,DXGI,0,512,1,Hardware: Independent Flip,Application,622681233483,NA,0.29890000000000,4.84230000000000,0.13470000000000,14.55650000000000,22.7557,NA,622681232922,0.1908,0.0561,0.1347,14.3792,0.2334,0.2334,0.0000,NA,0.0000,8.1992,NA,NA
q2rtx.exe,39492,0x177137A1C80,DXGI,0,512,1,Hardware: Independent Flip,Application,622681365316,14.6500,13.18330000000000,4.84760000000000,0.28610000000000,14.35890000000000,14.4200,NA,622681234830,13.3347,13.0486,0.2861,14.4218,12.9857,12.9823,0.0034,0.2266,12768.8000,0.0611,NA,NA
q2rtx.exe,39492,0x177137A1C80,DXGI,0,512,1,Hardware: Independent Flip,Application,622681377884,NA,1.25680000000000,4.73840000000000,0.22490000000000,14.38810000000000,17.9016,NA,622681368177,1.1956,0.9707,0.2249,14.0728,1.2860,1.2860,0.0000,NA,0.0000,3.5135,NA,NA
q2rtx.exe,39492,0x177137A1C80,DXGI,0,512,1,Hardware: Independent Flip,Application,622681380697,NA,0.28130000000000,4.77320000000000,0.13420000000000,14.34740000000000,22.3935,NA,622681380133,0.1906,0.0564,0.1342,14.1632,0.2406,0.2406,0.0000,NA,0.0000,8.0461,NA,NA
q2rtx.exe,39492,0x177137A1C80,DXGI,0,512,1,Hardware: Independent Flip,Application,622681510191,14.6947,12.94940000000000,5.03600000000000,0.21980000000000,14.47920000000000,14.4801,NA,622681382039,13.0350,12.8152,0.2198,14.2132,13.0812,13.0768,0.0044,0.1471,12783.4947,0.0009,NA,NA
q2rtx.exe,39492,0x177137A1C80,DXGI,0,512,1,Hardware: Independent Flip,Application,622681522913,NA,1.27220000000000,4.91610000000000,0.19220000000000,14.51050000000000,18.1240,NA,622681512389,1.2446,1.0524,0.1922,14.2594,1.3035,1.3035,0.0000,NA,0.0000,3.6135,NA,NA
q2rtx.exe,39492,0x177137A1C80,DXGI,0,512,1,Hardware: Independent Flip,Application,622681525404,NA,0.24910000000000,4.77260000000000,0.13040000000000,14.48290000000000,22.6475,NA,622681524835,0.1873,0.0569,0.1304,14.3183,0.2215,0.2215,0.0000,NA,0.0000,8.1646,NA,NA
q2rtx.exe,39492,0x177137A1C80,DXGI,0,512,1,Hardware: Independent Flip,Application,622681656496,14.8252,13.10920000000000,4.89050000000000,0.20280000000000,14.30130000000000,14.4288,NA,622681526708,13.1816,12.9788,0.2028,14.3525,12.9276,12.9231,0.0045,0.2460,12798.3199,0.1275,NA,NA
q2rtx.exe,39492,0x177137A1C80,DXGI,0,512,1,Hardware: Independent Flip,Application,622681669276,NA,1.27800000000000,4.70220000000000,0.21070000000000,14.36170000000000,17.8530,NA,622681658524,1.2859,1.0752,0.2107,14.0985,1.3384,1.3384,0.0000,NA,0.0000,3.4913,NA,NA
q2rtx.exe,39492,0x177137A1C80,DXGI,0,512,1,Hardware: Independent Flip,Application,622681671962,NA,0.26860000000000,4.80480000000000,0.13400000000000,14.34060000000000,22.3892,NA,622681671383,0.1919,0.0579,0.1340,14.1510,0.2475,0.2475,0.0000,NA,0.0000,8.0486,NA,NA
q2rtx.exe,39492,0x177137A1C80,DXGI,0,512,1,Hardware: Independent Flip,Application,622681800746,14.4772,12.87840000000000,4.77990000000000,0.18840000000000,14.28960000000000,14.2907,NA,622681673302,12.9328,12.7444,0.1884,14.2066,12.8274,12.8243,0.0031,0.1903,12812.7971,0.0011,NA,NA
q2rtx.exe,39492,0x177137A1C80,DXGI,0,512,1,Hardware: Independent Flip,Application,622681813992,NA,1.32460000000000,4.80710000000000,0.20270000000000,14.29180000000000,17.7732,NA,622681802630,1.3389,1.1362,0.2027,14.1012,1.3268,1.3268,0.0000,NA,0.0000,3.4814,NA,NA
q2rtx.exe,39492,0x177137A1C80,DXGI,0,512,1,Hardware: Independent Flip,Application,622681816565,NA,0.25730000000000,4.70790000000000,0.12740000000000,14.26220000000000,22.2238,NA,622681816019,0.1820,0.0546,0.1274,14.0891,0.2277,0.2277,0.0000,NA,0.0000,7.9616,NA,NA
q2rtx.exe,39492,0x177137A1C80,DXGI,0,512,1,Hardware: Independent Flip,Application,622681944988,14.6579,12.84230000000000,5.14960000000000,0.23410000000000,14.49410000000000,14.5311,NA,622681817839,12.9490,12.7149,0.2341,14.1348,13.0742,13.0694,0.0048,-0.0067,12827.4550,0.0370,NA,NA
q2rtx.exe,39492,0x177137A1C80,DXGI,0,512,1,Hardware: Independent Flip,Application,622681958031,NA,1.30430000000000,4.87740000000000,0.24610000000000,14.59950000000000,18.1042,NA,622681947329,1.3163,1.0702,0.2461,14.2600,1.4097,1.4097,0.0000,NA,0.0000,3.5047,NA,NA
q2rtx.exe,39492,0x177137A1C80,DXGI,0,512,1,Hardware: Independent Flip,Application,622681961120,NA,0.30890000000000,4.83860000000000,0.14900000000000,14.50490000000000,22.6339,NA,622681960492,0.2118,0.0628,0.1490,14.3534,0.2143,0.2143,0.0000,NA,0.0000,8.1290,NA,NA
q2rtx.exe,39492,0x177137A1C80,DXGI,0,512,1,Hardware: Independent Flip,Application,622682091284,14.5180,13.01640000000000,5.22340000000000,0.24480000000000,14.65170000000000,14.8409,NA,622681962610,13.1122,12.8674,0.2448,14.3559,13.1632,13.1587,0.0045,-0.4214,12841.9730,0.1892,NA,NA
q2rtx.exe,39492,0x177137A1C80,DXGI,0,512,1,Hardware: Independent Flip,Application,622682105104,NA,1.38200000000000,4.73400000000000,0.23470000000000,14.58080000000000,18.1929,NA,622682093732,1.3719,1.1372,0.2347,14.4069,1.3111,1.3111,0.0000,NA,0.0000,3.6121,NA,NA
q2rtx.exe,39492,0x177137A1C80,DXGI,0,512,1,Hardware: Independent Flip,Application,622682108054,NA,0.29500000000000,4.89790000000000,0.14100000000000,14.52680000000000,22.7958,NA,622682107451,0.2013,0.0603,0.1410,14.3461,0.2410,0.2410,0.0000,NA,0.0000,8.2690,NA,NA
q2rtx.exe,39492,0x177137A1C80,DXGI,0,512,1,Hardware: Independent Flip,Application,622682239072,14.3569,13.10180000000000,4.65800000000000,0.18460000000000,14.29540000000000,14.3520,NA,622682109464,13.1454,12.9608,0.1846,14.3858,12.8704,12.8672,0.0032,0.0670,12856.3299,0.0566,NA,NA
q2rtx.exe,39492,0x177137A1C80,DXGI,0,512,1,Hardware: Independent Flip,Application,622682252007,NA,1.29350000000000,4.69930000000000,0.19450000000000,14.30100000000000,17.7578,NA,622682240918,1.3034,1.1089,0.1945,14.1108,1.2991,1.2991,0.0000,NA,0.0000,3.4568,NA,NA
q2rtx.exe,39492,0x177137A1C80,DXGI,0,512,1,Hardware: Independent Flip,Application,622682254495,NA,0.24880000000000,4.73140000000000,0.12930000000000,14.29760000000000,22.2404,NA,622682253952,0.1836,0.0543,0.1293,14.1065,0.2454,0.2454,0.0000,NA,0.0000,7.9428,NA,NA
q2rtx.exe,39492,0x177137A1C80,DXGI,0,512,1,Hardware: Independent Flip,Application,622682383367,14.6700,12.88720000000000,5.04880000000000,0.23050000000000,14.40110000000000,14.4020,NA,622682255788,12.9884,12.7579,0.2305,14.1683,12.9907,12.9859,0.0048,0.1905,12870.9999,0.0009,NA,NA
q2rtx.exe,39492,0x177137A1C80,DXGI,0,512,1,Hardware: Independent Flip,Application,622682396306,NA,1.29390000000000,4.99550000000000,0.24580000000000,14.40560000000000,18.1036,NA,622682385672,1.3092,1.0634,0.2458,14.1706,1.2984,1.2984,0.0000,NA,0.0000,3.6980,NA,NA
q2rtx.exe,39492,0x177137A1C80,DXGI,0,512,1,Hardware: Independent Flip,Application,622682399308,NA,0.30020000000000,4.65400000000000,0.12850000000000,14.33970000000000,22.4574,NA,622682398764,0.1829,0.0544,0.1285,14.1598,0.2343,0.2343,0.0000,NA,0.0000,8.1177,NA,NA
q2rtx.exe,39492,0x177137A1C80,DXGI,0,512,1,Hardware: Independent Flip,Application,622682528603,14.7951,12.92950000000000,5.03680000000000,0.17620000000000,14.36180000000000,14.5647,NA,622682400593,12.9772,12.8010,0.1762,14.2112,12.9516,12.9483,0.0033,0.1088,12885.7950,0.2029,NA,NA
q2rtx.exe,39492,0x177137A1C80,DXGI,0,512,1,Hardware: Independent Flip,Application,622682541752,NA,1.31490000000000,4.63540000000000,0.22560000000000,14.38970000000000,17.8852,NA,622682530365,1.3643,1.1387,0.2256,14.1856,1.3428,1.3428,0.0000,NA,0.0000,3.4955,NA,NA
q2rtx.exe,39492,0x177137A1C80,DXGI,0,512,1,Hardware: Independent Flip,Application,622682544554,NA,0.28020000000000,4.81400000000000,0.12390000000000,14.35430000000000,22.4190,NA,622682544008,0.1785,0.0546,0.1239,14.1641,0.2448,0.2448,0.0000,NA,0.0000,8.0647,NA,NA
q2rtx.exe,39492,0x177137A1C80,DXGI,0,512,1,Hardware: Independent Flip,Application,622682673358,14.3564,12.88040000000000,5.14790000000000,0.23450000000000,14.60360000000000,14.6865,NA,622682545793,12.9910,12.7565,0.2345,14.2304,13.1297,13.1253,0.0044,-0.2409,12900.1514,0.0829,NA,NA
q2rtx.exe,39492,0x177137A1C80,DXGI,0,512,1,Hardware: Independent Flip,Application,622682686824,NA,1.34660000000000,4.76450000000000,0.19290000000000,14.56050000000000,18.1044,NA,622682675703,1.3050,1.1121,0.1929,14.3691,1.3035,1.3035,0.0000,NA,0.0000,3.5439,NA,NA
q2rtx.exe,39492,0x177137A1C80,DXGI,0,512,1,Hardware: Independent Flip,Application,622682689287,NA,0.24630000000000,4.82670000000000,0.12880000000000,14.56610000000000,22.6848,NA,622682688753,0.1822,0.0534,0.1288,14.3676,0.2519,0.2519,0.0000,NA,0.0000,8.1187,NA,NA
q2rtx.exe,39492,0x177137A1C80,DXGI,0,512,1,Hardware: Independent Flip,Application,622682820671,14.5615,13.13840000000000,5.06100000000000,0.21890000000000,14.49630000000000,14.6074,NA,622682690575,13.2285,13.0096,0.2189,14.4373,13.0686,13.0616,0.0070,-0.0907,12914.7129,0.1111,NA,NA
q2rtx.exe,39492,0x177137A1C80,DXGI,0,512,1,Hardware: Independent Flip,Application,622682833818,NA,1.31470000000000,4.74660000000000,0.23520000000000,14.45410000000000,18.0393,NA,622682822860,1.3310,1.0958,0.2352,14.2774,1.2725,1.2725,0.0000,NA,0.0000,3.5852,NA,NA
q2rtx.exe,39492,0x177137A1C80,DXGI,0,512,1,Hardware: Independent Flip,Application,622682836731,NA,0.29130000000000,4.83090000000000,0.13020000000000,14.40560000000000,22.5789,NA,622682836170,0.1863,0.0561,0.1302,14.2189,0.2428,0.2428,0.0000,NA,0.0000,8.1733,NA,NA
q2rtx.exe,39492,0x177137A1C80,DXGI,0,512,1,Hardware: Independent Flip,Application,622682966911,14.4613,13.01800000000000,5.16180000000000,0.18520000000000,14.66920000000000,14.7227,NA,622682838033,13.0730,12.8878,0.1852,14.2754,13.2816,13.2740,0.0076,-0.2780,12929.1742,0.0535,NA,NA
q2rtx.exe,39492,0x177137A1C80,DXGI,0,512,1,Hardware: Independent Flip,Application,622682979659,NA,1.27480000000000,4.84670000000000,0.23650000000000,14.63140000000000,18.2946,NA,622682968763,1.3261,1.0896,0.2365,14.4840,1.2370,1.2370,0.0000,NA,0.0000,3.6632,NA,NA
q2rtx.exe,39492,0x177137A1C80,DXGI,0,512,1,Hardware: Independent Flip,Application,622682982580,NA,0.29210000000000,4.87940000000000,0.13090000000000,14.58480000000000,22.8819,NA,622682982024,0.1865,0.0556,0.1309,14.3949,0.2455,0.2455,0.0000,NA,0.0000,8.2971,NA,NA
q2rtx.exe,39492,0x177137A1C80,DXGI,0,512,1,Hardware: Independent Flip,Application,622683115126,14.7364,13.25460000000000,4.81250000000000,0.20200000000000,14.33580000000000,14.4398,NA,622682983889,13.3257,13.1237,0.2020,14.4539,13.0056,13.0025,0.0031,0.1978,12943.9106,0.1040,NA,NA
q2rtx.exe,39492,0x177137A1C80,DXGI,0,512,1,Hardware: Independent Flip,Application,622683127301,NA,1.21750000000000,4.73460000000000,0.24070000000000,14.41310000000000,17.9569,NA,622683117146,1.2562,1.0155,0.2407,14.1338,1.2948,1.2948,0.0000,NA,0.0000,3.5438,NA,NA
q2rtx.exe,39492,0x177137A1C80,DXGI,0,512,1,Hardware: Independent Flip,Application,622683130276,NA,0.29750000000000,4.78690000000000,0.13650000000000,14.34460000000000,22.4463,NA,622683129708,0.1933,0.0568,0.1365,14.1724,0.2290,0.2290,0.0000,NA,0.0000,8.1017,NA,NA
q2rtx.exe,39492,0x177137A1C80,DXGI,0,512,1,Hardware: Independent Flip,Application,622683259630,14.5415,12.93540000000000,4.95310000000000,0.24270000000000,14.46310000000000,14.4640,NA,622683131641,13.0416,12.7989,0.2427,14.2081,13.0539,13.0495,0.0044,0.0669,12958.4521,0.0009,NA,NA
q2rtx.exe,39492,0x177137A1C80,DXGI,0,512,1,Hardware: Independent Flip,Application,622683272560,NA,1.29300000000000,4.92010000000000,0.23630000000000,14.51480000000000,18.0911,NA,622683262057,1.2866,1.0503,0.2363,14.2204,1.3447,1.3447,0.0000,NA,0.0000,3.5763,NA,NA
q2rtx.exe,39492,0x177137A1C80,DXGI,0,512,1,Hardware: Independent Flip,Application,622683275463,NA,0.29030000000000,4.72750000000000,0.14030000000000,14.39260000000000,22.5283,NA,622683274923,0.1943,0.0540,0.1403,14.2785,0.1681,0.1681,0.0000,NA,0.0000,8.1357,NA,NA
q2rtx.exe,39492,0x177137A1C80,DXGI,0,512,1,Hardware: Independent Flip,Application,622683406061,14.7486,13.05980000000000,4.89340000000000,0.20990000000000,14.23620000000000,14.3619,NA,622683276866,13.1294,12.9195,0.2099,14.2523,12.9034,12.8998,0.0036,0.2076,12973.2007,0.1257,NA,NA
q2rtx.exe,39492,0x177137A1C80,DXGI,0,512,1,Hardware: Independent Flip,Application,622683418794,NA,1.27330000000000,4.70180000000000,0.23330000000000,14.30580000000000,17.7904,NA,622683408160,1.2967,1.0634,0.2333,14.0263,1.3429,1.3429,0.0000,NA,0.0000,3.4846,NA,NA
q2rtx.exe,39492,0x177137A1C80,DXGI,0,512,1,Hardware: Independent Flip,Application,622683421712,NA,0.29180000000000,4.77720000000000,0.13420000000000,14.29420000000000,22.2758,NA,622683421127,0.1927,0.0585,0.1342,14.0725,0.2802,0.2802,0.0000,NA,0.0000,7.9816,NA,NA
q2rtx.exe,39492,0x177137A1C80,DXGI,0,512,1,Hardware: Independent Flip,Application,622683549806,14.5021,12.80940000000000,5.06460000000000,0.20200000000000,14.51450000000000,14.5310,NA,622683423054,12.8772,12.6752,0.2020,14.1600,13.0297,13.0218,0.0079,-0.0415,12987.7028,0.0165,NA,NA
q2rtx.exe,39492,0x177137A1C80,DXGI,0,512,1,Hardware: Independent Flip,Application,622683563154,NA,1.33480000000000,4.83470000000000,0.29030000000000,14.49180000000000,18.0309,NA,622683551826,1.4231,1.1328,0.2903,14.3125,1.3121,1.3121,0.0000,NA,0.0000,3.5391,NA,NA
q2rtx.exe,39492,0x177137A1C80,DXGI,0,512,1,Hardware: Independent Flip,Application,622683566625,NA,0.34710000000000,4.82930000000000,0.13170000000000,14.38940000000000,22.5131,NA,622683566057,0.1885,0.0568,0.1317,14.2015,0.2447,0.2447,0.0000,NA,0.0000,8.1237,NA,NA
q2rtx.exe,39492,0x177137A1C80,DXGI,0,512,1,Hardware: Independent Flip,Application,622683697058,14.6330,13.04330000000000,4.92190000000000,0.22470000000000,14.29020000000000,14.3917,NA,622683567942,13.1363,12.9116,0.2247,14.2577,12.9441,12.9390,0.0051,0.0471,13002.3358,0.1015,NA,NA
q2rtx.exe,39492,0x177137A1C80,DXGI,0,512,1,Hardware: Independent Flip,Application,622683709234,NA,1.21760000000000,4.73430000000000,0.24970000000000,14.35720000000000,17.9084,NA,622683699305,1.2426,0.9929,0.2497,14.0655,1.2846,1.2846,0.0000,NA,0.0000,3.5512,NA,NA
q2rtx.exe,39492,0x177137A1C80,DXGI,0,512,1,Hardware: Independent Flip,Application,622683712295,NA,0.30610000000000,4.81320000000000,0.12870000000000,14.29740000000000,22.4155,NA,622683711731,0.1851,0.0564,0.1287,14.1075,0.2463,0.2463,0.0000,NA,0.0000,8.1181,NA,NA
q2rtx.exe,39492,0x177137A1C80,DXGI,0,512,1,Hardware: Independent Flip,Application,622683841240,14.3786,12.89450000000000,4.96210000000000,0.18080000000000,14.48210000000000,14.4831,NA,622683713582,12.9466,12.7658,0.1808,14.1687,13.0792,13.0754,0.0038,-0.1310,13016.7144,0.0010,NA,NA
q2rtx.exe,39492,0x177137A1C80,DXGI,0,512,1,Hardware: Independent Flip,Application,622683853919,NA,1.26790000000000,4.88560000000000,0.19980000000000,14.53190000000000,18.1008,NA,622683843048,1.2869,1.0871,0.1998,14.3013,1.3177,1.3177,0.0000,NA,0.0000,3.5689,NA,NA
q2rtx.exe,39492,0x177137A1C80,DXGI,0,512,1,Hardware: Independent Flip,Application,622683856453,NA,0.25340000000000,4.78630000000000,0.12970000000000,14.49780000000000,22.6337,NA,622683855917,0.1833,0.0536,0.1297,14.3321,0.2193,0.2193,0.0000,NA,0.0000,8.1359,NA,NA
q2rtx.exe,39492,0x177137A1C80,DXGI,0,512,1,Hardware: Independent Flip,Application,622683987885,14.6734,13.14320000000000,5.10500000000000,0.20820000000000,14.51330000000000,14.5955,NA,622683857750,13.2217,13.0135,0.2082,14.3681,13.1587,13.1508,0.0079,-0.1035,13031.3878,0.0822,NA,NA
q2rtx.exe,39492,0x177137A1C80,DXGI,0,512,1,Hardware: Independent Flip,Application,622684000429,NA,1.25440000000000,4.82550000000000,0.21960000000000,14.52860000000000,18.1666,NA,622683989967,1.2658,1.0462,0.2196,14.3051,1.2697,1.2697,0.0000,NA,0.0000,3.6380,NA,NA
q2rtx.exe,39492,0x177137A1C80,DXGI,0,512,1,Hardware: Independent Flip,Application,622684003192,NA,0.27630000000000,4.88440000000000,0.12920000000000,14.49060000000000,22.7747,NA,622684002625,0.1859,0.0567,0.1292,14.3090,0.2383,0.2383,0.0000,NA,0.0000,8.2841,NA,NA
q2rtx.exe,39492,0x177137A1C80,DXGI,0,512,1,Hardware: Independent Flip,Application,622684134231,14.5212,13.10390000000000,4.68100000000000,0.18320000000000,14.25340000000000,14.3518,NA,622684004484,13.1579,12.9747,0.1832,14.3614,12.8667,12.8599,0.0068,0.1303,13045.9090,0.0984,NA,NA
q2rtx.exe,39492,0x177137A1C80,DXGI,0,512,1,Hardware: Independent Flip,Application,622684146810,NA,1.25790000000000,4.68290000000000,0.19480000000000,14.27700000000000,17.7768,NA,622684136063,1.2695,1.0747,0.1948,14.0702,1.2815,1.2815,0.0000,NA,0.0000,3.4998,NA,NA
q2rtx.exe,39492,0x177137A1C80,DXGI,0,512,1,Hardware: Independent Flip,Application,622684149286,NA,0.24760000000000,4.74090000000000,0.13250000000000,14.27320000000000,22.2701,NA,622684148758,0.1853,0.0528,0.1325,14.0822,0.2438,0.2438,0.0000,NA,0.0000,7.9969,NA,NA
q2rtx.exe,39492,0x177137A1C80,DXGI,0,512,1,Hardware: Independent Flip,Application,622684278251,14.5381,12.89650000000000,4.73650000000000,0.20720000000000,14.10920000000000,14.1101,NA,622684150611,12.9712,12.7640,0.2072,14.1407,12.7325,12.7294,0.0031,0.3778,13060.4471,0.0009,NA,NA
q2rtx.exe,39492,0x177137A1C80,DXGI,0,512,1,Hardware: Independent Flip,Application,622684290610,NA,1.23590000000000,4.82890000000000,0.25270000000000,14.31450000000000,17.7031,NA,622684280323,1.2814,1.0287,0.2527,13.9020,1.4412,1.4412,0.0000,NA,0.0000,3.3886,NA,NA
q2rtx.exe,39492,0x177137A1C80,DXGI,0,512,1,Hardware: Independent Flip,Application,622684293677,NA,0.30670000000000,4.61300000000000,0.12940000000000,14.25560000000000,22.0094,NA,622684293137,0.1834,0.0540,0.1294,14.0618,0.2478,0.2478,0.0000,NA,0.0000,7.7538,NA,NA
q2rtx.exe,39492,0x177137A1C80,DXGI,0,512,1,Hardware: Independent Flip,Application,622684420732,14.7170,12.70550000000000,5.28070000000000,0.22150000000000,14.58240000000000,14.5846,NA,622684294971,12.7976,12.5761,0.2215,14.1262,13.0323,12.9826,0.0497,-0.0056,13075.1641,0.0022,NA,NA
q2rtx.exe,39492,0x177137A1C80,DXGI,0,512,1,Hardware: Independent Flip,Application,622684435036,NA,1.43040000000000,4.92610000000000,0.23780000000000,14.52190000000000,18.0803,NA,622684422947,1.4467,1.2089,0.2378,14.3609,1.3699,1.3699,0.0000,NA,0.0000,3.5584,NA,NA
q2rtx.exe,39492,0x177137A1C80,DXGI,0,512,1,Hardware: Independent Flip,Application,622684437953,NA,0.29170000000000,4.88630000000000,0.12930000000000,14.47660000000000,22.6749,NA,622684437414,0.1832,0.0539,0.1293,14.2841,0.2464,0.2464,0.0000,NA,0.0000,8.1983,NA,NA
q2rtx.exe,39492,0x177137A1C80,DXGI,0,512,1,Hardware: Independent Flip,Application,622684567861,14.3820,12.99080000000000,5.19550000000000,0.21200000000000,14.68340000000000,14.8796,NA,622684439246,13.0735,12.8615,0.2120,14.3473,13.1976,13.1929,0.0047,-0.6259,13089.5461,0.1962,NA,NA
q2rtx.exe,39492,0x177137A1C80,DXGI,0,512,1,Hardware: Independent Flip,Application,622684581721,NA,1.38600000000000,4.77270000000000,0.21390000000000,14.55510000000000,18.2663,NA,622684569981,1.3879,1.1740,0.2139,14.4714,1.2577,1.2577,0.0000,NA,0.0000,3.7112,NA,NA
q2rtx.exe,39492,0x177137A1C80,DXGI,0,512,1,Hardware: Independent Flip,Application,622684584425,NA,0.27040000000000,4.89710000000000,0.12930000000000,14.51140000000000,22.8930,NA,622684583860,0.1858,0.0565,0.1293,14.3412,0.2267,0.2267,0.0000,NA,0.0000,8.3816,NA,NA
q2rtx.exe,39492,0x177137A1C80,DXGI,0,512,1,Hardware: Independent Flip,Application,622684716202,14.2154,13.17770000000000,4.65230000000000,0.20780000000000,14.32190000000000,14.3676,NA,622684585718,13.2562,13.0484,0.2078,14.3821,12.9882,12.9850,0.0032,-0.1067,13103.7615,0.0457,NA,NA
q2rtx.exe,39492,0x177137A1C80,DXGI,0,512,1,Hardware: Independent Flip,Application,622684728517,NA,1.23150000000000,4.72690000000000,0.22320000000000,14.38670000000000,17.8630,NA,622684718280,1.2469,1.0237,0.2232,14.1141,1.2963,1.2963,0.0000,NA,0.0000,3.4763,NA,NA
q2rtx.exe,39492,0x177137A1C80,DXGI,0,512,1,Hardware: Independent Flip,Application,622684731361,NA,0.28440000000000,4.74210000000000,0.15620000000000,14.34690000000000,22.3207,NA,622684730749,0.2174,0.0612,0.1562,14.1635,0.2446,0.2446,0.0000,NA,0.0000,7.9738,NA,NA
q2rtx.exe,39492,0x177137A1C80,DXGI,0,512,1,Hardware: Independent Flip,Application,622684860787,14.6872,12.94260000000000,5.08010000000000,0.21330000000000,14.45720000000000,14.4582,NA,622684732923,12.9997,12.7864,0.2133,14.1907,13.0529,13.0485,0.0044,0.1381,13118.4487,0.0010,NA,NA
q2rtx.exe,39492,0x177137A1C80,DXGI,0,512,1,Hardware: Independent Flip,Application,622684873698,NA,1.29110000000000,4.93850000000000,0.23170000000000,14.43260000000000,18.1056,NA,622684862920,1.3095,1.0778,0.2317,14.2439,1.2665,1.2665,0.0000,NA,0.0000,3.6730,NA,NA
q2rtx.exe,39492,0x177137A1C80,DXGI,0,512,1,Hardware: Independent Flip,Application,622684876595,NA,0.28970000000000,4.75530000000000,0.13670000000000,14.38480000000000,22.5712,NA,622684876015,0.1947,0.0580,0.1367,14.2009,0.2419,0.2419,0.0000,NA,0.0000,8.1864,NA,NA
q2rtx.exe,39492,0x177137A1C80,DXGI,0,512,1,Hardware: Independent Flip,Application,622685006791,14.7780,13.01960000000000,4.87390000000000,0.20330000000000,14.25090000000000,14.4255,NA,622684877962,13.0862,12.8829,0.2033,14.2481,12.8857,12.8826,0.0031,0.2103,13133.2267,0.1746,NA,NA
q2rtx.exe,39492,0x177137A1C80,DXGI,0,512,1,Hardware: Independent Flip,Application,622685019149,NA,1.23580000000000,4.62850000000000,0.19370000000000,14.27310000000000,17.8182,NA,622685008824,1.2262,1.0325,0.1937,14.0476,1.2580,1.2580,0.0000,NA,0.0000,3.5451,NA,NA
q2rtx.exe,39492,0x177137A1C80,DXGI,0,512,1,Hardware: Independent Flip,Application,622685021603,NA,0.24540000000000,4.77940000000000,0.12720000000000,14.31020000000000,22.3522,NA,622685021086,0.1789,0.0517,0.1272,14.0794,0.2825,0.2825,0.0000,NA,0.0000,8.0420,NA,NA
q2rtx.exe,39492,0x177137A1C80,DXGI,0,512,1,Hardware: Independent Flip,Application,622685150816,14.5087,12.92130000000000,4.24960000000000,0.25110000000000,13.67950000000000,13.6805,NA,622685022875,13.0452,12.7941,0.2511,14.1830,12.2906,12.2876,0.0030,0.8512,13147.7354,0.0010,NA,NA
q2rtx.exe,39492,0x177137A1C80,DXGI,0,512,1,Hardware: Independent Flip,Application,622685163059,NA,1.22430000000000,4.61700000000000,0.30530000000000,13.73330000000000,17.0732,NA,622685153327,1.2785,0.9732,0.3053,13.4284,1.2781,1.2781,0.0000,NA,0.0000,3.3399,NA,NA
q2rtx.exe,39492,0x177137A1C80,DXGI,0,512,1,Hardware: Independent Flip,Application,622685166686,NA,0.36270000000000,4.48410000000000,0.13680000000000,13.60700000000000,21.1946,NA,622685166112,0.1942,0.0574,0.1368,13.4280,0.2364,0.2364,0.0000,NA,0.0000,7.5876,NA,NA
q2rtx.exe,39492,0x177137A1C80,DXGI,0,512,1,Hardware: Independent Flip,Application,622685290691,14.6203,12.40050000000000,5.31690000000000,0.21940000000000,14.11000000000000,14.1110,NA,622685168054,12.4831,12.2637,0.2194,13.4702,12.9035,12.8981,0.0054,0.2023,13162.3557,0.0010,NA,NA
q2rtx.exe,39492,0x177137A1C80,DXGI,0,512,1,Hardware: Independent Flip,Application,622685301856,NA,1.11650000000000,5.05200000000000,0.21890000000000,14.22050000000000,18.0465,NA,622685292885,1.1160,0.8971,0.2189,13.8906,1.2270,1.2270,0.0000,NA,0.0000,3.8260,NA,NA
q2rtx.exe,39492,0x177137A1C80,DXGI,0,512,1,Hardware: Independent Flip,Application,622685304597,NA,0.27410000000000,4.52540000000000,0.12760000000000,14.18670000000000,22.2978,NA,622685304045,0.1828,0.0552,0.1276,14.0016,0.2403,0.2403,0.0000,NA,0.0000,8.1111,NA,NA
q2rtx.exe,39492,0x177137A1C80,DXGI,0,512,1,Hardware: Independent Flip,Application,622685434530,14.3465,12.99330000000000,5.31300000000000,0.18610000000000,14.22210000000000,14.6175,NA,622685305873,13.0518,12.8657,0.1861,14.0591,13.0287,13.0227,0.0060,-0.5439,13176.7022,0.3954,NA,NA
q2rtx.exe,39492,0x177137A1C80,DXGI,0,512,1,Hardware: Independent Flip,Application,622685445251,NA,1.07210000000000,4.43780000000000,0.24480000000000,14.67650000000000,17.9832,NA,622685436391,1.1308,0.8860,0.2448,14.0360,1.5265,1.5265,0.0000,NA,0.0000,3.3067,NA,NA
q2rtx.exe,39492,0x177137A1C80,DXGI,0,512,1,Hardware: Independent Flip,Application,622685448292,NA,0.30410000000000,4.83590000000000,0.12880000000000,14.55840000000000,22.5150,NA,622685447699,0.1881,0.0593,0.1288,14.4317,0.1860,0.1860,0.0000,NA,0.0000,7.9566,NA,NA
q2rtx.exe,39492,0x177137A1C80,DXGI,0,512,1,Hardware: Independent Flip,Application,622685578087,13.7678,12.97950000000000,4.62210000000000,0.24130000000000,13.96950000000000,14.1576,NA,622685449580,13.0920,12.8507,0.2413,14.4296,12.3906,12.3870,0.0036,-0.1280,13190.4700,0.1881,NA,NA
q2rtx.exe,39492,0x177137A1C80,DXGI,0,512,1,Hardware: Independent Flip,Application,622685594064,NA,1.59770000000000,4.39350000000000,0.23670000000000,13.95900000000000,16.9534,NA,622685580500,1.5931,1.3564,0.2367,13.7282,1.5872,1.5872,0.0000,NA,0.0000,2.9944,NA,NA
q2rtx.exe,39492,0x177137A1C80,DXGI,0,512,1,Hardware: Independent Flip,Application,622685597008,NA,0.29440000000000,4.55960000000000,0.13260000000000,13.91240000000000,21.2186,NA,622685596431,0.1903,0.0577,0.1326,13.7223,0.2478,0.2478,0.0000,NA,0.0000,7.3062,NA,NA
q2rtx.exe,39492,0x177137A1C80,DXGI,0,512,1,Hardware: Independent Flip,Application,622685718849,14.3990,12.18410000000000,6.22070000000000,0.18200000000000,15.25430000000000,15.2552,NA,622685598334,12.2335,12.0515,0.1820,13.7798,13.5260,13.5215,0.0045,-0.7748,13204.8690,0.0009,NA,NA
q2rtx.exe,39492,0x177137A1C80,DXGI,0,512,1,Hardware: Independent Flip,Application,622685734872,NA,1.60230000000000,5.13730000000000,0.32290000000000,14.57500000000000,18.7902,NA,622685720669,1.7432,1.4203,0.3229,15.0723,0.9230,0.9230,0.0000,NA,0.0000,4.2152,NA,NA
q2rtx.exe,39492,0x177137A1C80,DXGI,0,512,1,Hardware: Independent Flip,Application,622685738798,NA,0.39260000000000,4.97550000000000,0.14400000000000,14.43020000000000,23.3731,NA,622685738101,0.2137,0.0697,0.1440,14.2521,0.2478,0.2478,0.0000,NA,0.0000,8.9429,NA,NA
q2rtx.exe,39492,0x177137A1C80,DXGI,0,512,1,Hardware: Independent Flip,Application,622685873198,14.4842,13.44000000000000,4.17180000000000,0.20140000000000,13.36140000000000,14.1049,NA,622685740238,13.4974,13.2960,0.2014,14.2862,12.3712,12.3680,0.0032,0.1996,13219.3532,0.7435,NA,NA
q2rtx.exe,39492,0x177137A1C80,DXGI,0,512,1,Hardware: Independent Flip,Application,622685881879,NA,0.86810000000000,3.78210000000000,0.24810000000000,13.99000000000000,17.0189,NA,622685875212,0.9148,0.6667,0.2481,13.1600,1.4967,1.4967,0.0000,NA,0.0000,3.0289,NA,NA
q2rtx.exe,39492,0x177137A1C80,DXGI,0,512,1,Hardware: Independent Flip,Application,622685884936,NA,0.30570000000000,4.59290000000000,0.13390000000000,13.93160000000000,21.3061,NA,622685884360,0.1915,0.0576,0.1339,13.7419,0.2473,0.2473,0.0000,NA,0.0000,7.3745,NA,NA
q2rtx.exe,39492,0x177137A1C80,DXGI,0,512,1,Hardware: Independent Flip,Application,622686007992,14.0233,12.30560000000000,5.73910000000000,0.16830000000000,14.73880000000000,14.7396,NA,622685886275,12.3400,12.1717,0.1683,13.7977,13.1128,13.1081,0.0047,-0.0908,13233.3765,0.0008,NA,NA
q2rtx.exe,39492,0x177137A1C80,DXGI,0,512,1,Hardware: Independent Flip,Application,622686023022,NA,1.50300000000000,5.35430000000000,0.23810000000000,14.64320000000000,18.5909,NA,622686009675,1.5728,1.3347,0.2381,14.5705,1.4074,1.4074,0.0000,NA,0.0000,3.9477,NA,NA
q2rtx.exe,39492,0x177137A1C80,DXGI,0,512,1,Hardware: Independent Flip,Application,622686025943,NA,0.29210000000000,4.04910000000000,0.12820000000000,14.60210000000000,22.3479,NA,622686025403,0.1822,0.0540,0.1282,14.4051,0.2510,0.2510,0.0000,NA,0.0000,7.7458,NA,NA
q2rtx.exe,39492,0x177137A1C80,DXGI,0,512,1,Hardware: Independent Flip,Application,622686156797,15.3510,13.08540000000000,5.85270000000000,0.21290000000000,14.53580000000000,15.1152,NA,622686027225,13.1701,12.9572,0.2129,14.4739,13.0191,13.0149,0.0042,0.0949,13248.7275,0.5794,NA,NA
q2rtx.exe,39492,0x177137A1C80,DXGI,0,512,1,Hardware: Independent Flip,Application,622686170932,NA,1.41350000000000,4.32090000000000,0.23040000000000,14.40160000000000,18.0226,NA,622686158926,1.4310,1.2006,0.2304,14.3229,1.2793,1.2793,0.0000,NA,0.0000,3.6210,NA,NA
q2rtx.exe,39492,0x177137A1C80,DXGI,0,512,1,Hardware: Independent Flip,Application,622686173862,NA,0.29300000000000,4.87970000000000,0.14560000000000,14.36140000000000,22.6093,NA,622686173236,0.2082,0.0626,0.1456,14.1712,0.2528,0.2528,0.0000,NA,0.0000,8.2479,NA,NA
q2rtx.exe,39492,0x177137A1C80,DXGI,0,512,1,Hardware: Independent Flip,Application,622686303377,13.4805,12.95150000000000,5.07080000000000,0.20120000000000,14.54090000000000,14.7286,NA,622686175318,13.0071,12.8059,0.2012,14.2158,13.1310,13.1272,0.0038,-0.7909,13262.2080,0.1877,NA,NA
q2rtx.exe,39492,0x177137A1C80,DXGI,0,512,1,Hardware: Independent Flip,Application,622686316035,NA,1.26580000000000,4.51860000000000,0.19880000000000,14.56430000000000,17.9814,NA,622686305389,1.2634,1.0646,0.1988,14.3397,1.2892,1.2892,0.0000,NA,0.0000,3.4171,NA,NA
q2rtx.exe,39492,0x177137A1C80,DXGI,0,512,1,Hardware: Independent Flip,Application,622686318546,NA,0.25110000000000,4.68680000000000,0.12630000000000,14.57130000000000,22.4171,NA,622686318023,0.1786,0.0523,0.1263,14.3655,0.2581,0.2581,0.0000,NA,0.0000,7.8458,NA,NA
q2rtx.exe,39492,0x177137A1C80,DXGI,0,512,1,Hardware: Independent Flip,Application,622686449926,14.8279,13.13800000000000,5.21630000000000,0.17820000000000,14.49470000000000,14.4954,NA,622686319809,13.1899,13.0117,0.1782,14.4450,13.0614,13.0587,0.0027,0.4062,13277.0359,0.0007,NA,NA
q2rtx.exe,39492,0x177137A1C80,DXGI,0,512,1,Hardware: Independent Flip,Application,622686462744,NA,1.28180000000000,4.82450000000000,0.21430000000000,14.49690000000000,18.0381,NA,622686451708,1.3179,1.1036,0.2143,14.3165,1.2840,1.2840,0.0000,NA,0.0000,3.5412,NA,NA
q2rtx.exe,39492,0x177137A1C80,DXGI,0,512,1,Hardware: Independent Flip,Application,622686465417,NA,0.26730000000000,4.78890000000000,0.12370000000000,14.48020000000000,22.5597,NA,622686464887,0.1767,0.0530,0.1237,14.2826,0.2506,0.2506,0.0000,NA,0.0000,8.0795,NA,NA
q2rtx.exe,39492,0x177137A1C80,DXGI,0,512,1,Hardware: Independent Flip,Application,622686596173,14.7024,13.07560000000000,5.26230000000000,0.21550000000000,14.52660000000000,14.7464,NA,622686466654,13.1674,12.9519,0.2155,14.3565,13.1220,13.1162,0.0058,-0.1733,13291.7383,0.2198,NA,NA
q2rtx.exe,39492,0x177137A1C80,DXGI,0,512,1,Hardware: Independent Flip,Application,622686608898,NA,1.27250000000000,4.67560000000000,0.23710000000000,14.52020000000000,18.1495,NA,622686598328,1.2941,1.0570,0.2371,14.3111,1.2661,1.2661,0.0000,NA,0.0000,3.6293,NA,NA
q2rtx.exe,39492,0x177137A1C80,DXGI,0,512,1,Hardware: Independent Flip,Application,622686611927,NA,0.30290000000000,4.87320000000000,0.15590000000000,14.48670000000000,22.7198,NA,622686611269,0.2217,0.0658,0.1559,14.2831,0.2694,0.2694,0.0000,NA,0.0000,8.2331,NA,NA
q2rtx.exe,39492,0x177137A1C80,DXGI,0,512,1,Hardware: Independent Flip,Application,622686742645,14.7063,13.07180000000000,4.86080000000000,0.18350000000000,14.38920000000000,14.5088,NA,622686613486,13.0994,12.9159,0.1835,14.3308,12.9743,12.9676,0.0067,0.2967,13306.4446,0.1196,NA,NA
q2rtx.exe,39492,0x177137A1C80,DXGI,0,512,1,Hardware: Independent Flip,Application,622686755329,NA,1.26840000000000,4.65350000000000,0.22210000000000,14.37420000000000,17.8939,NA,622686744480,1.3070,1.0849,0.2221,14.2057,1.2534,1.2534,0.0000,NA,0.0000,3.5197,NA,NA
q2rtx.exe,39492,0x177137A1C80,DXGI,0,512,1,Hardware: Independent Flip,Application,622686758164,NA,0.28350000000000,4.74800000000000,0.13530000000000,14.33620000000000,22.3584,NA,622686757550,0.1967,0.0614,0.1353,14.1521,0.2455,0.2455,0.0000,NA,0.0000,8.0222,NA,NA
q2rtx.exe,39492,0x177137A1C80,DXGI,0,512,1,Hardware: Independent Flip,Application,622686887898,14.5903,12.97340000000000,5.11040000000000,0.21350000000000,14.49470000000000,14.4954,NA,622686759517,13.0516,12.8381,0.2135,14.2009,13.1319,13.1274,0.0045,0.0784,13321.0349,0.0007,NA,NA
q2rtx.exe,39492,0x177137A1C80,DXGI,0,512,1,Hardware: Independent Flip,Application,622686900391,NA,1.24930000000000,4.86240000000000,0.21900000000000,14.55500000000000,18.1085,NA,622686890033,1.2548,1.0358,0.2190,14.2812,1.3096,1.3096,0.0000,NA,0.0000,3.5535,NA,NA
q2rtx.exe,39492,0x177137A1C80,DXGI,0,512,1,Hardware: Independent Flip,Application,622686903137,NA,0.27460000000000,4.80960000000000,0.13320000000000,14.52030000000000,22.6435,NA,622686902581,0.1888,0.0556,0.1332,14.3360,0.2399,0.2399,0.0000,NA,0.0000,8.1232,NA,NA
q2rtx.exe,39492,0x177137A1C80,DXGI,0,512,1,Hardware: Independent Flip,Application,622687034164,14.7510,13.10270000000000,5.10410000000000,0.22320000000000,14.45840000000000,14.6449,NA,622686904469,13.1927,12.9695,0.2232,14.3871,13.0408,13.0377,0.0031,-0.0251,13335.7859,0.1865,NA,NA
q2rtx.exe,39492,0x177137A1C80,DXGI,0,512,1,Hardware: Independent Flip,Application,622687047239,NA,1.30750000000000,4.68670000000000,0.21150000000000,14.62640000000000,18.0241,NA,622687036396,1.2958,1.0843,0.2115,14.2352,1.4755,1.4755,0.0000,NA,0.0000,3.3977,NA,NA
q2rtx.exe,39492,0x177137A1C80,DXGI,0,512,1,Hardware: Independent Flip,Application,622687049917,NA,0.26780000000000,4.84600000000000,0.14060000000000,14.58990000000000,22.6023,NA,622687049354,0.1969,0.0563,0.1406,14.4149,0.2313,0.2313,0.0000,NA,0.0000,8.0124,NA,NA
q2rtx.exe,39492,0x177137A1C80,DXGI,0,512,1,Hardware: Independent Flip,Application,622687180151,14.4775,13.02340000000000,4.42400000000000,0.25070000000000,13.97780000000000,14.0029,NA,622687051323,13.1335,12.8828,0.2507,14.4493,12.4113,12.4082,0.0031,0.5208,13350.2634,0.0251,NA,NA
q2rtx.exe,39492,0x177137A1C80,DXGI,0,512,1,Hardware: Independent Flip,Application,622687194487,NA,1.43360000000000,4.63210000000000,0.19810000000000,13.99280000000000,17.2014,NA,622687182658,1.3810,1.1829,0.1981,13.7271,1.4486,1.4486,0.0000,NA,0.0000,3.2086,NA,NA
q2rtx.exe,39492,0x177137A1C80,DXGI,0,512,1,Hardware: Independent Flip,Application,622687196985,NA,0.24980000000000,4.63000000000000,0.12550000000000,13.98730000000000,21.5816,NA,622687196468,0.1772,0.0517,0.1255,13.7947,0.2443,0.2443,0.0000,NA,0.0000,7.5943,NA,NA
q2rtx.exe,39492,0x177137A1C80,DXGI,0,512,1,Hardware: Independent Flip,Application,622687321318,14.7064,12.43330000000000,5.51650000000000,0.21690000000000,14.66400000000000,14.6648,NA,622687198240,12.5247,12.3078,0.2169,13.8618,13.1100,13.1039,0.0061,-0.0722,13364.9698,0.0008,NA,NA
q2rtx.exe,39492,0x177137A1C80,DXGI,0,512,1,Hardware: Independent Flip,Application,622687335613,NA,1.42950000000000,5.17740000000000,0.19240000000000,14.53360000000000,18.4127,NA,622687323487,1.4050,1.2126,0.1924,14.4471,1.2991,1.2991,0.0000,NA,0.0000,3.8791,NA,NA
q2rtx.exe,39492,0x177137A1C80,DXGI,0,512,1,Hardware: Independent Flip,Application,622687338110,NA,0.24970000000000,4.67870000000000,0.12880000000000,14.52640000000000,22.8417,NA,622687337537,0.1861,0.0573,0.1288,14.3412,0.2425,0.2425,0.0000,NA,0.0000,8.3153,NA,NA
q2rtx.exe,39492,0x177137A1C80,DXGI,0,512,1,Hardware: Independent Flip,Application,622687469338,14.5412,13.12280000000000,4.44140000000000,0.17560000000000,13.73440000000000,14.1603,NA,622687339398,13.1696,12.9940,0.1756,14.3976,12.3308,12.3267,0.0041,0.2437,13379.5110,0.4259,NA,NA
q2rtx.exe,39492,0x177137A1C80,DXGI,0,512,1,Hardware: Independent Flip,Application,622687482217,NA,1.28790000000000,4.20850000000000,0.25700000000000,13.88220000000000,17.0809,NA,622687471094,1.3693,1.1123,0.2570,13.5588,1.4357,1.4357,0.0000,NA,0.0000,3.1987,NA,NA
q2rtx.exe,39492,0x177137A1C80,DXGI,0,512,1,Hardware: Independent Flip,Application,622687485405,NA,0.31880000000000,4.61080000000000,0.14490000000000,13.80640000000000,21.3729,NA,622687484787,0.2067,0.0618,0.1449,13.6252,0.2430,0.2430,0.0000,NA,0.0000,7.5665,NA,NA
q2rtx.exe,39492,0x177137A1C80,DXGI,0,512,1,Hardware: Independent Flip,Application,622687608401,14.0509,12.29960000000000,4.86070000000000,0.26060000000000,13.93300000000000,13.9340,NA,622687486854,12.4153,12.1547,0.2606,13.6615,12.4262,12.4207,0.0055,0.3709,13393.5619,0.0010,NA,NA
q2rtx.exe,39492,0x177137A1C80,DXGI,0,512,1,Hardware: Independent Flip,Application,622687622285,NA,1.38840000000000,4.88730000000000,0.24010000000000,13.79210000000000,17.4329,NA,622687611007,1.3679,1.1278,0.2401,13.6724,1.2475,1.2475,0.0000,NA,0.0000,3.6408,NA,NA
q2rtx.exe,39492,0x177137A1C80,DXGI,0,512,1,Hardware: Independent Flip,Application,622687625284,NA,0.29990000000000,4.23750000000000,0.13400000000000,14.13730000000000,21.3705,NA,622687624686,0.1938,0.0598,0.1340,13.5520,0.6451,0.6451,0.0000,NA,0.0000,7.2332,NA,NA
q2rtx.exe,39492,0x177137A1C80,DXGI,0,512,1,Hardware: Independent Flip,Application,622687754397,14.8416,12.91130000000000,7.33800000000000,1.09540000000000,15.45760000000000,15.7972,NA,622687626624,13.8727,12.7773,1.0954,14.0033,14.2316,14.2316,0.0000,-1.6212,13408.4035,0.3396,NA,NA
q2rtx.exe,39492,0x177137A1C80,DXGI,0,512,1,Hardware: Independent Flip,Application,622687767442,NA,1.30450000000000,5.04930000000000,0.17700000000000,15.07900000000000,19.5420,NA,622687765351,0.3861,0.2091,0.1770,14.3622,0.9259,0.9259,0.0000,NA,0.0000,4.4630,NA,NA
q2rtx.exe,39492,0x177137A1C80,DXGI,0,512,1,Hardware: Independent Flip,Application,622687769822,NA,0.23800000000000,5.36320000000000,0.29440000000000,15.08610000000000,24.6672,NA,622687769212,0.3554,0.0610,0.2944,14.9020,0.2451,0.2451,0.0000,NA,0.0000,9.5811,NA,NA
q2rtx.exe,39492,0x177137A1C80,DXGI,0,512,1,Hardware: Independent Flip,Application,622687910318,13.7824,14.04960000000000,2.80290000000000,0.21340000000000,13.41970000000000,13.4205,NA,622687772766,13.9686,13.7552,0.2134,14.7917,12.3832,12.3801,0.0031,0.5670,13422.1859,0.0008,NA,NA
q2rtx.exe,39492,0x177137A1C80,DXGI,0,512,1,Hardware: Independent Flip,Application,622687919484,NA,0.91660000000000,4.37310000000000,0.22320000000000,14.22480000000000,16.8770,NA,622687912452,0.9264,0.7032,0.2232,13.2063,1.7217,1.7217,0.0000,NA,0.0000,2.6522,NA,NA
q2rtx.exe,39492,0x177137A1C80,DXGI,0,512,1,Hardware: Independent Flip,Application,622687922266,NA,0.27820000000000,5.04380000000000,0.13070000000000,14.17210000000000,21.6426,NA,622687921716,0.1857,0.0550,0.1307,14.0016,0.2255,0.2255,0.0000,NA,0.0000,7.4705,NA,NA
q2rtx.exe,39492,0x177137A1C80,DXGI,0,512,1,Hardware: Independent Flip,Application,622688046985,13.8621,12.47190000000000,6.10720000000000,0.22180000000000,15.27710000000000,15.2779,NA,622687923573,12.5630,12.3412,0.2218,14.0414,13.5769,13.5724,0.0045,-1.6620,13436.0480,0.0008,NA,NA
q2rtx.exe,39492,0x177137A1C80,DXGI,0,512,1,Hardware: Independent Flip,Application,622688062856,NA,1.58710000000000,6.28340000000000,0.22370000000000,14.60210000000000,19.9742,NA,622688049203,1.5890,1.3653,0.2237,15.0553,0.9121,0.9121,0.0000,NA,0.0000,5.3721,NA,NA
q2rtx.exe,39492,0x177137A1C80,DXGI,0,512,1,Hardware: Independent Flip,Application,622688065646,NA,0.27900000000000,4.08860000000000,0.13180000000000,14.55680000000000,23.7838,NA,622688065093,0.1871,0.0553,0.1318,14.3784,0.2337,0.2337,0.0000,NA,0.0000,9.2270,NA,NA
q2rtx.exe,39492,0x177137A1C80,DXGI,0,512,1,Hardware: Independent Flip,Application,622688201288,15.8339,13.56420000000000,3.84580000000000,0.20630000000000,13.33120000000000,14.0654,NA,622688066964,13.6387,13.4324,0.2063,14.4250,12.3386,12.3351,0.0035,1.6161,13451.8819,0.7342,NA,NA
q2rtx.exe,39492,0x177137A1C80,DXGI,0,512,1,Hardware: Independent Flip,Application,622688210110,NA,0.88220000000000,3.77420000000000,0.23320000000000,14.25280000000000,16.9574,NA,622688203351,0.9091,0.6759,0.2332,13.1249,1.8038,1.8038,0.0000,NA,0.0000,2.7046,NA,NA
q2rtx.exe,39492,0x177137A1C80,DXGI,0,512,1,Hardware: Independent Flip,Application,622688213036,NA,0.29260000000000,5.39270000000000,0.14570000000000,14.20160000000000,22.0575,NA,622688212442,0.2051,0.0594,0.1457,14.0196,0.2414,0.2414,0.0000,NA,0.0000,7.8559,NA,NA
q2rtx.exe,39492,0x177137A1C80,DXGI,0,512,1,Hardware: Independent Flip,Application,622688335873,13.3659,12.28370000000000,5.26050000000000,0.25980000000000,15.03350000000000,15.0343,NA,622688214493,12.3978,12.1380,0.2598,14.0559,13.1156,13.1110,0.0046,-1.0615,13465.2478,0.0008,NA,NA
q2rtx.exe,39492,0x177137A1C80,DXGI,0,512,1,Hardware: Independent Flip,Application,622688353813,NA,1.79400000000000,5.70990000000000,0.24150000000000,14.51660000000000,18.9502,NA,622688338471,1.7757,1.5342,0.2415,14.7737,1.2771,1.2771,0.0000,NA,0.0000,4.4336,NA,NA
q2rtx.exe,39492,0x177137A1C80,DXGI,0,512,1,Hardware: Independent Flip,Application,622688356861,NA,0.30480000000000,3.90450000000000,0.13100000000000,14.45610000000000,22.5499,NA,622688356228,0.1943,0.0633,0.1310,14.2751,0.2443,0.2443,0.0000,NA,0.0000,8.0938,NA,NA
q2rtx.exe,39492,0x177137A1C80,DXGI,0,512,1,Hardware: Independent Flip,Application,622688488106,15.5751,13.12450000000000,5.46850000000000,0.20410000000000,14.23740000000000,14.8939,NA,622688358171,13.1976,12.9935,0.2041,14.3251,12.9058,12.9058,0.0000,0.4922,13480.8229,0.6565,NA,NA
q2rtx.exe,39492,0x177137A1C80,DXGI,0,512,1,Hardware: Independent Flip,Application,622688500124,NA,1.20180000000000,4.16320000000000,0.22730000000000,14.39750000000000,17.8553,NA,622688490147,1.2250,0.9977,0.2273,14.0333,1.3619,1.3619,0.0000,NA,0.0000,3.4578,NA,NA
q2rtx.exe,39492,0x177137A1C80,DXGI,0,512,1,Hardware: Independent Flip,Application,622688502918,NA,0.27940000000000,4.79220000000000,0.12730000000000,14.35780000000000,22.3681,NA,622688502397,0.1794,0.0521,0.1273,14.1702,0.2397,0.2397,0.0000,NA,0.0000,8.0103,NA,NA
q2rtx.exe,39492,0x177137A1C80,DXGI,0,512,1,Hardware: Independent Flip,Application,622688632433,13.5069,12.95150000000000,5.02850000000000,0.21400000000000,14.44420000000000,14.4451,NA,622688504191,13.0382,12.8242,0.2140,14.2305,13.0379,13.0329,0.0050,-0.4770,13494.3298,0.0009,NA,NA
q2rtx.exe,39492,0x177137A1C80,DXGI,0,512,1,Hardware: Independent Flip,Application,622688645379,NA,1.29460000000000,4.67170000000000,0.21630000000000,14.47720000000000,17.8222,NA,622688634573,1.2969,1.0806,0.2163,14.2302,1.3276,1.3276,0.0000,NA,0.0000,3.3450,NA,NA
q2rtx.exe,39492,0x177137A1C80,DXGI,0,512,1,Hardware: Independent Flip,Application,622688648100,NA,0.27210000000000,4.64840000000000,0.14020000000000,14.45390000000000,22.1985,NA,622688647542,0.1960,0.0558,0.1402,14.2609,0.2488,0.2488,0.0000,NA,0.0000,7.7446,NA,NA
q2rtx.exe,39492,0x177137A1C80,DXGI,0,512,1,Hardware: Independent Flip,Application,622688778443,15.2681,13.03430000000000,5.22060000000000,0.20280000000000,14.26260000000000,14.3848,NA,622688649502,13.0969,12.8941,0.2028,14.3137,12.8430,12.8397,0.0033,0.7274,13509.5979,0.1222,NA,NA
q2rtx.exe,39492,0x177137A1C80,DXGI,0,512,1,Hardware: Independent Flip,Application,622688791469,NA,1.30260000000000,4.71180000000000,0.23220000000000,14.18720000000000,17.7940,NA,622688780471,1.3320,1.0998,0.2322,14.0598,1.2272,1.2272,0.0000,NA,0.0000,3.6068,NA,NA
q2rtx.exe,39492,0x177137A1C80,DXGI,0,512,1,Hardware: Independent Flip,Application,622688794394,NA,0.29250000000000,4.77720000000000,0.14440000000000,14.12700000000000,22.2787,NA,622688793791,0.2047,0.0603,0.1444,13.9550,0.2323,0.2323,0.0000,NA,0.0000,8.1517,NA,NA
q2rtx.exe,39492,0x177137A1C80,DXGI,0,512,1,Hardware: Independent Flip,Application,622688923522,14.4353,12.91280000000000,5.00500000000000,0.20600000000000,14.22430000000000,14.3709,NA,622688795838,12.9744,12.7684,0.2060,13.9826,13.0101,13.0052,0.0049,-0.0587,13524.0332,0.1466,NA,NA
q2rtx.exe,39492,0x177137A1C80,DXGI,0,512,1,Hardware: Independent Flip,Application,622688934458,NA,1.09360000000000,4.64420000000000,0.22660000000000,14.43480000000000,17.9215,NA,622688925582,1.1142,0.8876,0.2266,14.0183,1.3041,1.3041,0.0000,NA,0.0000,3.4867,NA,NA
q2rtx.exe,39492,0x177137A1C80,DXGI,0,512,1,Hardware: Independent Flip,Application,622688937282,NA,0.28240000000000,4.76820000000000,0.13320000000000,14.40430000000000,22.4073,NA,622688936724,0.1890,0.0558,0.1332,14.2082,0.2519,0.2519,0.0000,NA,0.0000,8.0030,NA,NA
q2rtx.exe,39492,0x177137A1C80,DXGI,0,512,1,Hardware: Independent Flip,Application,622689067032,14.7906,12.97500000000000,5.16950000000000,0.22480000000000,14.57940000000000,14.6018,NA,622688938614,13.0666,12.8418,0.2248,14.2711,13.1501,13.1455,0.0046,0.2087,13538.8238,0.0224,NA,NA
q2rtx.exe,39492,0x177137A1C80,DXGI,0,512,1,Hardware: Independent Flip,Application,622689080067,NA,1.30350000000000,4.83950000000000,0.22970000000000,14.64460000000000,18.1378,NA,622689069280,1.3084,1.0787,0.2297,14.3546,1.3687,1.3687,0.0000,NA,0.0000,3.4932,NA,NA
q2rtx.exe,39492,0x177137A1C80,DXGI,0,512,1,Hardware: Independent Flip,Application,622689082940,NA,0.28730000000000,4.83990000000000,0.13360000000000,14.60590000000000,22.6904,NA,622689082364,0.1912,0.0576,0.1336,14.4149,0.2486,0.2486,0.0000,NA,0.0000,8.0845,NA,NA
q2rtx.exe,39492,0x177137A1C80,DXGI,0,512,1,Hardware: Independent Flip,Application,622689214632,14.5395,13.16920000000000,5.07060000000000,0.22140000000000,14.44680000000000,14.5918,NA,622689084276,13.2570,13.0356,0.2214,14.4723,13.0101,13.0035,0.0066,-0.2105,13553.3633,0.1450,NA,NA
q2rtx.exe,39492,0x177137A1C80,DXGI,0,512,1,Hardware: Independent Flip,Application,622689227725,NA,1.30930000000000,4.72840000000000,0.19360000000000,14.22900000000000,18.0109,NA,622689216846,1.2815,1.0879,0.1936,14.2254,1.0915,1.0915,0.0000,NA,0.0000,3.7819,NA,NA
q2rtx.exe,39492,0x177137A1C80,DXGI,0,512,1,Hardware: Independent Flip,Application,622689230219,NA,0.24940000000000,4.85200000000000,0.12970000000000,14.22200000000000,22.6135,NA,622689229661,0.1855,0.0558,0.1297,14.0354,0.2424,0.2424,0.0000,NA,0.0000,8.3915,NA,NA
q2rtx.exe,39492,0x177137A1C80,DXGI,0,512,1,Hardware: Independent Flip,Application,622689360728,14.6378,13.05090000000000,4.38650000000000,0.23010000000000,13.91690000000000,13.9491,NA,622689231516,13.1513,12.9212,0.2301,14.0923,12.7458,12.7415,0.0043,0.6709,13568.0011,0.0322,NA,NA
q2rtx.exe,39492,0x177137A1C80,DXGI,0,512,1,Hardware: Independent Flip,Application,622689371211,NA,1.04830000000000,4.61160000000000,0.22280000000000,14.11350000000000,17.5124,NA,622689363029,1.0410,0.8182,0.2228,13.6868,1.2449,1.2449,0.0000,NA,0.0000,3.3989,NA,NA
q2rtx.exe,39492,0x177137A1C80,DXGI,0,512,1,Hardware: Independent Flip,Application,622689373974,NA,0.27630000000000,4.63840000000000,0.13200000000000,14.08590000000000,21.8745,NA,622689373439,0.1855,0.0535,0.1320,13.8907,0.2487,0.2487,0.0000,NA,0.0000,7.7886,NA,NA
q2rtx.exe,39492,0x177137A1C80,DXGI,0,512,1,Hardware: Independent Flip,Application,622689501266,14.7117,12.72920000000000,5.06680000000000,0.22230000000000,14.21110000000000,14.2121,NA,622689375294,12.8195,12.5972,0.2223,13.9539,12.8544,12.8483,0.0061,0.3949,13582.7128,0.0010,NA,NA
q2rtx.exe,39492,0x177137A1C80,DXGI,0,512,1,Hardware: Independent Flip,Application,622689513589,NA,1.23230000000000,4.92660000000000,0.23970000000000,14.35510000000000,17.9064,NA,622689503489,1.2497,1.0100,0.2397,13.9888,1.3763,1.3763,0.0000,NA,0.0000,3.5513,NA,NA
q2rtx.exe,39492,0x177137A1C80,DXGI,0,512,1,Hardware: Independent Flip,Application,622689516526,NA,0.29370000000000,4.61510000000000,0.13130000000000,14.31500000000000,22.2278,NA,622689515986,0.1853,0.0540,0.1313,14.1154,0.2536,0.2536,0.0000,NA,0.0000,7.9128,NA,NA
q2rtx.exe,39492,0x177137A1C80,DXGI,0,512,1,Hardware: Independent Flip,Application,622689644723,14.7308,12.81970000000000,4.65400000000000,0.20610000000000,13.83440000000000,14.0621,NA,622689517839,12.8945,12.6884,0.2061,14.1837,12.3391,12.3358,0.0033,0.5351,13597.4436,0.2277,NA,NA
q2rtx.exe,39492,0x177137A1C80,DXGI,0,512,1,Hardware: Independent Flip,Application,622689658364,NA,1.36410000000000,4.44220000000000,0.24380000000000,13.76690000000000,17.1402,NA,622689646784,1.4018,1.1580,0.2438,13.6283,1.2966,1.2966,0.0000,NA,0.0000,3.3733,NA,NA
q2rtx.exe,39492,0x177137A1C80,DXGI,0,512,1,Hardware: Independent Flip,Application,622689661343,NA,0.29790000000000,4.64320000000000,0.13890000000000,13.71310000000000,21.4855,NA,622689660802,0.1930,0.0541,0.1389,13.5231,0.2441,0.2441,0.0000,NA,0.0000,7.7724,NA,NA
q2rtx.exe,39492,0x177137A1C80,DXGI,0,512,1,Hardware: Independent Flip,Application,622689783994,14.1974,12.26510000000000,5.33660000000000,0.24930000000000,14.55600000000000,14.5570,NA,622689662732,12.3755,12.1262,0.2493,13.5742,13.1080,13.1009,0.0071,-0.2246,13611.6410,0.0010,NA,NA
q2rtx.exe,39492,0x177137A1C80,DXGI,0,512,1,Hardware: Independent Flip,Application,622689797681,NA,1.36870000000000,4.91680000000000,0.18380000000000,14.59280000000000,18.1051,NA,622689786487,1.3032,1.1194,0.1838,14.3067,1.4055,1.4055,0.0000,NA,0.0000,3.5123,NA,NA
q2rtx.exe,39492,0x177137A1C80,DXGI,0,512,1,Hardware: Independent Flip,Application,622689800065,NA,0.23840000000000,4.66590000000000,0.12460000000000,14.59570000000000,22.5326,NA,622689799519,0.1792,0.0546,0.1246,14.4090,0.2413,0.2413,0.0000,NA,0.0000,7.9369,NA,NA
q2rtx.exe,39492,0x177137A1C80,DXGI,0,512,1,Hardware: Independent Flip,Application,622689930447,14.4615,13.03820000000000,4.67830000000000,0.18670000000000,13.82600000000000,14.1727,NA,622689801311,13.1003,12.9136,0.1867,14.4711,12.2685,12.2653,0.0032,0.2005,13626.1025,0.3467,NA,NA
q2rtx.exe,39492,0x177137A1C80,DXGI,0,512,1,Hardware: Independent Flip,Application,622689944943,NA,1.44960000000000,4.31170000000000,0.22220000000000,13.61180000000000,17.0348,NA,622689932314,1.4851,1.2629,0.2222,13.6393,1.2354,1.2354,0.0000,NA,0.0000,3.4230,NA,NA
q2rtx.exe,39492,0x177137A1C80,DXGI,0,512,1,Hardware: Independent Flip,Application,622689947732,NA,0.27890000000000,4.63070000000000,0.13140000000000,13.57580000000000,21.3866,NA,622689947165,0.1881,0.0567,0.1314,13.3896,0.2429,0.2429,0.0000,NA,0.0000,7.8108,NA,NA
q2rtx.exe,39492,0x177137A1C80,DXGI,0,512,1,Hardware: Independent Flip,Application,622690070026,13.9038,12.22940000000000,5.36880000000000,0.21010000000000,14.52540000000000,14.5260,NA,622689949046,12.3081,12.0980,0.2101,13.4444,13.1790,13.1718,0.0072,-0.4074,13640.0063,0.0006,NA,NA
q2rtx.exe,39492,0x177137A1C80,DXGI,0,512,1,Hardware: Independent Flip,Application,622690082421,NA,1.23950000000000,4.94320000000000,0.21250000000000,14.78780000000000,18.2297,NA,622690072127,1.2419,1.0294,0.2125,14.3153,1.5019,1.5019,0.0000,NA,0.0000,3.4419,NA,NA
q2rtx.exe,39492,0x177137A1C80,DXGI,0,512,1,Hardware: Independent Flip,Application,622690085097,NA,0.26760000000000,4.59440000000000,0.12850000000000,14.75330000000000,22.5565,NA,622690084546,0.1836,0.0551,0.1285,14.5753,0.2331,0.2331,0.0000,NA,0.0000,7.8032,NA,NA
q2rtx.exe,39492,0x177137A1C80,DXGI,0,512,1,Hardware: Independent Flip,Application,622690216470,14.6962,13.13730000000000,5.58460000000000,0.22470000000000,14.62900000000000,15.0038,NA,622690086382,13.2335,13.0088,0.2247,14.6248,13.0130,13.0085,0.0045,-0.4260,13654.7025,0.3748,NA,NA
q2rtx.exe,39492,0x177137A1C80,DXGI,0,512,1,Hardware: Independent Flip,Application,622690231519,NA,1.50490000000000,4.55210000000000,0.21450000000000,14.40180000000000,18.0510,NA,622690218717,1.4947,1.2802,0.2145,14.4043,1.2777,1.2777,0.0000,NA,0.0000,3.6492,NA,NA
q2rtx.exe,39492,0x177137A1C80,DXGI,0,512,1,Hardware: Independent Flip,Application,622690234210,NA,0.26910000000000,4.90300000000000,0.13220000000000,14.37740000000000,22.6849,NA,622690233664,0.1868,0.0546,0.1322,14.1873,0.2447,0.2447,0.0000,NA,0.0000,8.3075,NA,NA
q2rtx.exe,39492,0x177137A1C80,DXGI,0,512,1,Hardware: Independent Flip,Application,622690364171,13.8897,12.99610000000000,4.67250000000000,0.22040000000000,14.21400000000000,14.3613,NA,622690235532,13.0843,12.8639,0.2204,14.2452,12.8327,12.8296,0.0031,-0.2379,13668.5922,0.1473,NA,NA
q2rtx.exe,39492,0x177137A1C80,DXGI,0,512,1,Hardware: Independent Flip,Application,622690376836,NA,1.26650000000000,4.52550000000000,0.22460000000000,14.24940000000000,17.6203,NA,622690366375,1.2707,1.0461,0.2246,13.9936,1.3019,1.3019,0.0000,NA,0.0000,3.3709,NA,NA
q2rtx.exe,39492,0x177137A1C80,DXGI,0,512,1,Hardware: Independent Flip,Application,622690379638,NA,0.28020000000000,4.64570000000000,0.13630000000000,14.20960000000000,21.9858,NA,622690379082,0.1919,0.0556,0.1363,14.0248,0.2404,0.2404,0.0000,NA,0.0000,7.7762,NA,NA
q2rtx.exe,39492,0x177137A1C80,DXGI,0,512,1,Hardware: Independent Flip,Application,622690507492,14.6684,12.78540000000000,5.09790000000000,0.20740000000000,14.29760000000000,14.2983,NA,622690381001,12.8565,12.6491,0.2074,14.0733,12.8734,12.8673,0.0061,0.3993,13683.2606,0.0007,NA,NA
q2rtx.exe,39492,0x177137A1C80,DXGI,0,512,1,Hardware: Independent Flip,Application,622690520464,NA,1.29720000000000,4.96740000000000,0.19180000000000,14.39220000000000,17.9685,NA,622690509566,1.2816,1.0898,0.1918,14.0902,1.3918,1.3918,0.0000,NA,0.0000,3.5763,NA,NA
q2rtx.exe,39492,0x177137A1C80,DXGI,0,512,1,Hardware: Independent Flip,Application,622690522917,NA,0.24530000000000,4.54250000000000,0.13300000000000,14.38470000000000,22.2657,NA,622690522382,0.1865,0.0535,0.1330,14.2004,0.2378,0.2378,0.0000,NA,0.0000,7.8810,NA,NA
q2rtx.exe,39492,0x177137A1C80,DXGI,0,512,1,Hardware: Independent Flip,Application,622690652149,14.7827,12.92320000000000,5.37370000000000,0.22050000000000,14.43380000000000,14.7162,NA,622690524247,13.0107,12.7902,0.2205,14.2517,12.9723,12.9691,0.0032,-0.1009,13698.0433,0.2824,NA,NA
q2rtx.exe,39492,0x177137A1C80,DXGI,0,512,1,Hardware: Independent Flip,Application,622690665707,NA,1.35580000000000,4.59790000000000,0.22220000000000,14.39510000000000,17.9583,NA,622690654354,1.3575,1.1353,0.2222,14.2133,1.3171,1.3171,0.0000,NA,0.0000,3.5632,NA,NA
q2rtx.exe,39492,0x177137A1C80,DXGI,0,512,1,Hardware: Independent Flip,Application,622690668528,NA,0.28210000000000,4.85490000000000,0.13300000000000,14.36150000000000,22.5311,NA,622690667929,0.1929,0.0599,0.1330,14.1729,0.2485,0.2485,0.0000,NA,0.0000,8.1696,NA,NA
q2rtx.exe,39492,0x177137A1C80,DXGI,0,512,1,Hardware: Independent Flip,Application,622690797850,14.2565,12.93220000000000,5.17250000000000,0.20640000000000,14.50260000000000,14.7714,NA,622690669858,13.0056,12.7992,0.2064,14.2285,13.0733,13.0681,0.0052,-0.3688,13712.2998,0.2688,NA,NA
q2rtx.exe,39492,0x177137A1C80,DXGI,0,512,1,Hardware: Independent Flip,Application,622690811001,NA,1.31510000000000,4.54240000000000,0.22670000000000,14.48450000000000,17.9987,NA,622690799914,1.3354,1.1087,0.2267,14.2962,1.2970,1.2970,0.0000,NA,0.0000,3.5142,NA,NA
q2rtx.exe,39492,0x177137A1C80,DXGI,0,512,1,Hardware: Independent Flip,Application,622690813855,NA,0.28540000000000,4.75720000000000,0.13850000000000,14.42570000000000,22.4705,NA,622690813268,0.1972,0.0587,0.1385,14.2578,0.2266,0.2266,0.0000,NA,0.0000,8.0448,NA,NA
q2rtx.exe,39492,0x177137A1C80,DXGI,0,512,1,Hardware: Independent Flip,Application,622690944067,14.4802,13.02120000000000,4.93750000000000,0.19350000000000,14.32720000000000,14.3868,NA,622690815240,13.0762,12.8827,0.1935,14.2872,12.9227,12.9177,0.0050,0.2431,13726.7800,0.0596,NA,NA
q2rtx.exe,39492,0x177137A1C80,DXGI,0,512,1,Hardware: Independent Flip,Application,622690956978,NA,1.29110000000000,4.68990000000000,0.21860000000000,14.35880000000000,17.7856,NA,622690946002,1.3162,1.0976,0.2186,14.1337,1.3227,1.3227,0.0000,NA,0.0000,3.4268,NA,NA
q2rtx.exe,39492,0x177137A1C80,DXGI,0,512,1,Hardware: Independent Flip,Application,622690959730,NA,0.27520000000000,4.69800000000000,0.13710000000000,14.31010000000000,22.2084,NA,622690959164,0.1937,0.0566,0.1371,14.1402,0.2265,0.2265,0.0000,NA,0.0000,7.8983,NA,NA
q2rtx.exe,39492,0x177137A1C80,DXGI,0,512,1,Hardware: Independent Flip,Application,622691088920,14.5954,12.91900000000000,4.88050000000000,0.23800000000000,14.12430000000000,14.1699,NA,622690961101,13.0199,12.7819,0.2380,14.1730,12.7332,12.7302,0.0030,0.3270,13741.3754,0.0456,NA,NA
q2rtx.exe,39492,0x177137A1C80,DXGI,0,512,1,Hardware: Independent Flip,Application,622691101734,NA,1.28140000000000,4.71080000000000,0.21520000000000,14.26850000000000,17.5993,NA,622691091300,1.2586,1.0434,0.2152,13.8863,1.4256,1.4256,0.0000,NA,0.0000,3.3308,NA,NA
q2rtx.exe,39492,0x177137A1C80,DXGI,0,512,1,Hardware: Independent Flip,Application,622691104434,NA,0.27000000000000,4.72690000000000,0.13190000000000,14.24260000000000,22.0562,NA,622691103886,0.1867,0.0548,0.1319,14.0533,0.2441,0.2441,0.0000,NA,0.0000,7.8136,NA,NA
q2rtx.exe,39492,0x177137A1C80,DXGI,0,512,1,Hardware: Independent Flip,Application,622691231558,14.6823,12.71240000000000,5.09860000000000,0.22130000000000,14.39640000000000,14.4424,NA,622691105753,12.8018,12.5805,0.2213,14.1107,12.8662,12.8604,0.0058,0.1460,13756.0577,0.0460,NA,NA
q2rtx.exe,39492,0x177137A1C80,DXGI,0,512,1,Hardware: Independent Flip,Application,622691245678,NA,1.41200000000000,4.81790000000000,0.21960000000000,14.47880000000000,17.8483,NA,622691233771,1.4103,1.1907,0.2196,14.1751,1.4944,1.4944,0.0000,NA,0.0000,3.3695,NA,NA
q2rtx.exe,39492,0x177137A1C80,DXGI,0,512,1,Hardware: Independent Flip,Application,622691248422,NA,0.27440000000000,4.79830000000000,0.13110000000000,14.45330000000000,22.3722,NA,622691247874,0.1859,0.0548,0.1311,14.2592,0.2489,0.2489,0.0000,NA,0.0000,7.9189,NA,NA
q2rtx.exe,39492,0x177137A1C80,DXGI,0,512,1,Hardware: Independent Flip,Application,622691377195,14.5100,12.87730000000000,5.28770000000000,0.21190000000000,14.62830000000000,14.7826,NA,622691249733,12.9581,12.7462,0.2119,14.3222,13.0523,13.0489,0.0034,-0.3939,13770.5677,0.1543,NA,NA
q2rtx.exe,39492,0x177137A1C80,DXGI,0,512,1,Hardware: Independent Flip,Application,622691391899,NA,1.47040000000000,4.77320000000000,0.26870000000000,14.48050000000000,18.0854,NA,622691379314,1.5272,1.2585,0.2687,14.4164,1.3226,1.3226,0.0000,NA,0.0000,3.6049,NA,NA
q2rtx.exe,39492,0x177137A1C80,DXGI,0,512,1,Hardware: Independent Flip,Application,622691395182,NA,0.32830000000000,4.90100000000000,0.15220000000000,14.39630000000000,22.6581,NA,622691394586,0.2118,0.0596,0.1522,14.2118,0.2441,0.2441,0.0000,NA,0.0000,8.2618,NA,NA
q2rtx.exe,39492,0x177137A1C80,DXGI,0,512,1,Hardware: Independent Flip,Application,622691524890,14.2602,12.97080000000000,5.01250000000000,0.26030000000000,14.58940000000000,14.6998,NA,622691396704,13.0789,12.8186,0.2603,14.2441,13.1639,13.1594,0.0045,-0.4265,13784.8279,0.1104,NA,NA
q2rtx.exe,39492,0x177137A1C80,DXGI,0,512,1,Hardware: Independent Flip,Application,622691537892,NA,1.30020000000000,4.75920000000000,0.22470000000000,14.43700000000000,18.1588,NA,622691527493,1.2646,1.0399,0.2247,14.3291,1.1478,1.1478,0.0000,NA,0.0000,3.7218,NA,NA
q2rtx.exe,39492,0x177137A1C80,DXGI,0,512,1,Hardware: Independent Flip,Application,622691540684,NA,0.27920000000000,4.84480000000000,0.13140000000000,14.40390000000000,22.7244,NA,622691540139,0.1859,0.0545,0.1314,14.2123,0.2461,0.2461,0.0000,NA,0.0000,8.3205,NA,NA
q2rtx.exe,39492,0x177137A1C80,DXGI,0,512,1,Hardware: Independent Flip,Application,622691672012,14.5692,13.13280000000000,4.79190000000000,0.19090000000000,14.38260000000000,14.3835,NA,622691541998,13.1923,13.0014,0.1909,14.2725,13.1115,13.1080,0.0035,0.1733,13799.3971,0.0009,NA,NA
q2rtx.exe,39492,0x177137A1C80,DXGI,0,512,1,Hardware: Independent Flip,Application,622691683544,NA,1.15320000000000,4.81660000000000,0.22040000000000,14.56640000000000,18.0469,NA,622691673921,1.1827,0.9623,0.2204,14.1917,1.3370,1.3370,0.0000,NA,0.0000,3.4805,NA,NA
q2rtx.exe,39492,0x177137A1C80,DXGI,0,512,1,Hardware: Independent Flip,Application,622691686290,NA,0.27460000000000,4.77240000000000,0.12810000000000,14.54130000000000,22.5447,NA,622691685748,0.1823,0.0542,0.1281,14.3460,0.2495,0.2495,0.0000,NA,0.0000,8.0034,NA,NA
q2rtx.exe,39492,0x177137A1C80,DXGI,0,512,1,Hardware: Independent Flip,Application,622691817642,14.7379,13.13520000000000,4.85770000000000,0.21860000000000,14.25250000000000,14.2672,NA,622691687571,13.2257,13.0071,0.2186,14.4132,12.8464,12.8408,0.0056,0.2912,13814.1350,0.0147,NA,NA
q2rtx.exe,39492,0x177137A1C80,DXGI,0,512,1,Hardware: Independent Flip,Application,622691830508,NA,1.28660000000000,4.80540000000000,0.22980000000000,14.42140000000000,17.7860,NA,622691819828,1.2978,1.0680,0.2298,14.0339,1.4555,1.4555,0.0000,NA,0.0000,3.3646,NA,NA
q2rtx.exe,39492,0x177137A1C80,DXGI,0,512,1,Hardware: Independent Flip,Application,622691833389,NA,0.28810000000000,4.79540000000000,0.12970000000000,14.37490000000000,22.2933,NA,622691832806,0.1880,0.0583,0.1297,14.1916,0.2416,0.2416,0.0000,NA,0.0000,7.9184,NA,NA
q2rtx.exe,39492,0x177137A1C80,DXGI,0,512,1,Hardware: Independent Flip,Application,622691961785,14.8124,12.83960000000000,5.12260000000000,0.24110000000000,14.54980000000000,14.5763,NA,622691834686,12.9510,12.7099,0.2411,14.2452,13.0145,13.0111,0.0034,0.0890,13828.9474,0.0265,NA,NA
q2rtx.exe,39492,0x177137A1C80,DXGI,0,512,1,Hardware: Independent Flip,Application,622691975971,NA,1.41860000000000,4.88470000000000,0.23020000000000,14.44120000000000,18.0424,NA,622691964196,1.4077,1.1775,0.2302,14.3087,1.3100,1.3100,0.0000,NA,0.0000,3.6012,NA,NA
q2rtx.exe,39492,0x177137A1C80,DXGI,0,512,1,Hardware: Independent Flip,Application,622691978828,NA,0.28570000000000,4.88260000000000,0.13210000000000,14.40520000000000,22.6393,NA,622691978273,0.1876,0.0555,0.1321,14.2110,0.2497,0.2497,0.0000,NA,0.0000,8.2341,NA,NA
q2rtx.exe,39492,0x177137A1C80,DXGI,0,512,1,Hardware: Independent Flip,Application,622692109503,14.4910,13.06750000000000,5.03310000000000,0.22760000000000,14.50890000000000,14.6049,NA,622691980149,13.1630,12.9354,0.2276,14.2731,13.1712,13.1664,0.0048,-0.3094,13843.4384,0.0960,NA,NA
q2rtx.exe,39492,0x177137A1C80,DXGI,0,512,1,Hardware: Independent Flip,Application,622692121874,NA,1.23710000000000,4.81330000000000,0.21260000000000,14.57020000000000,18.1811,NA,622692111779,1.2221,1.0095,0.2126,14.2813,1.2984,1.2984,0.0000,NA,0.0000,3.6109,NA,NA
q2rtx.exe,39492,0x177137A1C80,DXGI,0,512,1,Hardware: Independent Flip,Application,622692124608,NA,0.27340000000000,4.88990000000000,0.13970000000000,14.54820000000000,22.7976,NA,622692124000,0.2005,0.0608,0.1397,14.3576,0.2514,0.2514,0.0000,NA,0.0000,8.2494,NA,NA
q2rtx.exe,39492,0x177137A1C80,DXGI,0,512,1,Hardware: Independent Flip,Application,622692256992,14.4806,13.23840000000000,4.79160000000000,0.23500000000000,14.33390000000000,14.3508,NA,622692126005,13.3337,13.0987,0.2350,14.4085,13.0241,13.0191,0.0050,-0.0142,13857.9190,0.0169,NA,NA
q2rtx.exe,39492,0x177137A1C80,DXGI,0,512,1,Hardware: Independent Flip,Application,622692268887,NA,1.18950000000000,4.82070000000000,0.23710000000000,14.46960000000000,17.9820,NA,622692259342,1.1916,0.9545,0.2371,14.0989,1.3252,1.3252,0.0000,NA,0.0000,3.5124,NA,NA
q2rtx.exe,39492,0x177137A1C80,DXGI,0,512,1,Hardware: Independent Flip,Application,622692271892,NA,0.30050000000000,4.80980000000000,0.14390000000000,14.40730000000000,22.4913,NA,622692271258,0.2073,0.0634,0.1439,14.2325,0.2382,0.2382,0.0000,NA,0.0000,8.0840,NA,NA
q2rtx.exe,39492,0x177137A1C80,DXGI,0,512,1,Hardware: Independent Flip,Application,622692402136,14.6218,13.02440000000000,4.56260000000000,0.22550000000000,14.02860000000000,14.0295,NA,622692273331,13.1060,12.8805,0.2255,14.2634,12.6457,12.6423,0.0034,0.4287,13872.5408,0.0009,NA,NA
q2rtx.exe,39492,0x177137A1C80,DXGI,0,512,1,Hardware: Independent Flip,Application,622692414660,NA,1.25240000000000,4.78070000000000,0.22460000000000,14.15090000000000,17.5578,NA,622692404391,1.2515,1.0269,0.2246,13.8031,1.3747,1.3747,0.0000,NA,0.0000,3.4069,NA,NA
q2rtx.exe,39492,0x177137A1C80,DXGI,0,512,1,Hardware: Independent Flip,Application,622692417504,NA,0.28440000000000,4.67540000000000,0.13600000000000,14.10190000000000,21.9488,NA,622692416906,0.1958,0.0598,0.1360,13.9263,0.2354,0.2354,0.0000,NA,0.0000,7.8469,NA,NA
q2rtx.exe,39492,0x177137A1C80,DXGI,0,512,1,Hardware: Independent Flip,Application,622692544039,14.8062,12.65350000000000,5.29650000000000,0.21650000000000,14.59080000000000,14.5918,NA,622692418864,12.7340,12.5175,0.2165,13.9659,13.1424,13.1366,0.0058,0.0536,13887.3470,0.0010,NA,NA
q2rtx.exe,39492,0x177137A1C80,DXGI,0,512,1,Hardware: Independent Flip,Application,622692557668,NA,1.36290000000000,5.04420000000000,0.23390000000000,14.54190000000000,18.2731,NA,622692546204,1.3803,1.1464,0.2339,14.3743,1.3140,1.3140,0.0000,NA,0.0000,3.7312,NA,NA
q2rtx.exe,39492,0x177137A1C80,DXGI,0,512,1,Hardware: Independent Flip,Application,622692560601,NA,0.29330000000000,4.78360000000000,0.13620000000000,14.50300000000000,22.7634,NA,622692560007,0.1956,0.0594,0.1362,14.3080,0.2544,0.2544,0.0000,NA,0.0000,8.2604,NA,NA
q2rtx.exe,39492,0x177137A1C80,DXGI,0,512,1,Hardware: Independent Flip,Application,622692691187,14.6474,13.05860000000000,4.96210000000000,0.22790000000000,14.40130000000000,14.6669,NA,622692561963,13.1503,12.9224,0.2279,14.3668,12.9569,12.9521,0.0048,-0.1425,13901.9944,0.2656,NA,NA
q2rtx.exe,39492,0x177137A1C80,DXGI,0,512,1,Hardware: Independent Flip,Application,622692704440,NA,1.32530000000000,4.58740000000000,0.22730000000000,14.40600000000000,17.9290,NA,622692693466,1.3247,1.0974,0.2273,14.1734,1.3300,1.3300,0.0000,NA,0.0000,3.5230,NA,NA
q2rtx.exe,39492,0x177137A1C80,DXGI,0,512,1,Hardware: Independent Flip,Application,622692707297,NA,0.28570000000000,4.82450000000000,0.13470000000000,14.35710000000000,22.4678,NA,622692706713,0.1931,0.0584,0.1347,14.1787,0.2368,0.2368,0.0000,NA,0.0000,8.1107,NA,NA
q2rtx.exe,39492,0x177137A1C80,DXGI,0,512,1,Hardware: Independent Flip,Application,622692836865,14.2147,12.95680000000000,4.82520000000000,0.21980000000000,14.33530000000000,14.3362,NA,622692708644,13.0419,12.8221,0.2198,14.2224,12.9350,12.9318,0.0032,-0.0224,13916.2091,0.0009,NA,NA
q2rtx.exe,39492,0x177137A1C80,DXGI,0,512,1,Hardware: Independent Flip,Application,622692849778,NA,1.29130000000000,4.80770000000000,0.21950000000000,14.55950000000000,17.8526,NA,622692839063,1.2910,1.0715,0.2195,14.1155,1.5155,1.5155,0.0000,NA,0.0000,3.2931,NA,NA
q2rtx.exe,39492,0x177137A1C80,DXGI,0,512,1,Hardware: Independent Flip,Application,622692852512,NA,0.27340000000000,4.67810000000000,0.12080000000000,14.53100000000000,22.2573,NA,622692851973,0.1747,0.0539,0.1208,14.3400,0.2449,0.2449,0.0000,NA,0.0000,7.7263,NA,NA
q2rtx.exe,39492,0x177137A1C80,DXGI,0,512,1,Hardware: Independent Flip,Application,622692981952,14.7521,12.94400000000000,5.60260000000000,0.28720000000000,14.83780000000000,14.9159,NA,622692853720,13.1104,12.8232,0.2872,14.4102,13.2508,13.2454,0.0054,-0.3363,13930.9612,0.0781,NA,NA
q2rtx.exe,39492,0x177137A1C80,DXGI,0,512,1,Hardware: Independent Flip,Application,622692996615,NA,1.46630000000000,4.93940000000000,0.23860000000000,14.55840000000000,18.3890,NA,622692984824,1.4177,1.1791,0.2386,14.5506,1.1869,1.1869,0.0000,NA,0.0000,3.8306,NA,NA
q2rtx.exe,39492,0x177137A1C80,DXGI,0,512,1,Hardware: Independent Flip,Application,622692999599,NA,0.29840000000000,4.99940000000000,0.14580000000000,14.52630000000000,23.0900,NA,622692999001,0.2056,0.0598,0.1458,14.3198,0.2663,0.2663,0.0000,NA,0.0000,8.5637,NA,NA
q2rtx.exe,39492,0x177137A1C80,DXGI,0,512,1,Hardware: Independent Flip,Application,622693131696,14.5672,13.20970000000000,4.95630000000000,0.23880000000000,14.42310000000000,14.8366,NA,622693001057,13.3027,13.0639,0.2388,14.3805,13.1065,13.1019,0.0046,-0.3279,13945.5284,0.4135,NA,NA
q2rtx.exe,39492,0x177137A1C80,DXGI,0,512,1,Hardware: Independent Flip,Application,622693143400,NA,1.17040000000000,4.43690000000000,0.25190000000000,14.53850000000000,18.1031,NA,622693134084,1.1835,0.9316,0.2519,14.1843,1.2858,1.2858,0.0000,NA,0.0000,3.5646,NA,NA
q2rtx.exe,39492,0x177137A1C80,DXGI,0,512,1,Hardware: Independent Flip,Application,622693147269,NA,0.38690000000000,4.79890000000000,0.16360000000000,14.37850000000000,22.5151,NA,622693145919,0.2986,0.1350,0.1636,14.2866,0.2269,0.2269,0.0000,NA,0.0000,8.1366,NA,NA
q2rtx.exe,39492,0x177137A1C80,DXGI,0,512,1,Hardware: Independent Flip,Application,622693277719,14.4075,13.04500000000000,4.60000000000000,0.32130000000000,14.06930000000000,14.0701,NA,622693148905,13.2027,12.8814,0.3213,14.2149,12.7358,12.7326,0.0032,0.5717,13959.9359,0.0008,NA,NA
q2rtx.exe,39492,0x177137A1C80,DXGI,0,512,1,Hardware: Independent Flip,Application,622693290055,NA,1.23360000000000,4.76230000000000,0.20900000000000,14.22530000000000,17.5988,NA,622693280932,1.1213,0.9123,0.2090,13.7480,1.3896,1.3896,0.0000,NA,0.0000,3.3735,NA,NA
q2rtx.exe,39492,0x177137A1C80,DXGI,0,512,1,Hardware: Independent Flip,Application,622693292727,NA,0.26720000000000,4.46090000000000,0.13790000000000,14.20090000000000,21.7925,NA,622693292145,0.1961,0.0582,0.1379,14.0163,0.2428,0.2428,0.0000,NA,0.0000,7.5916,NA,NA
q2rtx.exe,39492,0x177137A1C80,DXGI,0,512,1,Hardware: Independent Flip,Application,622693419546,15.0157,12.68190000000000,5.29480000000000,0.24550000000000,14.40460000000000,14.4054,NA,622693294106,12.7895,12.5440,0.2455,14.0630,12.8856,12.8807,0.0049,0.4977,13974.9516,0.0008,NA,NA
q2rtx.exe,39492,0x177137A1C80,DXGI,0,512,1,Hardware: Independent Flip,Application,622693434197,NA,1.46510000000000,4.95120000000000,0.23000000000000,14.20700000000000,17.8915,NA,622693422001,1.4496,1.2196,0.2300,14.1591,1.2675,1.2675,0.0000,NA,0.0000,3.6845,NA,NA
q2rtx.exe,39492,0x177137A1C80,DXGI,0,512,1,Hardware: Independent Flip,Application,622693437080,NA,0.28830000000000,4.72140000000000,0.13480000000000,14.16700000000000,22.3246,NA,622693436497,0.1931,0.0583,0.1348,13.9770,0.2483,0.2483,0.0000,NA,0.0000,8.1576,NA,NA
q2rtx.exe,39492,0x177137A1C80,DXGI,0,512,1,Hardware: Independent Flip,Application,622693567880,14.5358,13.08000000000000,4.80640000000000,0.22200000000000,13.75710000000000,14.0510,NA,622693438428,13.1672,12.9452,0.2220,14.0322,12.6701,12.6643,0.0058,0.0568,13989.4874,0.2939,NA,NA
q2rtx.exe,39492,0x177137A1C80,DXGI,0,512,1,Hardware: Independent Flip,Application,622693577521,NA,0.96410000000000,4.46390000000000,0.26760000000000,14.21080000000000,17.5508,NA,622693570100,1.0097,0.7421,0.2676,13.5351,1.4178,1.4178,0.0000,NA,0.0000,3.3400,NA,NA
q2rtx.exe,39492,0x177137A1C80,DXGI,0,512,1,Hardware: Independent Flip,Application,622693580846,NA,0.33250000000000,4.69080000000000,0.15340000000000,14.09900000000000,21.9091,NA,622693580197,0.2183,0.0649,0.1534,13.9432,0.2207,0.2207,0.0000,NA,0.0000,7.8101,NA,NA
q2rtx.exe,39492,0x177137A1C80,DXGI,0,512,1,Hardware: Independent Flip,Application,622693707281,14.2351,12.64350000000000,5.04020000000000,0.25550000000000,14.30490000000000,14.3058,NA,622693582380,12.7456,12.4901,0.2555,13.9456,12.8494,12.8445,0.0049,0.0402,14003.7225,0.0009,NA,NA
q2rtx.exe,39492,0x177137A1C80,DXGI,0,512,1,Hardware: Independent Flip,Application,622693720850,NA,1.35690000000000,4.88090000000000,0.21180000000000,14.41660000000000,17.8298,NA,622693709836,1.3132,1.1014,0.2118,14.0494,1.4686,1.4686,0.0000,NA,0.0000,3.4132,NA,NA
q2rtx.exe,39492,0x177137A1C80,DXGI,0,512,1,Hardware: Independent Flip,Application,622693723541,NA,0.26910000000000,4.57980000000000,0.13040000000000,14.36430000000000,22.1405,NA,622693722968,0.1877,0.0573,0.1304,14.2048,0.2168,0.2168,0.0000,NA,0.0000,7.7762,NA,NA
q2rtx.exe,39492,0x177137A1C80,DXGI,0,512,1,Hardware: Independent Flip,Application,622693852142,14.5407,12.86010000000000,5.53180000000000,0.26030000000000,14.58680000000000,14.8122,NA,622693724845,12.9900,12.7297,0.2603,14.2339,13.0826,13.0774,0.0052,-0.4518,14018.2632,0.2254,NA,NA
q2rtx.exe,39492,0x177137A1C80,DXGI,0,512,1,Hardware: Independent Flip,Application,622693866612,NA,1.44700000000000,4.73040000000000,0.24180000000000,14.47860000000000,18.0956,NA,622693854745,1.4285,1.1867,0.2418,14.3265,1.3388,1.3388,0.0000,NA,0.0000,3.6170,NA,NA
q2rtx.exe,39492,0x177137A1C80,DXGI,0,512,1,Hardware: Independent Flip,Application,622693869624,NA,0.30120000000000,4.88480000000000,0.13980000000000,14.40240000000000,22.6792,NA,622693869030,0.1992,0.0594,0.1398,14.2368,0.2250,0.2250,0.0000,NA,0.0000,8.2768,NA,NA
q2rtx.exe,39492,0x177137A1C80,DXGI,0,512,1,Hardware: Independent Flip,Application,622693999517,14.2153,12.98930000000000,5.14180000000000,0.27390000000000,14.48890000000000,14.8317,NA,622693871022,13.1234,12.8495,0.2739,14.2626,13.0758,13.0725,0.0033,-0.5417,14032.4785,0.3428,NA,NA
q2rtx.exe,39492,0x177137A1C80,DXGI,0,512,1,Hardware: Independent Flip,Application,622694012531,NA,1.30140000000000,4.46390000000000,0.22450000000000,14.47150000000000,17.9942,NA,622694002256,1.2520,1.0275,0.2245,14.2150,1.2840,1.2840,0.0000,NA,0.0000,3.5227,NA,NA
q2rtx.exe,39492,0x177137A1C80,DXGI,0,512,1,Hardware: Independent Flip,Application,622694015340,NA,0.28090000000000,4.79630000000000,0.13140000000000,14.42310000000000,22.5096,NA,622694014776,0.1878,0.0564,0.1314,14.2470,0.2325,0.2325,0.0000,NA,0.0000,8.0865,NA,NA
q2rtx.exe,39492,0x177137A1C80,DXGI,0,512,1,Hardware: Independent Flip,Application,622694146470,14.4246,13.11300000000000,4.84410000000000,0.19730000000000,14.23990000000000,14.2407,NA,622694016654,13.1789,12.9816,0.1973,14.2917,12.9298,12.9249,0.0049,0.3203,14046.9031,0.0008,NA,NA
q2rtx.exe,39492,0x177137A1C80,DXGI,0,512,1,Hardware: Independent Flip,Application,622694158391,NA,1.19210000000000,4.71570000000000,0.23580000000000,14.34450000000000,17.7643,NA,622694148443,1.2306,0.9948,0.2358,14.0426,1.2967,1.2967,0.0000,NA,0.0000,3.4198,NA,NA
q2rtx.exe,39492,0x177137A1C80,DXGI,0,512,1,Hardware: Independent Flip,Application,622694161323,NA,0.29320000000000,4.68370000000000,0.13430000000000,14.29890000000000,22.1548,NA,622694160749,0.1917,0.0574,0.1343,14.1087,0.2476,0.2476,0.0000,NA,0.0000,7.8559,NA,NA
q2rtx.exe,39492,0x177137A1C80,DXGI,0,512,1,Hardware: Independent Flip,Application,622694290395,14.8003,12.90720000000000,5.13530000000000,0.23260000000000,14.35000000000000,14.3829,NA,622694162666,13.0055,12.7729,0.2326,14.1646,12.9583,12.9537,0.0046,0.2656,14061.7034,0.0329,NA,NA
q2rtx.exe,39492,0x177137A1C80,DXGI,0,512,1,Hardware: Independent Flip,Application,622694303189,NA,1.27940000000000,4.81170000000000,0.26520000000000,14.53030000000000,17.9152,NA,622694292721,1.3120,1.0468,0.2652,14.1174,1.4597,1.4597,0.0000,NA,0.0000,3.3849,NA,NA
q2rtx.exe,39492,0x177137A1C80,DXGI,0,512,1,Hardware: Independent Flip,Application,622694306430,NA,0.32410000000000,4.81980000000000,0.14020000000000,14.46450000000000,22.4109,NA,622694305841,0.1991,0.0589,0.1402,14.2651,0.2583,0.2583,0.0000,NA,0.0000,7.9464,NA,NA
q2rtx.exe,39492,0x177137A1C80,DXGI,0,512,1,Hardware: Independent Flip,Application,622694435819,14.6125,12.93890000000000,4.96830000000000,0.24080000000000,14.30830000000000,14.4403,NA,622694307832,13.0395,12.7987,0.2408,14.3243,12.7827,12.7795,0.0032,0.0127,14076.3159,0.1320,NA,NA
q2rtx.exe,39492,0x177137A1C80,DXGI,0,512,1,Hardware: Independent Flip,Application,622694449827,NA,1.40080000000000,4.70460000000000,0.32590000000000,14.34180000000000,17.7441,NA,622694438227,1.4859,1.1600,0.3259,14.0675,1.4343,1.4343,0.0000,NA,0.0000,3.4023,NA,NA
q2rtx.exe,39492,0x177137A1C80,DXGI,0,512,1,Hardware: Independent Flip,Application,622694453703,NA,0.38760000000000,4.80690000000000,0.13910000000000,14.19810000000000,22.1634,NA,622694453086,0.2008,0.0617,0.1391,14.0159,0.2439,0.2439,0.0000,NA,0.0000,7.9653,NA,NA
q2rtx.exe,39492,0x177137A1C80,DXGI,0,512,1,Hardware: Independent Flip,Application,622694581253,14.4993,12.75500000000000,5.23090000000000,0.23140000000000,14.63610000000000,14.6393,NA,622694455094,12.8473,12.6159,0.2314,14.0590,13.1930,13.1876,0.0054,-0.2431,14090.8152,0.0032,NA,NA
q2rtx.exe,39492,0x177137A1C80,DXGI,0,512,1,Hardware: Independent Flip,Application,622694594567,NA,1.33140000000000,4.92120000000000,0.23100000000000,14.64270000000000,18.2291,NA,622694583567,1.3310,1.1000,0.2310,14.4047,1.3380,1.3380,0.0000,NA,0.0000,3.5864,NA,NA
q2rtx.exe,39492,0x177137A1C80,DXGI,0,512,1,Hardware: Independent Flip,Application,622694597453,NA,0.28860000000000,4.89530000000000,0.14660000000000,14.60150000000000,22.8358,NA,622694596877,0.2042,0.0576,0.1466,14.4117,0.2474,0.2474,0.0000,NA,0.0000,8.2343,NA,NA
q2rtx.exe,39492,0x177137A1C80,DXGI,0,512,1,Hardware: Independent Flip,Application,622694729337,14.5234,13.18840000000000,4.85340000000000,0.20770000000000,14.33170000000000,14.5008,NA,622694598919,13.2495,13.0418,0.2077,14.4549,12.9186,12.9137,0.0049,-0.1465,14105.3386,0.1691,NA,NA
q2rtx.exe,39492,0x177137A1C80,DXGI,0,512,1,Hardware: Independent Flip,Application,622694742351,NA,1.30140000000000,4.67580000000000,0.24980000000000,14.34010000000000,17.8752,NA,622694731414,1.3435,1.0937,0.2498,14.1240,1.3098,1.3098,0.0000,NA,0.0000,3.5351,NA,NA
q2rtx.exe,39492,0x177137A1C80,DXGI,0,512,1,Hardware: Independent Flip,Application,622694745449,NA,0.30980000000000,4.81940000000000,0.13370000000000,14.28350000000000,22.3848,NA,622694744849,0.1937,0.0600,0.1337,14.0903,0.2532,0.2532,0.0000,NA,0.0000,8.1013,NA,NA
q2rtx.exe,39492,0x177137A1C80,DXGI,0,512,1,Hardware: Independent Flip,Application,622694874070,14.4488,12.86210000000000,4.68060000000000,0.21850000000000,14.20220000000000,14.2033,NA,622694746786,12.9469,12.7284,0.2185,14.1498,12.7808,12.7776,0.0032,0.2730,14119.7874,0.0011,NA,NA
q2rtx.exe,39492,0x177137A1C80,DXGI,0,512,1,Hardware: Independent Flip,Application,622694887038,NA,1.29680000000000,4.84710000000000,0.34590000000000,14.10150000000000,17.7536,NA,622694876255,1.4242,1.0783,0.3459,13.9837,1.1961,1.1961,0.0000,NA,0.0000,3.6521,NA,NA
q2rtx.exe,39492,0x177137A1C80,DXGI,0,512,1,Hardware: Independent Flip,Application,622694891119,NA,0.40810000000000,4.59230000000000,0.13840000000000,13.93550000000000,21.9378,NA,622694890497,0.2006,0.0622,0.1384,13.7556,0.2421,0.2421,0.0000,NA,0.0000,8.0023,NA,NA
q2rtx.exe,39492,0x177137A1C80,DXGI,0,512,1,Hardware: Independent Flip,Application,622695019198,14.9290,12.80790000000000,5.08980000000000,0.22320000000000,14.16590000000000,14.2197,NA,622694892503,12.8927,12.6695,0.2232,13.7971,13.0383,13.0322,0.0061,0.3998,14134.7164,0.0538,NA,NA
q2rtx.exe,39492,0x177137A1C80,DXGI,0,512,1,Hardware: Independent Flip,Application,622695029353,NA,1.01550000000000,4.78540000000000,0.23170000000000,14.57350000000000,17.9896,NA,622695021430,1.0240,0.7923,0.2317,13.9427,1.4231,1.4231,0.0000,NA,0.0000,3.4161,NA,NA
q2rtx.exe,39492,0x177137A1C80,DXGI,0,512,1,Hardware: Independent Flip,Application,622695032248,NA,0.28950000000000,4.86520000000000,0.13420000000000,14.61970000000000,22.5653,NA,622695031670,0.1920,0.0578,0.1342,14.3418,0.3357,0.3357,0.0000,NA,0.0000,7.9456,NA,NA
q2rtx.exe,39492,0x177137A1C80,DXGI,0,512,1,Hardware: Independent Flip,Application,622695165676,14.5507,13.34280000000000,5.12770000000000,0.20600000000000,14.13700000000000,14.3502,NA,622695033590,13.4146,13.2086,0.2060,14.4855,12.8601,12.8567,0.0034,-0.2276,14149.2671,0.2132,NA,NA
q2rtx.exe,39492,0x177137A1C80,DXGI,0,512,1,Hardware: Independent Flip,Application,622695176360,NA,1.06840000000000,4.65830000000000,0.29530000000000,14.42510000000000,17.9401,NA,622695167736,1.1577,0.8624,0.2953,13.9310,1.3565,1.3565,0.0000,NA,0.0000,3.5150,NA,NA
q2rtx.exe,39492,0x177137A1C80,DXGI,0,512,1,Hardware: Independent Flip,Application,622695179883,NA,0.35230000000000,4.84180000000000,0.13430000000000,14.32350000000000,22.4296,NA,622695179313,0.1913,0.0570,0.1343,14.1298,0.2507,0.2507,0.0000,NA,0.0000,8.1061,NA,NA
q2rtx.exe,39492,0x177137A1C80,DXGI,0,512,1,Hardware: Independent Flip,Application,622695308404,14.3130,12.85210000000000,4.85110000000000,0.21760000000000,14.37140000000000,14.4286,NA,622695181226,12.9354,12.7178,0.2176,14.1892,12.9000,12.8955,0.0045,-0.0382,14163.5801,0.0572,NA,NA
q2rtx.exe,39492,0x177137A1C80,DXGI,0,512,1,Hardware: Independent Flip,Application,622695321852,NA,1.34480000000000,4.71850000000000,0.23890000000000,14.41790000000000,17.8023,NA,622695310580,1.3661,1.1272,0.2389,14.1538,1.3913,1.3913,0.0000,NA,0.0000,3.3844,NA,NA
q2rtx.exe,39492,0x177137A1C80,DXGI,0,512,1,Hardware: Independent Flip,Application,622695324770,NA,0.29180000000000,4.74510000000000,0.12160000000000,14.36760000000000,22.2556,NA,622695324241,0.1745,0.0529,0.1216,14.1790,0.2415,0.2415,0.0000,NA,0.0000,7.8880,NA,NA
q2rtx.exe,39492,0x177137A1C80,DXGI,0,512,1,Hardware: Independent Flip,Application,622695453598,14.5072,12.88280000000000,5.10630000000000,0.19290000000000,14.47810000000000,14.4791,NA,622695325986,12.9541,12.7612,0.1929,14.2460,12.9933,12.9900,0.0033,-0.0627,14178.0873,0.0010,NA,NA
q2rtx.exe,39492,0x177137A1C80,DXGI,0,512,1,Hardware: Independent Flip,Application,622695467242,NA,1.36440000000000,4.89750000000000,0.24250000000000,14.62390000000000,18.0122,NA,622695455527,1.4140,1.1715,0.2425,14.2852,1.5102,1.5102,0.0000,NA,0.0000,3.3883,NA,NA
q2rtx.exe,39492,0x177137A1C80,DXGI,0,512,1,Hardware: Independent Flip,Application,622695470231,NA,0.29890000000000,4.80950000000000,0.13200000000000,14.57560000000000,22.5228,NA,622695469667,0.1884,0.0564,0.1320,14.3814,0.2506,0.2506,0.0000,NA,0.0000,7.9472,NA,NA
q2rtx.exe,39492,0x177137A1C80,DXGI,0,512,1,Hardware: Independent Flip,Application,622695599837,14.5519,12.96060000000000,5.26650000000000,0.20590000000000,14.67540000000000,14.8287,NA,622695471551,13.0345,12.8286,0.2059,14.4436,13.0604,13.0561,0.0043,-0.4216,14192.6392,0.1533,NA,NA
q2rtx.exe,39492,0x177137A1C80,DXGI,0,512,1,Hardware: Independent Flip,Application,622695614658,NA,1.48210000000000,4.78940000000000,0.25360000000000,14.54620000000000,18.1360,NA,622695601896,1.5298,1.2762,0.2536,14.4695,1.3529,1.3529,0.0000,NA,0.0000,3.5898,NA,NA
q2rtx.exe,39492,0x177137A1C80,DXGI,0,512,1,Hardware: Independent Flip,Application,622695617794,NA,0.31360000000000,4.93200000000000,0.15460000000000,14.45090000000000,22.7544,NA,622695617194,0.2146,0.0600,0.1546,14.2926,0.2183,0.2183,0.0000,NA,0.0000,8.3035,NA,NA
q2rtx.exe,39492,0x177137A1C80,DXGI,0,512,1,Hardware: Independent Flip,Application,622695748195,14.5602,13.04010000000000,4.81860000000000,0.70330000000000,14.39050000000000,14.5329,NA,622695619340,13.5888,12.8855,0.7033,14.2963,12.9797,12.9760,0.0037,0.0202,14207.1994,0.1424,NA,NA
q2rtx.exe,39492,0x177137A1C80,DXGI,0,512,1,Hardware: Independent Flip,Application,622695761339,NA,1.31440000000000,4.68250000000000,0.21030000000000,14.42790000000000,17.9010,NA,622695755228,0.8214,0.6111,0.2103,13.6872,1.3518,1.3518,0.0000,NA,0.0000,3.4731,NA,NA
q2rtx.exe,39492,0x177137A1C80,DXGI,0,512,1,Hardware: Independent Flip,Application,622695763985,NA,0.26460000000000,4.77370000000000,0.12450000000000,14.39840000000000,22.4101,NA,622695763442,0.1788,0.0543,0.1245,14.2176,0.2351,0.2351,0.0000,NA,0.0000,8.0117,NA,NA
q2rtx.exe,39492,0x177137A1C80,DXGI,0,512,1,Hardware: Independent Flip,Application,622695894285,14.6113,13.03000000000000,5.11080000000000,0.23340000000000,14.49000000000000,14.4909,NA,622695765230,13.1389,12.9055,0.2334,14.2739,13.1216,13.1171,0.0045,0.0443,14221.8107,0.0009,NA,NA
q2rtx.exe,39492,0x177137A1C80,DXGI,0,512,1,Hardware: Independent Flip,Application,622695907022,NA,1.27370000000000,4.93000000000000,0.21130000000000,14.53390000000000,18.1472,NA,622695896619,1.2516,1.0403,0.2113,14.2566,1.3176,1.3176,0.0000,NA,0.0000,3.6133,NA,NA
q2rtx.exe,39492,0x177137A1C80,DXGI,0,512,1,Hardware: Independent Flip,Application,622695909705,NA,0.26830000000000,4.77740000000000,0.13290000000000,14.50810000000000,22.6563,NA,622695909135,0.1899,0.0570,0.1329,14.3226,0.2425,0.2425,0.0000,NA,0.0000,8.1482,NA,NA
q2rtx.exe,39492,0x177137A1C80,DXGI,0,512,1,Hardware: Independent Flip,Application,622696040520,14.8210,13.08150000000000,5.12470000000000,0.18790000000000,14.52890000000000,14.6995,NA,622695911034,13.1365,12.9486,0.1879,14.3752,13.1023,13.0991,0.0032,-0.0111,14236.6317,0.1706,NA,NA
q2rtx.exe,39492,0x177137A1C80,DXGI,0,512,1,Hardware: Independent Flip,Application,622696053859,NA,1.33390000000000,4.73160000000000,0.20700000000000,14.51800000000000,18.0972,NA,622696042399,1.3530,1.1460,0.2070,14.3410,1.3230,1.3230,0.0000,NA,0.0000,3.5792,NA,NA
q2rtx.exe,39492,0x177137A1C80,DXGI,0,512,1,Hardware: Independent Flip,Application,622696056523,NA,0.26640000000000,4.87470000000000,0.13290000000000,14.50220000000000,22.7055,NA,622696055929,0.1923,0.0594,0.1329,14.3110,0.2506,0.2506,0.0000,NA,0.0000,8.2033,NA,NA
q2rtx.exe,39492,0x177137A1C80,DXGI,0,512,1,Hardware: Independent Flip,Application,622696187453,14.3122,13.09300000000000,4.85440000000000,0.18390000000000,14.43290000000000,14.4669,NA,622696057852,13.1440,12.9601,0.1839,14.3693,13.0237,13.0191,0.0046,-0.1485,14250.9439,0.0340,NA,NA
q2rtx.exe,39492,0x177137A1C80,DXGI,0,512,1,Hardware: Independent Flip,Application,622696200280,NA,1.28270000000000,4.78990000000000,0.24820000000000,14.52210000000000,17.9741,NA,622696189292,1.3470,1.0988,0.2482,14.2490,1.3719,1.3719,0.0000,NA,0.0000,3.4520,NA,NA
q2rtx.exe,39492,0x177137A1C80,DXGI,0,512,1,Hardware: Independent Flip,Application,622696203533,NA,0.32530000000000,4.79550000000000,0.15770000000000,14.44500000000000,22.4443,NA,622696202762,0.2348,0.0771,0.1577,14.2739,0.2482,0.2482,0.0000,NA,0.0000,7.9993,NA,NA
q2rtx.exe,39492,0x177137A1C80,DXGI,0,512,1,Hardware: Independent Flip,Application,622696333075,14.7472,12.95420000000000,4.79730000000000,0.18080000000000,14.28650000000000,14.2874,NA,622696205110,12.9773,12.7965,0.1808,14.2873,12.7957,12.7765,0.0192,0.3645,14265.6911,0.0009,NA,NA
q2rtx.exe,39492,0x177137A1C80,DXGI,0,512,1,Hardware: Independent Flip,Application,622696346787,NA,1.37120000000000,4.83550000000000,0.43590000000000,14.21170000000000,17.7517,NA,622696334883,1.6263,1.1904,0.4359,14.1057,1.2964,1.2964,0.0000,NA,0.0000,3.5400,NA,NA
q2rtx.exe,39492,0x177137A1C80,DXGI,0,512,1,Hardware: Independent Flip,Application,622696351745,NA,0.49580000000000,4.74290000000000,0.13610000000000,13.95780000000000,21.9988,NA,622696351146,0.1960,0.0599,0.1361,13.7758,0.2419,0.2419,0.0000,NA,0.0000,8.0410,NA,NA
q2rtx.exe,39492,0x177137A1C80,DXGI,0,512,1,Hardware: Independent Flip,Application,622696477920,14.6231,12.61750000000000,4.97190000000000,0.23340000000000,14.31770000000000,14.3532,NA,622696353106,12.7148,12.4814,0.2334,13.8217,12.9774,12.9722,0.0052,0.0728,14280.3142,0.0355,NA,NA
q2rtx.exe,39492,0x177137A1C80,DXGI,0,512,1,Hardware: Independent Flip,Application,622696490104,NA,1.21840000000000,4.81350000000000,0.18890000000000,14.47350000000000,17.9483,NA,622696480254,1.1739,0.9850,0.1889,14.0843,1.3742,1.3742,0.0000,NA,0.0000,3.4748,NA,NA
q2rtx.exe,39492,0x177137A1C80,DXGI,0,512,1,Hardware: Independent Flip,Application,622696492559,NA,0.24550000000000,4.82040000000000,0.12890000000000,14.47650000000000,22.5232,NA,622696491993,0.1855,0.0566,0.1289,14.2846,0.2485,0.2485,0.0000,NA,0.0000,8.0467,NA,NA
q2rtx.exe,39492,0x177137A1C80,DXGI,0,512,1,Hardware: Independent Flip,Application,622696622637,14.6716,13.00780000000000,5.10550000000000,0.22080000000000,14.53490000000000,14.6209,NA,622696493848,13.0997,12.8789,0.2208,14.3476,13.0662,13.0617,0.0045,-0.0678,14294.9858,0.0860,NA,NA
q2rtx.exe,39492,0x177137A1C80,DXGI,0,512,1,Hardware: Independent Flip,Application,622696636247,NA,1.36100000000000,4.80870000000000,0.22830000000000,14.55450000000000,18.0686,NA,622696624845,1.3685,1.1402,0.2283,14.3141,1.3806,1.3806,0.0000,NA,0.0000,3.5141,NA,NA
q2rtx.exe,39492,0x177137A1C80,DXGI,0,512,1,Hardware: Independent Flip,Application,622696639138,NA,0.28910000000000,4.86840000000000,0.14310000000000,14.51300000000000,22.6479,NA,622696638530,0.2039,0.0608,0.1431,14.3262,0.2476,0.2476,0.0000,NA,0.0000,8.1349,NA,NA
q2rtx.exe,39492,0x177137A1C80,DXGI,0,512,1,Hardware: Independent Flip,Application,622696769491,14.6713,13.03530000000000,4.93890000000000,0.21920000000000,14.48720000000000,14.5515,NA,622696640569,13.1114,12.8922,0.2192,14.3699,13.0095,13.0028,0.0067,0.0553,14309.6571,0.0643,NA,NA
q2rtx.exe,39492,0x177137A1C80,DXGI,0,512,1,Hardware: Independent Flip,Application,622696783197,NA,1.37060000000000,4.79710000000000,0.22410000000000,14.58560000000000,17.9780,NA,622696771683,1.3755,1.1514,0.2241,14.2680,1.4690,1.4690,0.0000,NA,0.0000,3.3924,NA,NA
q2rtx.exe,39492,0x177137A1C80,DXGI,0,512,1,Hardware: Independent Flip,Application,622696786020,NA,0.28230000000000,4.83380000000000,0.16070000000000,14.54250000000000,22.5295,NA,622696785438,0.2189,0.0582,0.1607,14.3615,0.2392,0.2392,0.0000,NA,0.0000,7.9870,NA,NA
q2rtx.exe,39492,0x177137A1C80,DXGI,0,512,1,Hardware: Independent Flip,Application,622696915972,14.6759,12.99520000000000,4.93310000000000,0.23610000000000,14.46630000000000,14.4674,NA,622696787627,13.0706,12.8345,0.2361,14.3818,12.9190,12.9155,0.0035,0.1119,14324.3330,0.0011,NA,NA
q2rtx.exe,39492,0x177137A1C80,DXGI,0,512,1,Hardware: Independent Flip,Application,622696930158,NA,1.41860000000000,4.87470000000000,0.25080000000000,14.51230000000000,17.9235,NA,622696918333,1.4333,1.1825,0.2508,14.2302,1.4646,1.4646,0.0000,NA,0.0000,3.4112,NA,NA
q2rtx.exe,39492,0x177137A1C80,DXGI,0,512,1,Hardware: Independent Flip,Application,622696933240,NA,0.30820000000000,4.82660000000000,0.13260000000000,14.44820000000000,22.4419,NA,622696932666,0.1900,0.0574,0.1326,14.2615,0.2441,0.2441,0.0000,NA,0.0000,7.9937,NA,NA
q2rtx.exe,39492,0x177137A1C80,DXGI,0,512,1,Hardware: Independent Flip,Application,622697062393,14.6700,12.91530000000000,5.24830000000000,0.22290000000000,14.71670000000000,14.7749,NA,622696934566,13.0056,12.7827,0.2229,14.3156,13.1838,13.1794,0.0044,-0.2796,14339.0030,0.0582,NA,NA
q2rtx.exe,39492,0x177137A1C80,DXGI,0,512,1,Hardware: Independent Flip,Application,622697076524,NA,1.41310000000000,4.91480000000000,0.23990000000000,14.61070000000000,18.2766,NA,622697064622,1.4301,1.1902,0.2399,14.4938,1.3071,1.3071,0.0000,NA,0.0000,3.6659,NA,NA
q2rtx.exe,39492,0x177137A1C80,DXGI,0,512,1,Hardware: Independent Flip,Application,622697079490,NA,0.29660000000000,4.94970000000000,0.12770000000000,14.56360000000000,22.9297,NA,622697078923,0.1844,0.0567,0.1277,14.3708,0.2495,0.2495,0.0000,NA,0.0000,8.3661,NA,NA
q2rtx.exe,39492,0x177137A1C80,DXGI,0,512,1,Hardware: Independent Flip,Application,622697211143,14.6660,13.16530000000000,5.05890000000000,0.22460000000000,14.65430000000000,14.8233,NA,622697080767,13.2622,13.0376,0.2246,14.4359,13.2560,13.2393,0.0167,-0.2574,14353.6690,0.1690,NA,NA
q2rtx.exe,39492,0x177137A1C80,DXGI,0,512,1,Hardware: Independent Flip,Application,622697223874,NA,1.27310000000000,4.73710000000000,0.24730000000000,14.66730000000000,18.2873,NA,622697213389,1.2958,1.0485,0.2473,14.4297,1.2861,1.2861,0.0000,NA,0.0000,3.6200,NA,NA
q2rtx.exe,39492,0x177137A1C80,DXGI,0,512,1,Hardware: Independent Flip,Application,622697226920,NA,0.30460000000000,4.89910000000000,0.13530000000000,14.60960000000000,22.8818,NA,622697226347,0.1926,0.0573,0.1353,14.4200,0.2469,0.2469,0.0000,NA,0.0000,8.2722,NA,NA
q2rtx.exe,39492,0x177137A1C80,DXGI,0,512,1,Hardware: Independent Flip,Application,622697359803,14.5977,13.28830000000000,4.60710000000000,0.22020000000000,14.19980000000000,14.2006,NA,622697228273,13.3732,13.1530,0.2202,14.4743,12.8785,12.8751,0.0034,0.3544,14368.2667,0.0008,NA,NA
q2rtx.exe,39492,0x177137A1C80,DXGI,0,512,1,Hardware: Independent Flip,Application,622697371934,NA,1.21310000000000,4.78680000000000,0.22620000000000,14.42640000000000,17.7743,NA,622697362005,1.2191,0.9929,0.2262,13.9796,1.4397,1.4397,0.0000,NA,0.0000,3.3479,NA,NA
q2rtx.exe,39492,0x177137A1C80,DXGI,0,512,1,Hardware: Independent Flip,Application,622697374811,NA,0.28770000000000,4.71090000000000,0.13680000000000,14.37270000000000,22.1975,NA,622697374196,0.1983,0.0615,0.1368,14.2002,0.2340,0.2340,0.0000,NA,0.0000,7.8248,NA,NA
q2rtx.exe,39492,0x177137A1C80,DXGI,0,512,1,Hardware: Independent Flip,Application,622697503629,14.9020,12.88180000000000,5.28250000000000,0.26910000000000,14.59730000000000,14.5982,NA,622697376179,13.0141,12.7450,0.2691,14.2359,13.1064,13.1007,0.0057,0.1218,14383.1687,0.0009,NA,NA
q2rtx.exe,39492,0x177137A1C80,DXGI,0,512,1,Hardware: Independent Flip,Application,622697517868,NA,1.42390000000000,5.07560000000000,0.20880000000000,14.70460000000000,18.2499,NA,622697506320,1.3636,1.1548,0.2088,14.3282,1.5312,1.5312,0.0000,NA,0.0000,3.5453,NA,NA
q2rtx.exe,39492,0x177137A1C80,DXGI,0,512,1,Hardware: Independent Flip,Application,622697520577,NA,0.27090000000000,4.77260000000000,0.14440000000000,14.67700000000000,22.7516,NA,622697519956,0.2065,0.0621,0.1444,14.4958,0.2433,0.2433,0.0000,NA,0.0000,8.0746,NA,NA
q2rtx.exe,39492,0x177137A1C80,DXGI,0,512,1,Hardware: Independent Flip,Application,622697651272,14.7722,13.06950000000000,4.85000000000000,0.22590000000000,14.27140000000000,14.5321,NA,622697522021,13.1510,12.9251,0.2259,14.5326,12.6639,12.6601,0.0038,0.0740,14397.9409,0.2607,NA,NA
q2rtx.exe,39492,0x177137A1C80,DXGI,0,512,1,Hardware: Independent Flip,Application,622697666245,NA,1.49730000000000,4.56450000000000,0.22570000000000,14.31350000000000,17.5993,NA,622697653531,1.4971,1.2714,0.2257,14.0455,1.5394,1.5394,0.0000,NA,0.0000,3.2858,NA,NA
q2rtx.exe,39492,0x177137A1C80,DXGI,0,512,1,Hardware: Independent Flip,Application,622697669105,NA,0.28600000000000,4.79950000000000,0.13750000000000,14.27530000000000,22.1128,NA,622697668502,0.1978,0.0603,0.1375,14.0878,0.2478,0.2478,0.0000,NA,0.0000,7.8375,NA,NA
q2rtx.exe,39492,0x177137A1C80,DXGI,0,512,1,Hardware: Independent Flip,Application,622697795274,14.3808,12.61690000000000,5.39600000000000,0.20610000000000,14.89090000000000,14.8919,NA,622697670480,12.6855,12.4794,0.2061,14.1378,13.2325,13.2283,0.0042,-0.3792,14412.3217,0.0010,NA,NA
q2rtx.exe,39492,0x177137A1C80,DXGI,0,512,1,Hardware: Independent Flip,Application,622697810692,NA,1.54180000000000,5.02740000000000,0.22270000000000,14.65130000000000,18.3775,NA,622697797335,1.5584,1.3357,0.2227,14.6848,1.3022,1.3022,0.0000,NA,0.0000,3.7262,NA,NA
q2rtx.exe,39492,0x177137A1C80,DXGI,0,512,1,Hardware: Independent Flip,Application,622697813492,NA,0.28000000000000,4.80940000000000,0.13460000000000,14.58660000000000,22.9069,NA,622697812919,0.1919,0.0573,0.1346,14.4286,0.2153,0.2153,0.0000,NA,0.0000,8.3203,NA,NA
q2rtx.exe,39492,0x177137A1C80,DXGI,0,512,1,Hardware: Independent Flip,Application,622697945715,14.7544,13.22230000000000,4.69010000000000,0.20160000000000,14.07290000000000,14.3747,NA,622697814838,13.2893,13.0877,0.2016,14.4520,12.7086,12.7036,0.0050,0.2275,14427.0761,0.3018,NA,NA
q2rtx.exe,39492,0x177137A1C80,DXGI,0,512,1,Hardware: Independent Flip,Application,622697958392,NA,1.26770000000000,4.45060000000000,0.20580000000000,14.10120000000000,17.5576,NA,622697947731,1.2719,1.0661,0.2058,13.8713,1.2960,1.2960,0.0000,NA,0.0000,3.4564,NA,NA
q2rtx.exe,39492,0x177137A1C80,DXGI,0,512,1,Hardware: Independent Flip,Application,622697961017,NA,0.26250000000000,4.72960000000000,0.13020000000000,14.08830000000000,22.0247,NA,622697960450,0.1869,0.0567,0.1302,13.8954,0.2496,0.2496,0.0000,NA,0.0000,7.9364,NA,NA
q2rtx.exe,39492,0x177137A1C80,DXGI,0,512,1,Hardware: Independent Flip,Application,622698087753,14.1187,12.67360000000000,4.74790000000000,0.19780000000000,14.09820000000000,14.0990,NA,622697962319,12.7412,12.5434,0.1978,13.9581,12.6835,12.6799,0.0036,0.1906,14441.1948,0.0008,NA,NA
q2rtx.exe,39492,0x177137A1C80,DXGI,0,512,1,Hardware: Independent Flip,Application,622698100526,NA,1.27730000000000,4.87000000000000,0.20170000000000,14.17960000000000,17.6917,NA,622698089731,1.2812,1.0795,0.2017,13.9004,1.3587,1.3587,0.0000,NA,0.0000,3.5121,NA,NA
q2rtx.exe,39492,0x177137A1C80,DXGI,0,512,1,Hardware: Independent Flip,Application,622698103080,NA,0.25540000000000,4.41230000000000,0.12400000000000,14.15940000000000,21.8486,NA,622698102543,0.1777,0.0537,0.1240,13.9779,0.2352,0.2352,0.0000,NA,0.0000,7.6892,NA,NA
q2rtx.exe,39492,0x177137A1C80,DXGI,0,512,1,Hardware: Independent Flip,Application,622698230611,15.0482,12.75310000000000,5.65900000000000,0.21730000000000,14.58160000000000,14.7545,NA,622698104320,12.8464,12.6291,0.2173,14.0354,13.1753,13.1700,0.0053,0.1069,14456.2430,0.1729,NA,NA
q2rtx.exe,39492,0x177137A1C80,DXGI,0,512,1,Hardware: Independent Flip,Application,622698243680,NA,1.30690000000000,4.76710000000000,0.23850000000000,14.64980000000000,18.2147,NA,622698232784,1.3281,1.0896,0.2385,14.3643,1.3751,1.3751,0.0000,NA,0.0000,3.5649,NA,NA
q2rtx.exe,39492,0x177137A1C80,DXGI,0,512,1,Hardware: Independent Flip,Application,622698246691,NA,0.30110000000000,4.90800000000000,0.12790000000000,14.59130000000000,22.8216,NA,622698246065,0.1905,0.0626,0.1279,14.4113,0.2426,0.2426,0.0000,NA,0.0000,8.2303,NA,NA
q2rtx.exe,39492,0x177137A1C80,DXGI,0,512,1,Hardware: Independent Flip,Application,622698378157,14.2661,13.14660000000000,5.49870000000000,0.22110000000000,14.64260000000000,15.1737,NA,622698247970,13.2398,13.0187,0.2211,14.4634,13.1979,13.1934,0.0045,-0.9077,14470.5091,0.5311,NA,NA
q2rtx.exe,39492,0x177137A1C80,DXGI,0,512,1,Hardware: Independent Flip,Application,622698391555,NA,1.33980000000000,4.36230000000000,0.21930000000000,14.61430000000000,18.1962,NA,622698380368,1.3380,1.1187,0.2193,14.4215,1.3115,1.3115,0.0000,NA,0.0000,3.5819,NA,NA
q2rtx.exe,39492,0x177137A1C80,DXGI,0,512,1,Hardware: Independent Flip,Application,622698394337,NA,0.27820000000000,4.86430000000000,0.13200000000000,14.57840000000000,22.7823,NA,622698393748,0.1909,0.0589,0.1320,14.3950,0.2423,0.2423,0.0000,NA,0.0000,8.2039,NA,NA
q2rtx.exe,39492,0x177137A1C80,DXGI,0,512,1,Hardware: Independent Flip,Application,622698525886,14.1317,13.15490000000000,4.89380000000000,0.20420000000000,14.47800000000000,14.5212,NA,622698395657,13.2271,13.0229,0.2042,14.4464,13.0545,13.0485,0.0060,0.0113,14484.6408,0.0432,NA,NA
q2rtx.exe,39492,0x177137A1C80,DXGI,0,512,1,Hardware: Independent Flip,Application,622698539014,NA,1.31280000000000,4.66330000000000,0.21870000000000,14.46630000000000,17.8717,NA,622698527928,1.3273,1.1086,0.2187,14.2738,1.3011,1.3011,0.0000,NA,0.0000,3.4054,NA,NA
q2rtx.exe,39492,0x177137A1C80,DXGI,0,512,1,Hardware: Independent Flip,Application,622698541758,NA,0.27440000000000,4.67480000000000,0.13150000000000,14.43460000000000,22.2721,NA,622698541201,0.1872,0.0557,0.1315,14.2476,0.2427,0.2427,0.0000,NA,0.0000,7.8375,NA,NA
q2rtx.exe,39492,0x177137A1C80,DXGI,0,512,1,Hardware: Independent Flip,Application,622698672063,14.8358,13.03050000000000,4.57070000000000,0.21180000000000,13.81130000000000,13.8123,NA,622698543073,13.1108,12.8990,0.2118,14.3031,12.4072,12.4033,0.0039,0.9270,14499.4766,0.0010,NA,NA
q2rtx.exe,39492,0x177137A1C80,DXGI,0,512,1,Hardware: Independent Flip,Application,622698684769,NA,1.27060000000000,4.66180000000000,0.23790000000000,13.79830000000000,17.2035,NA,622698674181,1.2967,1.0588,0.2379,13.5995,1.2576,1.2576,0.0000,NA,0.0000,3.4052,NA,NA
q2rtx.exe,39492,0x177137A1C80,DXGI,0,512,1,Hardware: Independent Flip,Application,622698687684,NA,0.29150000000000,4.60140000000000,0.12890000000000,13.74570000000000,21.5134,NA,622698687148,0.1825,0.0536,0.1289,13.5604,0.2389,0.2389,0.0000,NA,0.0000,7.7677,NA,NA
q2rtx.exe,39492,0x177137A1C80,DXGI,0,512,1,Hardware: Independent Flip,Application,622698811278,14.8277,12.35940000000000,5.25710000000000,0.24700000000000,14.41020000000000,14.4111,NA,622698688973,12.4775,12.2305,0.2470,13.6168,13.0239,13.0191,0.0048,0.3074,14514.3043,0.0009,NA,NA
q2rtx.exe,39492,0x177137A1C80,DXGI,0,512,1,Hardware: Independent Flip,Application,622698823897,NA,1.26190000000000,4.85970000000000,0.18980000000000,14.51040000000000,18.0089,NA,622698813748,1.2047,1.0149,0.1898,14.1632,1.3621,1.3513,0.0108,NA,0.0000,3.4985,NA,NA
q2rtx.exe,39492,0x177137A1C80,DXGI,0,512,1,Hardware: Independent Flip,Application,622698826362,NA,0.24650000000000,4.81390000000000,0.12970000000000,14.51930000000000,22.5763,NA,622698825795,0.1864,0.0567,0.1297,14.3206,0.2554,0.2554,0.0000,NA,0.0000,8.0570,NA,NA
q2rtx.exe,39492,0x177137A1C80,DXGI,0,512,1,Hardware: Independent Flip,Application,622698958068,14.5884,13.17060000000000,4.61230000000000,0.23500000000000,13.68240000000000,14.0180,NA,622698827659,13.2759,13.0409,0.2350,14.3896,12.3337,12.3305,0.0032,0.3025,14528.8927,0.3356,NA,NA
q2rtx.exe,39492,0x177137A1C80,DXGI,0,512,1,Hardware: Independent Flip,Application,622698970257,NA,1.21890000000000,4.33070000000000,0.24770000000000,13.91440000000000,17.1298,NA,622698960418,1.2316,0.9839,0.2477,13.4474,1.4509,1.4509,0.0000,NA,0.0000,3.2154,NA,NA
q2rtx.exe,39492,0x177137A1C80,DXGI,0,512,1,Hardware: Independent Flip,Application,622698973294,NA,0.30370000000000,4.63710000000000,0.13000000000000,13.85370000000000,21.4632,NA,622698972734,0.1860,0.0560,0.1300,13.6667,0.2430,0.2430,0.0000,NA,0.0000,7.6095,NA,NA
q2rtx.exe,39492,0x177137A1C80,DXGI,0,512,1,Hardware: Independent Flip,Application,622699095840,13.8669,12.25460000000000,5.62910000000000,0.24380000000000,14.83700000000000,14.8377,NA,622698974594,12.3684,12.1246,0.2438,13.7237,13.2379,13.2335,0.0044,-0.7300,14542.7596,0.0007,NA,NA
q2rtx.exe,39492,0x177137A1C80,DXGI,0,512,1,Hardware: Independent Flip,Application,622699110634,NA,1.47940000000000,5.06270000000000,0.22360000000000,14.44800000000000,18.4210,NA,622699098278,1.4592,1.2356,0.2236,14.5932,1.0904,1.0904,0.0000,NA,0.0000,3.9730,NA,NA
q2rtx.exe,39492,0x177137A1C80,DXGI,0,512,1,Hardware: Independent Flip,Application,622699113425,NA,0.27910000000000,4.66410000000000,0.13100000000000,14.40790000000000,22.8060,NA,622699112870,0.1865,0.0555,0.1310,14.2244,0.2390,0.2390,0.0000,NA,0.0000,8.3981,NA,NA
q2rtx.exe,39492,0x177137A1C80,DXGI,0,512,1,Hardware: Independent Flip,Application,622699245501,14.4889,13.20760000000000,5.16790000000000,0.17550000000000,14.26400000000000,14.7663,NA,622699114735,13.2521,13.0766,0.1755,14.2769,13.0637,13.0582,0.0055,-0.4058,14557.2485,0.5023,NA,NA
q2rtx.exe,39492,0x177137A1C80,DXGI,0,512,1,Hardware: Independent Flip,Application,622699256222,NA,1.07210000000000,4.30530000000000,0.23880000000000,14.46630000000000,17.9995,NA,622699247256,1.1354,0.8966,0.2388,14.0885,1.2744,1.2744,0.0000,NA,0.0000,3.5332,NA,NA
q2rtx.exe,39492,0x177137A1C80,DXGI,0,512,1,Hardware: Independent Flip,Application,622699259376,NA,0.31540000000000,4.78260000000000,0.15610000000000,14.39040000000000,22.4667,NA,622699258610,0.2327,0.0766,0.1561,14.2275,0.2395,0.2395,0.0000,NA,0.0000,8.0763,NA,NA
q2rtx.exe,39492,0x177137A1C80,DXGI,0,512,1,Hardware: Independent Flip,Application,622699389474,13.8864,13.00980000000000,4.71580000000000,0.18910000000000,14.17200000000000,14.1727,NA,622699260937,13.0428,12.8537,0.1891,14.2343,12.7914,12.7875,0.0039,0.0827,14571.1349,0.0007,NA,NA
q2rtx.exe,39492,0x177137A1C80,DXGI,0,512,1,Hardware: Independent Flip,Application,622699401976,NA,1.25020000000000,4.69460000000000,0.19620000000000,14.22210000000000,17.6171,NA,622699391365,1.2573,1.0611,0.1962,13.9829,1.3003,1.3003,0.0000,NA,0.0000,3.3950,NA,NA
q2rtx.exe,39492,0x177137A1C80,DXGI,0,512,1,Hardware: Independent Flip,Application,622699404476,NA,0.25000000000000,4.50660000000000,0.13040000000000,14.19950000000000,21.8737,NA,622699403938,0.1842,0.0538,0.1304,14.0259,0.2274,0.2274,0.0000,NA,0.0000,7.6742,NA,NA
q2rtx.exe,39492,0x177137A1C80,DXGI,0,512,1,Hardware: Independent Flip,Application,622699532686,14.7641,12.82100000000000,5.44430000000000,0.20290000000000,14.49610000000000,14.4970,NA,622699405780,12.8935,12.6906,0.2029,14.0691,13.1176,13.1111,0.0065,0.1186,14585.8990,0.0009,NA,NA
q2rtx.exe,39492,0x177137A1C80,DXGI,0,512,1,Hardware: Independent Flip,Application,622699545295,NA,1.26090000000000,4.93350000000000,0.23490000000000,14.51800000000000,18.1696,NA,622699534715,1.2929,1.0580,0.2349,14.2932,1.2828,1.2828,0.0000,NA,0.0000,3.6516,NA,NA
q2rtx.exe,39492,0x177137A1C80,DXGI,0,512,1,Hardware: Independent Flip,Application,622699548186,NA,0.28910000000000,4.82230000000000,0.12780000000000,14.45590000000000,22.7028,NA,622699547644,0.1820,0.0542,0.1278,14.2831,0.2270,0.2270,0.0000,NA,0.0000,8.2469,NA,NA
q2rtx.exe,39492,0x177137A1C80,DXGI,0,512,1,Hardware: Independent Flip,Application,622699679141,14.3912,13.09550000000000,5.23730000000000,0.20970000000000,14.53560000000000,14.8446,NA,622699549464,13.1774,12.9677,0.2097,14.3281,13.1752,13.1707,0.0045,-0.6019,14600.2902,0.3090,NA,NA
q2rtx.exe,39492,0x177137A1C80,DXGI,0,512,1,Hardware: Independent Flip,Application,622699693052,NA,1.39110000000000,4.60010000000000,0.17850000000000,14.47560000000000,18.0536,NA,622699681238,1.3599,1.1814,0.1785,14.3259,1.3311,1.3311,0.0000,NA,0.0000,3.5780,NA,NA
q2rtx.exe,39492,0x177137A1C80,DXGI,0,512,1,Hardware: Independent Flip,Application,622699695400,NA,0.23480000000000,4.87650000000000,0.13440000000000,14.48130000000000,22.6953,NA,622699694837,0.1907,0.0563,0.1344,14.2971,0.2405,0.2405,0.0000,NA,0.0000,8.2140,NA,NA
q2rtx.exe,39492,0x177137A1C80,DXGI,0,512,1,Hardware: Independent Flip,Application,622699825850,14.2396,13.04500000000000,4.27770000000000,0.19300000000000,13.89170000000000,13.9280,NA,622699696744,13.1036,12.9106,0.1930,14.3469,12.4554,12.4523,0.0031,0.4853,14614.5298,0.0363,NA,NA
q2rtx.exe,39492,0x177137A1C80,DXGI,0,512,1,Hardware: Independent Flip,Application,622699839267,NA,1.34170000000000,4.55210000000000,0.21600000000000,13.87310000000000,17.1384,NA,622699827780,1.3647,1.1487,0.2160,13.6987,1.3231,1.3231,0.0000,NA,0.0000,3.2653,NA,NA
q2rtx.exe,39492,0x177137A1C80,DXGI,0,512,1,Hardware: Independent Flip,Application,622699842000,NA,0.27330000000000,4.55700000000000,0.13040000000000,13.84450000000000,21.4221,NA,622699841427,0.1877,0.0573,0.1304,13.6571,0.2447,0.2447,0.0000,NA,0.0000,7.5776,NA,NA
q2rtx.exe,39492,0x177137A1C80,DXGI,0,512,1,Hardware: Independent Flip,Application,622699965926,14.6831,12.39260000000000,6.02420000000000,0.24720000000000,15.05310000000000,15.0537,NA,622699843304,12.5094,12.2622,0.2472,13.7141,13.6012,13.5972,0.0040,-0.4502,14629.2129,0.0006,NA,NA
q2rtx.exe,39492,0x177137A1C80,DXGI,0,512,1,Hardware: Independent Flip,Application,622699979207,NA,1.32810000000000,5.22750000000000,0.25960000000000,14.63970000000000,18.9531,NA,622699968398,1.3405,1.0809,0.2596,14.8059,0.9147,0.9147,0.0000,NA,0.0000,4.3134,NA,NA
q2rtx.exe,39492,0x177137A1C80,DXGI,0,512,1,Hardware: Independent Flip,Application,622699982363,NA,0.31560000000000,4.86370000000000,0.13380000000000,14.57020000000000,23.5012,NA,622699981803,0.1898,0.0560,0.1338,14.3801,0.2461,0.2461,0.0000,NA,0.0000,8.9310,NA,NA
q2rtx.exe,39492,0x177137A1C80,DXGI,0,512,1,Hardware: Independent Flip,Application,622700117723,14.7016,13.53600000000000,4.21670000000000,0.17290000000000,13.44210000000000,14.1819,NA,622699983701,13.5751,13.4022,0.1729,14.4364,12.4079,12.4049,0.0030,0.3937,14643.9145,0.7398,NA,NA
q2rtx.exe,39492,0x177137A1C80,DXGI,0,512,1,Hardware: Independent Flip,Application,622700126791,NA,0.90680000000000,3.78310000000000,0.19220000000000,14.20880000000000,17.0582,NA,622700119452,0.9261,0.7339,0.1922,13.2692,1.6735,1.6735,0.0000,NA,0.0000,2.8494,NA,NA
q2rtx.exe,39492,0x177137A1C80,DXGI,0,512,1,Hardware: Independent Flip,Application,622700129265,NA,0.24740000000000,4.50940000000000,0.17280000000000,14.18700000000000,21.3202,NA,622700128713,0.2280,0.0552,0.1728,14.0166,0.2256,0.2256,0.0000,NA,0.0000,7.1332,NA,NA
q2rtx.exe,39492,0x177137A1C80,DXGI,0,512,1,Hardware: Independent Flip,Application,622700253699,13.9863,12.44340000000000,6.40750000000000,0.26060000000000,15.28360000000000,15.2843,NA,622700130993,12.5312,12.2706,0.2606,14.0142,13.5400,13.5341,0.0059,-0.7137,14657.9008,0.0007,NA,NA
q2rtx.exe,39492,0x177137A1C80,DXGI,0,512,1,Hardware: Independent Flip,Application,622700270032,NA,1.63330000000000,5.45170000000000,0.24980000000000,14.55270000000000,19.1027,NA,622700256305,1.6225,1.3727,0.2498,15.0230,0.9024,0.9024,0.0000,NA,0.0000,4.5500,NA,NA
q2rtx.exe,39492,0x177137A1C80,DXGI,0,512,1,Hardware: Independent Flip,Application,622700273155,NA,0.31230000000000,4.34770000000000,0.14420000000000,14.48050000000000,23.1381,NA,622700272530,0.2067,0.0625,0.1442,14.3029,0.2401,0.2401,0.0000,NA,0.0000,8.6576,NA,NA
q2rtx.exe,39492,0x177137A1C80,DXGI,0,512,1,Hardware: Independent Flip,Application,622700407984,15.2231,13.48290000000000,4.37070000000000,0.18530000000000,13.29800000000000,14.0259,NA,622700274597,13.5240,13.3387,0.1853,14.3363,12.3004,12.2971,0.0033,1.0530,14673.1239,0.7279,NA,NA
q2rtx.exe,39492,0x177137A1C80,DXGI,0,512,1,Hardware: Independent Flip,Application,622700416669,NA,0.86850000000000,3.79100000000000,0.23410000000000,14.15190000000000,16.9484,NA,622700409837,0.9173,0.6832,0.2341,13.1127,1.7224,1.7224,0.0000,NA,0.0000,2.7965,NA,NA
q2rtx.exe,39492,0x177137A1C80,DXGI,0,512,1,Hardware: Independent Flip,Application,622700419542,NA,0.28730000000000,4.67570000000000,0.12810000000000,14.08390000000000,21.3368,NA,622700419010,0.1813,0.0532,0.1281,13.9178,0.2193,0.2193,0.0000,NA,0.0000,7.2529,NA,NA
q2rtx.exe,39492,0x177137A1C80,DXGI,0,512,1,Hardware: Independent Flip,Application,622700542202,13.4939,12.26600000000000,6.13880000000000,0.28730000000000,15.20880000000000,15.2096,NA,622700420823,12.4252,12.1379,0.2873,13.9558,13.3909,13.3843,0.0066,-1.1116,14686.6178,0.0008,NA,NA
q2rtx.exe,39492,0x177137A1C80,DXGI,0,512,1,Hardware: Independent Flip,Application,622700559312,NA,1.71100000000000,5.52610000000000,0.21140000000000,14.40720000000000,19.0247,NA,622700545075,1.6351,1.4237,0.2114,14.9215,0.9094,0.9094,0.0000,NA,0.0000,4.6175,NA,NA
q2rtx.exe,39492,0x177137A1C80,DXGI,0,512,1,Hardware: Independent Flip,Application,622700561969,NA,0.26570000000000,4.20600000000000,0.13040000000000,14.38840000000000,22.9650,NA,622700561426,0.1847,0.0543,0.1304,14.1958,0.2469,0.2469,0.0000,NA,0.0000,8.5766,NA,NA
q2rtx.exe,39492,0x177137A1C80,DXGI,0,512,1,Hardware: Independent Flip,Application,622700696050,15.5540,13.40810000000000,4.56370000000000,0.17970000000000,13.39310000000000,14.1206,NA,622700563273,13.4574,13.2777,0.1797,14.2580,12.4128,12.4093,0.0035,1.2582,14702.1718,0.7275,NA,NA
q2rtx.exe,39492,0x177137A1C80,DXGI,0,512,1,Hardware: Independent Flip,Application,622700704671,NA,0.86210000000000,3.80540000000000,0.23050000000000,14.08690000000000,17.0639,NA,622700697847,0.9129,0.6824,0.2305,13.2134,1.5559,1.5559,0.0000,NA,0.0000,2.9770,NA,NA
q2rtx.exe,39492,0x177137A1C80,DXGI,0,512,1,Hardware: Independent Flip,Application,622700707534,NA,0.28630000000000,4.50530000000000,0.13260000000000,14.04470000000000,21.2829,NA,622700706976,0.1884,0.0558,0.1326,13.8564,0.2441,0.2441,0.0000,NA,0.0000,7.2382,NA,NA
q2rtx.exe,39492,0x177137A1C80,DXGI,0,512,1,Hardware: Independent Flip,Application,622700831681,13.4503,12.41470000000000,6.42690000000000,0.25140000000000,15.29430000000000,15.2951,NA,622700708860,12.5335,12.2821,0.2514,13.9121,13.6643,13.6599,0.0044,-1.2873,14715.6221,0.0008,NA,NA
q2rtx.exe,39492,0x177137A1C80,DXGI,0,512,1,Hardware: Independent Flip,Application,622700846815,NA,1.51340000000000,5.26740000000000,0.23050000000000,14.71930000000000,19.0491,NA,622700834195,1.4925,1.2620,0.2305,15.0429,0.9384,0.9384,0.0000,NA,0.0000,4.3298,NA,NA
q2rtx.exe,39492,0x177137A1C80,DXGI,0,512,1,Hardware: Independent Flip,Application,622700849708,NA,0.28930000000000,4.55350000000000,0.14040000000000,14.67830000000000,23.3133,NA,622700849120,0.1992,0.0588,0.1404,14.4888,0.2483,0.2483,0.0000,NA,0.0000,8.6350,NA,NA
q2rtx.exe,39492,0x177137A1C80,DXGI,0,512,1,Hardware: Independent Flip,Application,622700986409,15.3715,13.67010000000000,4.60550000000000,0.18500000000000,13.48530000000000,14.2487,NA,622700851112,13.7147,13.5297,0.1850,14.5379,12.4771,12.4707,0.0064,0.9451,14730.9936,0.7634,NA,NA
q2rtx.exe,39492,0x177137A1C80,DXGI,0,512,1,Hardware: Independent Flip,Application,622700995238,NA,0.88290000000000,3.79300000000000,0.23250000000000,14.12070000000000,17.1588,NA,622700988259,0.9304,0.6979,0.2325,13.3003,1.5183,1.5183,0.0000,NA,0.0000,3.0381,NA,NA
q2rtx.exe,39492,0x177137A1C80,DXGI,0,512,1,Hardware: Independent Flip,Application,622700998142,NA,0.29040000000000,4.73890000000000,0.13380000000000,14.07260000000000,21.6073,NA,622700997563,0.1917,0.0579,0.1338,13.8882,0.2423,0.2423,0.0000,NA,0.0000,7.5347,NA,NA
q2rtx.exe,39492,0x177137A1C80,DXGI,0,512,1,Hardware: Independent Flip,Application,622701122565,13.5142,12.44230000000000,5.64830000000000,0.24310000000000,14.81210000000000,14.8133,NA,622700999480,12.5516,12.3085,0.2431,13.9388,13.1818,13.1774,0.0044,-0.6660,14744.5078,0.0012,NA,NA
q2rtx.exe,39492,0x177137A1C80,DXGI,0,512,1,Hardware: Independent Flip,Application,622701137786,NA,1.52210000000000,5.30070000000000,0.21400000000000,14.71320000000000,18.5919,NA,622701124996,1.4930,1.2790,0.2140,14.5690,1.4232,1.4232,0.0000,NA,0.0000,3.8787,NA,NA
q2rtx.exe,39492,0x177137A1C80,DXGI,0,512,1,Hardware: Independent Flip,Application,622701140484,NA,0.26980000000000,4.15000000000000,0.13280000000000,14.68090000000000,22.4721,NA,622701139926,0.1886,0.0558,0.1328,14.4992,0.2375,0.2375,0.0000,NA,0.0000,7.7912,NA,NA
q2rtx.exe,39492,0x177137A1C80,DXGI,0,512,1,Hardware: Independent Flip,Application,622701271980,15.5247,13.14960000000000,5.54250000000000,0.17700000000000,14.40800000000000,14.8650,NA,622701141812,13.1938,13.0168,0.1770,14.5481,12.8767,12.8729,0.0038,0.5315,14760.0325,0.4570,NA,NA
q2rtx.exe,39492,0x177137A1C80,DXGI,0,512,1,Hardware: Independent Flip,Application,622701286135,NA,1.41550000000000,4.39700000000000,0.22770000000000,14.28230000000000,17.8465,NA,622701273750,1.4662,1.2385,0.2277,14.2310,1.2898,1.2898,0.0000,NA,0.0000,3.5642,NA,NA
q2rtx.exe,39492,0x177137A1C80,DXGI,0,512,1,Hardware: Independent Flip,Application,622701288975,NA,0.28400000000000,4.83460000000000,0.13610000000000,14.25040000000000,22.3971,NA,622701288412,0.1924,0.0563,0.1361,14.0546,0.2521,0.2521,0.0000,NA,0.0000,8.1467,NA,NA
q2rtx.exe,39492,0x177137A1C80,DXGI,0,512,1,Hardware: Independent Flip,Application,622701417222,13.5872,12.82470000000000,4.97080000000000,0.18140000000000,14.42420000000000,14.5432,NA,622701290336,12.8700,12.6886,0.1814,14.1143,12.9985,12.9953,0.0032,-0.6152,14773.6197,0.1190,NA,NA
q2rtx.exe,39492,0x177137A1C80,DXGI,0,512,1,Hardware: Independent Flip,Application,622701430175,NA,1.29530000000000,4.58610000000000,0.19340000000000,14.40230000000000,17.8340,NA,622701419036,1.3073,1.1139,0.1934,14.2428,1.2734,1.2734,0.0000,NA,0.0000,3.4317,NA,NA
q2rtx.exe,39492,0x177137A1C80,DXGI,0,512,1,Hardware: Independent Flip,Application,622701432655,NA,0.24800000000000,4.67940000000000,0.13040000000000,14.39760000000000,22.2654,NA,622701432109,0.1850,0.0546,0.1304,14.2089,0.2433,0.2433,0.0000,NA,0.0000,7.8678,NA,NA
q2rtx.exe,39492,0x177137A1C80,DXGI,0,512,1,Hardware: Independent Flip,Application,622701562698,15.0366,13.00430000000000,5.29800000000000,0.28620000000000,14.55660000000000,14.5591,NA,622701433959,13.1601,12.8739,0.2862,14.2672,13.1633,13.1568,0.0065,0.4731,14788.6563,0.0025,NA,NA
q2rtx.exe,39492,0x177137A1C80,DXGI,0,512,1,Hardware: Independent Flip,Application,622701575433,NA,1.27350000000000,4.86320000000000,0.22780000000000,14.54370000000000,18.1488,NA,622701565560,1.2151,0.9873,0.2278,14.2704,1.2606,1.2606,0.0000,NA,0.0000,3.6051,NA,NA
q2rtx.exe,39492,0x177137A1C80,DXGI,0,512,1,Hardware: Independent Flip,Application,622701578267,NA,0.28340000000000,4.84040000000000,0.12870000000000,14.50470000000000,22.7058,NA,622701577711,0.1843,0.0556,0.1287,14.3159,0.2444,0.2444,0.0000,NA,0.0000,8.2011,NA,NA
q2rtx.exe,39492,0x177137A1C80,DXGI,0,512,1,Hardware: Independent Flip,Application,622701710202,14.6027,13.19350000000000,4.94340000000000,0.19230000000000,14.22330000000000,14.4557,NA,622701579554,13.2571,13.0648,0.1923,14.3760,12.9121,12.9079,0.0042,-0.0443,14803.2590,0.2324,NA,NA
q2rtx.exe,39492,0x177137A1C80,DXGI,0,512,1,Hardware: Independent Flip,Application,622701722186,NA,1.19840000000000,4.60450000000000,0.22010000000000,14.38490000000000,17.8618,NA,622701712125,1.2262,1.0061,0.2201,14.0310,1.3600,1.3600,0.0000,NA,0.0000,3.4769,NA,NA
q2rtx.exe,39492,0x177137A1C80,DXGI,0,512,1,Hardware: Independent Flip,Application,622701725018,NA,0.28320000000000,4.76810000000000,0.13700000000000,14.31520000000000,22.3467,NA,622701724387,0.2001,0.0631,0.1370,14.1648,0.2135,0.2135,0.0000,NA,0.0000,8.0315,NA,NA
q2rtx.exe,39492,0x177137A1C80,DXGI,0,512,1,Hardware: Independent Flip,Application,622701853987,14.5551,12.89690000000000,4.38170000000000,0.30160000000000,13.83070000000000,13.8315,NA,622701726388,13.0615,12.7599,0.3016,14.1782,12.4124,12.4093,0.0031,0.8008,14817.8141,0.0008,NA,NA
q2rtx.exe,39492,0x177137A1C80,DXGI,0,512,1,Hardware: Independent Flip,Application,622701867165,NA,1.31780000000000,4.67280000000000,0.20480000000000,13.79240000000000,17.1865,NA,622701857003,1.2210,1.0162,0.2048,13.5291,1.2795,1.2795,0.0000,NA,0.0000,3.3941,NA,NA
q2rtx.exe,39492,0x177137A1C80,DXGI,0,512,1,Hardware: Independent Flip,Application,622701869789,NA,0.26240000000000,4.49600000000000,0.13050000000000,13.78170000000000,21.4201,NA,622701869213,0.1881,0.0576,0.1305,13.5876,0.2517,0.2517,0.0000,NA,0.0000,7.6384,NA,NA
q2rtx.exe,39492,0x177137A1C80,DXGI,0,512,1,Hardware: Independent Flip,Application,622701995868,14.7375,12.60790000000000,5.41490000000000,0.26490000000000,14.22640000000000,14.2271,NA,622701871094,12.7423,12.4774,0.2649,13.6512,13.0526,13.0483,0.0043,0.1538,14832.5516,0.0007,NA,NA
q2rtx.exe,39492,0x177137A1C80,DXGI,0,512,1,Hardware: Independent Flip,Application,622702006193,NA,1.03250000000000,4.92910000000000,0.22580000000000,14.71580000000000,18.1237,NA,622701998517,0.9934,0.7676,0.2258,13.9615,1.5219,1.5219,0.0000,NA,0.0000,3.4079,NA,NA
q2rtx.exe,39492,0x177137A1C80,DXGI,0,512,1,Hardware: Independent Flip,Application,622702009119,NA,0.29260000000000,4.79240000000000,0.13820000000000,14.63290000000000,22.6235,NA,622702008451,0.2050,0.0668,0.1382,14.4900,0.2097,0.2097,0.0000,NA,0.0000,7.9906,NA,NA
q2rtx.exe,39492,0x177137A1C80,DXGI,0,512,1,Hardware: Independent Flip,Application,622702140490,14.5203,13.13710000000000,5.58630000000000,0.23230000000000,14.60940000000000,15.0727,NA,622702010501,13.2312,12.9989,0.2323,14.4947,13.1136,13.1056,0.0080,-0.7875,14847.0719,0.4633,NA,NA
q2rtx.exe,39492,0x177137A1C80,DXGI,0,512,1,Hardware: Independent Flip,Application,622702154386,NA,1.38960000000000,4.49670000000000,0.21190000000000,14.53370000000000,18.1798,NA,622702142813,1.3692,1.1573,0.2119,14.3771,1.3139,1.3139,0.0000,NA,0.0000,3.6461,NA,NA
q2rtx.exe,39492,0x177137A1C80,DXGI,0,512,1,Hardware: Independent Flip,Application,622702157047,NA,0.26610000000000,4.93080000000000,0.13210000000000,14.50450000000000,22.8445,NA,622702156505,0.1863,0.0542,0.1321,14.3218,0.2369,0.2369,0.0000,NA,0.0000,8.3400,NA,NA
q2rtx.exe,39492,0x177137A1C80,DXGI,0,512,1,Hardware: Independent Flip,Application,622702288110,13.8993,13.10630000000000,4.81830000000000,0.21810000000000,14.46870000000000,14.5565,NA,622702158368,13.1923,12.9742,0.2181,14.3724,13.0705,13.0670,0.0035,-0.3465,14860.9712,0.0878,NA,NA
q2rtx.exe,39492,0x177137A1C80,DXGI,0,512,1,Hardware: Independent Flip,Application,622702300944,NA,1.28340000000000,4.64750000000000,0.22350000000000,14.51040000000000,17.9206,NA,622702290291,1.2888,1.0653,0.2235,14.2506,1.3251,1.3251,0.0000,NA,0.0000,3.4102,NA,NA
q2rtx.exe,39492,0x177137A1C80,DXGI,0,512,1,Hardware: Independent Flip,Application,622702303737,NA,0.27930000000000,4.70920000000000,0.13130000000000,14.50190000000000,22.3505,NA,622702303179,0.1871,0.0558,0.1313,14.2869,0.2708,0.2708,0.0000,NA,0.0000,7.8486,NA,NA
q2rtx.exe,39492,0x177137A1C80,DXGI,0,512,1,Hardware: Independent Flip,Application,622702433977,14.6814,13.02400000000000,5.16400000000000,0.18200000000000,14.48960000000000,14.4905,NA,622702305050,13.0747,12.8927,0.1820,14.3706,13.0117,13.0070,0.0047,0.1607,14875.6526,0.0009,NA,NA
q2rtx.exe,39492,0x177137A1C80,DXGI,0,512,1,Hardware: Independent Flip,Application,622702447478,NA,1.35010000000000,4.96080000000000,0.23430000000000,14.47620000000000,18.1012,NA,622702435797,1.4024,1.1681,0.2343,14.3076,1.3367,1.3367,0.0000,NA,0.0000,3.6250,NA,NA
q2rtx.exe,39492,0x177137A1C80,DXGI,0,512,1,Hardware: Independent Flip,Application,622702450346,NA,0.28680000000000,4.71730000000000,0.12530000000000,14.43390000000000,22.5317,NA,622702449821,0.1778,0.0525,0.1253,14.2419,0.2445,0.2445,0.0000,NA,0.0000,8.0978,NA,NA
q2rtx.exe,39492,0x177137A1C80,DXGI,0,512,1,Hardware: Independent Flip,Application,622702580255,14.8207,12.99090000000000,5.38970000000000,0.18530000000000,14.69820000000000,14.9305,NA,622702451599,13.0509,12.8656,0.1853,14.3086,13.2552,13.2509,0.0043,-0.2471,14890.4733,0.2323,NA,NA
q2rtx.exe,39492,0x177137A1C80,DXGI,0,512,1,Hardware: Independent Flip,Application,622702593374,NA,1.31190000000000,4.74830000000000,0.19530000000000,14.73220000000000,18.3669,NA,622702582108,1.3219,1.1266,0.1953,14.5129,1.3459,1.3459,0.0000,NA,0.0000,3.6347,NA,NA
q2rtx.exe,39492,0x177137A1C80,DXGI,0,512,1,Hardware: Independent Flip,Application,622702595854,NA,0.24800000000000,4.90920000000000,0.12490000000000,14.70350000000000,23.0281,NA,622702595327,0.1776,0.0527,0.1249,14.5369,0.2193,0.2193,0.0000,NA,0.0000,8.3246,NA,NA
q2rtx.exe,39492,0x177137A1C80,DXGI,0,512,1,Hardware: Independent Flip,Application,622702728866,14.5801,13.30120000000000,4.94550000000000,0.20860000000000,14.45880000000000,14.6724,NA,622702597103,13.3849,13.1763,0.2086,14.5786,13.0565,13.0532,0.0033,-0.0229,14905.0534,0.2136,NA,NA
q2rtx.exe,39492,0x177137A1C80,DXGI,0,512,1,Hardware: Independent Flip,Application,622702741781,NA,1.29150000000000,4.58600000000000,0.21710000000000,14.43830000000000,17.9669,NA,622702730952,1.3000,1.0829,0.2171,14.2502,1.2710,1.2710,0.0000,NA,0.0000,3.5286,NA,NA
q2rtx.exe,39492,0x177137A1C80,DXGI,0,512,1,Hardware: Independent Flip,Application,622702744479,NA,0.26980000000000,4.77960000000000,0.12730000000000,14.41240000000000,22.4767,NA,622702743952,0.1800,0.0527,0.1273,14.2212,0.2439,0.2439,0.0000,NA,0.0000,8.0643,NA,NA
q2rtx.exe,39492,0x177137A1C80,DXGI,0,512,1,Hardware: Independent Flip,Application,622702874982,14.6872,13.05030000000000,5.06860000000000,0.21020000000000,14.49430000000000,14.4950,NA,622702745752,13.1332,12.9230,0.2102,14.2851,13.1322,13.1281,0.0041,0.2530,14919.7406,0.0007,NA,NA
q2rtx.exe,39492,0x177137A1C80,DXGI,0,512,1,Hardware: Independent Flip,Application,622702887411,NA,1.24290000000000,4.85960000000000,0.24980000000000,14.55880000000000,18.1117,NA,622702877084,1.2825,1.0327,0.2498,14.2841,1.3074,1.3074,0.0000,NA,0.0000,3.5529,NA,NA
q2rtx.exe,39492,0x177137A1C80,DXGI,0,512,1,Hardware: Independent Flip,Application,622702890523,NA,0.31120000000000,4.76430000000000,0.14750000000000,14.49360000000000,22.5648,NA,622702889909,0.2089,0.0614,0.1475,14.3090,0.2460,0.2460,0.0000,NA,0.0000,8.0712,NA,NA
q2rtx.exe,39492,0x177137A1C80,DXGI,0,512,1,Hardware: Independent Flip,Application,622703021320,14.8842,13.07970000000000,5.19650000000000,0.19000000000000,14.53100000000000,14.6816,NA,622702891998,13.1222,12.9322,0.1900,14.3461,13.1171,13.1132,0.0039,0.0638,14934.6248,0.1506,NA,NA
q2rtx.exe,39492,0x177137A1C80,DXGI,0,512,1,Hardware: Independent Flip,Application,622703034113,NA,1.27930000000000,4.75080000000000,0.20030000000000,14.53230000000000,18.1531,NA,622703023220,1.2896,1.0893,0.2003,14.3410,1.2806,1.2806,0.0000,NA,0.0000,3.6208,NA,NA
q2rtx.exe,39492,0x177137A1C80,DXGI,0,512,1,Hardware: Independent Flip,Application,622703036673,NA,0.25600000000000,4.87730000000000,0.12600000000000,14.52170000000000,22.7744,NA,622703036116,0.1817,0.0557,0.1260,14.3320,0.2454,0.2454,0.0000,NA,0.0000,8.2527,NA,NA
q2rtx.exe,39492,0x177137A1C80,DXGI,0,512,1,Hardware: Independent Flip,Application,622703167839,14.7575,13.11660000000000,4.62850000000000,0.20080000000000,14.20990000000000,14.2863,NA,622703037933,13.1914,12.9906,0.2008,14.3957,12.8048,12.8017,0.0031,0.5009,14949.3823,0.0764,NA,NA
q2rtx.exe,39492,0x177137A1C80,DXGI,0,512,1,Hardware: Independent Flip,Application,622703180686,NA,1.28470000000000,4.66260000000000,0.23460000000000,14.28310000000000,17.6642,NA,622703169847,1.3185,1.0839,0.2346,14.0091,1.3579,1.3579,0.0000,NA,0.0000,3.3811,NA,NA
q2rtx.exe,39492,0x177137A1C80,DXGI,0,512,1,Hardware: Independent Flip,Application,622703183589,NA,0.29030000000000,4.71160000000000,0.13660000000000,14.23190000000000,22.0855,NA,622703183032,0.1923,0.0557,0.1366,14.0485,0.2391,0.2391,0.0000,NA,0.0000,7.8536,NA,NA
q2rtx.exe,39492,0x177137A1C80,DXGI,0,512,1,Hardware: Independent Flip,Application,622703311191,14.7529,12.76020000000000,5.38940000000000,0.18180000000000,14.71360000000000,14.7147,NA,622703184955,12.8054,12.6236,0.1818,14.0953,13.2419,13.2359,0.0060,-0.0107,14964.1352,0.0011,NA,NA
q2rtx.exe,39492,0x177137A1C80,DXGI,0,512,1,Hardware: Independent Flip,Application,622703324649,NA,1.34580000000000,5.08440000000000,0.19080000000000,14.76520000000000,18.4533,NA,622703313009,1.3548,1.1640,0.1908,14.5318,1.3974,1.3974,0.0000,NA,0.0000,3.6881,NA,NA
q2rtx.exe,39492,0x177137A1C80,DXGI,0,512,1,Hardware: Independent Flip,Application,622703327100,NA,0.24510000000000,4.74070000000000,0.12790000000000,14.75370000000000,22.9489,NA,622703326557,0.1822,0.0543,0.1279,14.5744,0.2336,0.2336,0.0000,NA,0.0000,8.1952,NA,NA
q2rtx.exe,39492,0x177137A1C80,DXGI,0,512,1,Hardware: Independent Flip,Application,622703459930,14.7455,13.28300000000000,4.54870000000000,0.22920000000000,13.88520000000000,14.2146,NA,622703328379,13.3843,13.1551,0.2292,14.6258,12.4145,12.4105,0.0040,0.3717,14978.8807,0.3294,NA,NA
q2rtx.exe,39492,0x177137A1C80,DXGI,0,512,1,Hardware: Independent Flip,Application,622703473950,NA,1.40200000000000,4.36500000000000,0.38940000000000,13.74730000000000,17.1776,NA,622703462222,1.5622,1.1728,0.3894,13.6560,1.2641,1.2641,0.0000,NA,0.0000,3.4303,NA,NA
q2rtx.exe,39492,0x177137A1C80,DXGI,0,512,1,Hardware: Independent Flip,Application,622703478457,NA,0.45070000000000,4.67000000000000,0.13540000000000,13.53590000000000,21.3969,NA,622703477844,0.1967,0.0613,0.1354,13.3579,0.2393,0.2393,0.0000,NA,0.0000,7.8610,NA,NA
q2rtx.exe,39492,0x177137A1C80,DXGI,0,512,1,Hardware: Independent Flip,Application,622703601338,14.3372,12.28810000000000,5.38550000000000,0.26980000000000,14.49330000000000,14.4943,NA,622703479811,12.4225,12.1527,0.2698,13.4005,13.2455,13.2376,0.0079,-0.0833,14993.2179,0.0010,NA,NA
q2rtx.exe,39492,0x177137A1C80,DXGI,0,512,1,Hardware: Independent Flip,Application,622703612730,NA,1.13920000000000,5.08060000000000,0.21710000000000,14.69180000000000,18.4357,NA,622703604036,1.0865,0.8694,0.2171,14.2235,1.3377,1.3377,0.0000,NA,0.0000,3.7439,NA,NA
q2rtx.exe,39492,0x177137A1C80,DXGI,0,512,1,Hardware: Independent Flip,Application,622703615464,NA,0.27340000000000,4.52970000000000,0.13180000000000,14.64940000000000,22.6920,NA,622703614901,0.1881,0.0563,0.1318,14.4747,0.2310,0.2310,0.0000,NA,0.0000,8.0426,NA,NA
q2rtx.exe,39492,0x177137A1C80,DXGI,0,512,1,Hardware: Independent Flip,Application,622703747460,14.7373,13.19960000000000,5.59430000000000,0.19270000000000,14.65710000000000,15.0867,NA,622703616782,13.2605,13.0678,0.1927,14.5176,13.2073,13.2020,0.0053,-0.4673,15007.9552,0.4296,NA,NA
q2rtx.exe,39492,0x177137A1C80,DXGI,0,512,1,Hardware: Independent Flip,Application,622703760829,NA,1.33690000000000,4.49500000000000,0.21910000000000,14.68090000000000,18.2448,NA,622703749387,1.3633,1.1442,0.2191,14.4644,1.3607,1.3508,0.0099,NA,0.0000,3.5639,NA,NA
q2rtx.exe,39492,0x177137A1C80,DXGI,0,512,1,Hardware: Independent Flip,Application,622703763585,NA,0.27560000000000,4.98640000000000,0.15510000000000,14.72010000000000,22.9556,NA,622703763020,0.2116,0.0565,0.1551,14.4618,0.3148,0.3148,0.0000,NA,0.0000,8.2355,NA,NA
q2rtx.exe,39492,0x177137A1C80,DXGI,0,512,1,Hardware: Independent Flip,Application,622703895552,13.8921,13.19670000000000,4.39480000000000,0.21230000000000,13.84800000000000,14.1537,NA,622703765136,13.2539,13.0416,0.2123,14.5650,12.3246,12.3214,0.0032,0.0159,15021.8473,0.3057,NA,NA
q2rtx.exe,39492,0x177137A1C80,DXGI,0,512,1,Hardware: Independent Flip,Application,622703908671,NA,1.31190000000000,4.23230000000000,0.29310000000000,13.99510000000000,17.0741,NA,622703897675,1.3927,1.0996,0.2931,13.6357,1.4590,1.4590,0.0000,NA,0.0000,3.0790,NA,NA
q2rtx.exe,39492,0x177137A1C80,DXGI,0,512,1,Hardware: Independent Flip,Application,622703912132,NA,0.34610000000000,4.50610000000000,0.12150000000000,13.89600000000000,21.2341,NA,622703911602,0.1745,0.0530,0.1215,13.7020,0.2470,0.2470,0.0000,NA,0.0000,7.3381,NA,NA
q2rtx.exe,39492,0x177137A1C80,DXGI,0,512,1,Hardware: Independent Flip,Application,622704035063,14.7633,12.29310000000000,6.13000000000000,0.23930000000000,15.07020000000000,15.0710,NA,622703913347,12.4109,12.1716,0.2393,13.7745,13.4673,13.4623,0.0050,-0.1051,15036.6106,0.0008,NA,NA
q2rtx.exe,39492,0x177137A1C80,DXGI,0,512,1,Hardware: Independent Flip,Application,622704049871,NA,1.48080000000000,5.15010000000000,0.22320000000000,14.52570000000000,18.7403,NA,622704037456,1.4647,1.2415,0.2232,14.8309,0.9363,0.9363,0.0000,NA,0.0000,4.2146,NA,NA
q2rtx.exe,39492,0x177137A1C80,DXGI,0,512,1,Hardware: Independent Flip,Application,622704052646,NA,0.27750000000000,4.75380000000000,0.12900000000000,14.50720000000000,23.2166,NA,622704052103,0.1833,0.0543,0.1290,14.3025,0.2590,0.2590,0.0000,NA,0.0000,8.7094,NA,NA
q2rtx.exe,39492,0x177137A1C80,DXGI,0,512,1,Hardware: Independent Flip,Application,622704187877,14.7388,13.52310000000000,4.53750000000000,0.33160000000000,13.46460000000000,14.2310,NA,622704053936,13.7257,13.3941,0.3316,14.3782,12.4805,12.4776,0.0029,0.2974,15051.3494,0.7664,NA,NA
q2rtx.exe,39492,0x177137A1C80,DXGI,0,512,1,Hardware: Independent Flip,Application,622704196467,NA,0.85900000000000,3.81160000000000,0.21500000000000,14.07140000000000,17.1836,NA,622704191193,0.7424,0.5274,0.2150,13.1330,1.4658,1.4658,0.0000,NA,0.0000,3.1122,NA,NA
q2rtx.exe,39492,0x177137A1C80,DXGI,0,512,1,Hardware: Independent Flip,Application,622704199251,NA,0.27840000000000,4.58540000000000,0.13580000000000,13.98780000000000,21.4906,NA,622704198617,0.1992,0.0634,0.1358,13.8564,0.1948,0.1948,0.0000,NA,0.0000,7.5028,NA,NA
q2rtx.exe,39492,0x177137A1C80,DXGI,0,512,1,Hardware: Independent Flip,Application,622704323812,13.9080,12.45610000000000,5.97530000000000,0.19830000000000,15.00880000000000,15.0098,NA,622704200609,12.5186,12.3203,0.1983,13.8520,13.4771,13.4718,0.0053,-0.4643,15065.2574,0.0010,NA,NA
q2rtx.exe,39492,0x177137A1C80,DXGI,0,512,1,Hardware: Independent Flip,Application,622704338284,NA,1.44720000000000,5.24070000000000,0.18800000000000,14.53060000000000,18.8033,NA,622704325795,1.4369,1.2489,0.1880,14.8105,0.9690,0.9690,0.0000,NA,0.0000,4.2727,NA,NA
q2rtx.exe,39492,0x177137A1C80,DXGI,0,512,1,Hardware: Independent Flip,Application,622704340762,NA,0.24780000000000,4.32670000000000,0.10990000000000,14.49330000000000,22.8822,NA,622704340164,0.1697,0.0598,0.1099,14.3426,0.2105,0.2105,0.0000,NA,0.0000,8.3889,NA,NA
q2rtx.exe,39492,0x177137A1C80,DXGI,0,512,1,Hardware: Independent Flip,Application,622704475309,15.1765,13.45470000000000,4.69610000000000,0.16760000000000,13.42590000000000,14.1236,NA,622704341861,13.5124,13.3448,0.1676,14.3834,12.3873,12.3836,0.0037,0.9130,15080.4339,0.6977,NA,NA
q2rtx.exe,39492,0x177137A1C80,DXGI,0,512,1,Hardware: Independent Flip,Application,622704484530,NA,0.92210000000000,3.83830000000000,0.21300000000000,14.18470000000000,17.0398,NA,622704476985,0.9675,0.7545,0.2130,13.2583,1.6809,1.6809,0.0000,NA,0.0000,2.8551,NA,NA
q2rtx.exe,39492,0x177137A1C80,DXGI,0,512,1,Hardware: Independent Flip,Application,622704487186,NA,0.26560000000000,4.50730000000000,0.11230000000000,14.12480000000000,21.2815,NA,622704486660,0.1649,0.0526,0.1123,13.9717,0.2057,0.2057,0.0000,NA,0.0000,7.1567,NA,NA
q2rtx.exe,39492,0x177137A1C80,DXGI,0,512,1,Hardware: Independent Flip,Application,622704610835,13.5914,12.36490000000000,6.35830000000000,0.31260000000000,15.27400000000000,15.2749,NA,622704488309,12.5652,12.2526,0.3126,14.0125,13.5141,13.5094,0.0047,-1.1125,15094.0253,0.0009,NA,NA
q2rtx.exe,39492,0x177137A1C80,DXGI,0,512,1,Hardware: Independent Flip,Application,622704627487,NA,1.66520000000000,5.16170000000000,0.19420000000000,14.54610000000000,18.7714,NA,622704613961,1.5468,1.3526,0.1942,14.9614,0.9373,0.9373,0.0000,NA,0.0000,4.2253,NA,NA
q2rtx.exe,39492,0x177137A1C80,DXGI,0,512,1,Hardware: Independent Flip,Application,622704629990,NA,0.25030000000000,4.63730000000000,0.10660000000000,14.44940000000000,23.1584,NA,622704629429,0.1627,0.0561,0.1066,14.3519,0.1536,0.1536,0.0000,NA,0.0000,8.7090,NA,NA
q2rtx.exe,39492,0x177137A1C80,DXGI,0,512,1,Hardware: Independent Flip,Application,622704764943,15.1688,13.49530000000000,4.42590000000000,0.16450000000000,13.35350000000000,14.0890,NA,622704631056,13.5532,13.3887,0.1645,14.3428,12.3994,12.3962,0.0032,0.9439,15109.1941,0.7355,NA,NA
q2rtx.exe,39492,0x177137A1C80,DXGI,0,512,1,Hardware: Independent Flip,Application,622704774904,NA,0.99610000000000,3.77240000000000,0.17020000000000,13.66050000000000,16.8653,NA,622704766588,1.0018,0.8316,0.1702,13.1890,1.3031,1.3031,0.0000,NA,0.0000,3.2048,NA,NA
q2rtx.exe,39492,0x177137A1C80,DXGI,0,512,1,Hardware: Independent Flip,Application,622704777194,NA,0.22900000000000,4.67850000000000,0.13640000000000,13.64190000000000,21.3148,NA,622704776606,0.1952,0.0588,0.1364,13.4903,0.2104,0.2104,0.0000,NA,0.0000,7.6729,NA,NA
q2rtx.exe,39492,0x177137A1C80,DXGI,0,512,1,Hardware: Independent Flip,Application,622704899619,13.5458,12.24250000000000,5.61000000000000,0.17080000000000,14.68150000000000,14.6823,NA,622704778558,12.2769,12.1061,0.1708,13.5055,13.2821,13.2760,0.0061,-0.5151,15122.7399,0.0008,NA,NA
q2rtx.exe,39492,0x177137A1C80,DXGI,0,512,1,Hardware: Independent Flip,Application,622704912642,NA,1.30230000000000,5.29600000000000,0.19620000000000,14.65230000000000,18.6760,NA,622704901327,1.3277,1.1315,0.1962,14.5107,1.2731,1.2731,0.0000,NA,0.0000,4.0237,NA,NA
q2rtx.exe,39492,0x177137A1C80,DXGI,0,512,1,Hardware: Independent Flip,Application,622704915153,NA,0.25110000000000,4.07120000000000,0.10530000000000,14.60840000000000,22.4961,NA,622704914604,0.1602,0.0549,0.1053,14.4561,0.2072,0.2072,0.0000,NA,0.0000,7.8877,NA,NA
q2rtx.exe,39492,0x177137A1C80,DXGI,0,512,1,Hardware: Independent Flip,Application,622705051530,15.4971,13.63770000000000,5.57750000000000,0.17900000000000,13.96270000000000,14.4359,NA,622704916206,13.7114,13.5324,0.1790,14.5031,12.9920,12.9876,0.0044,0.5524,15138.2370,0.4732,NA,NA
q2rtx.exe,39492,0x177137A1C80,DXGI,0,512,1,Hardware: Independent Flip,Application,622705060346,NA,0.88160000000000,4.36250000000000,0.21250000000000,14.38590000000000,17.9168,NA,622705053320,0.9151,0.7026,0.2125,13.7837,1.3048,1.3048,0.0000,NA,0.0000,3.5309,NA,NA
q2rtx.exe,39492,0x177137A1C80,DXGI,0,512,1,Hardware: Independent Flip,Application,622705063037,NA,0.26910000000000,4.81020000000000,0.10950000000000,14.32890000000000,22.4579,NA,622705062471,0.1661,0.0566,0.1095,14.1734,0.2121,0.2121,0.0000,NA,0.0000,8.1290,NA,NA
q2rtx.exe,39492,0x177137A1C80,DXGI,0,512,1,Hardware: Independent Flip,Application,622705192428,13.4332,12.93910000000000,5.25580000000000,0.15980000000000,14.63690000000000,14.7746,NA,622705064132,12.9894,12.8296,0.1598,14.2194,13.2471,13.2427,0.0044,-0.9953,15151.6702,0.1377,NA,NA
q2rtx.exe,39492,0x177137A1C80,DXGI,0,512,1,Hardware: Independent Flip,Application,622705205339,NA,1.29110000000000,4.63510000000000,0.22600000000000,14.65140000000000,18.1186,NA,622705194026,1.3573,1.1313,0.2260,14.4771,1.3056,1.2981,0.0075,NA,0.0000,3.4672,NA,NA
q2rtx.exe,39492,0x177137A1C80,DXGI,0,512,1,Hardware: Independent Flip,Application,622705208170,NA,0.28310000000000,4.75400000000000,0.12850000000000,14.61720000000000,22.5895,NA,622705207599,0.1856,0.0571,0.1285,14.4254,0.2489,0.2489,0.0000,NA,0.0000,7.9723,NA,NA
q2rtx.exe,39492,0x177137A1C80,DXGI,0,512,1,Hardware: Independent Flip,Application,622705340204,14.8019,13.20340000000000,4.54890000000000,0.17890000000000,13.78760000000000,13.9350,NA,622705209455,13.2538,13.0749,0.1789,14.4887,12.3738,12.3706,0.0032,0.8639,15166.4721,0.1474,NA,NA
q2rtx.exe,39492,0x177137A1C80,DXGI,0,512,1,Hardware: Independent Flip,Application,622705353015,NA,1.28110000000000,4.45870000000000,0.24350000000000,13.88460000000000,17.1126,NA,622705341993,1.3457,1.1022,0.2435,13.6087,1.3781,1.3781,0.0000,NA,0.0000,3.2280,NA,NA
q2rtx.exe,39492,0x177137A1C80,DXGI,0,512,1,Hardware: Independent Flip,Application,622705356029,NA,0.30140000000000,4.58230000000000,0.11450000000000,13.79440000000000,21.3935,NA,622705355450,0.1724,0.0579,0.1145,13.6411,0.2112,0.2112,0.0000,NA,0.0000,7.5991,NA,NA
q2rtx.exe,39492,0x177137A1C80,DXGI,0,512,1,Hardware: Independent Flip,Application,622705479176,14.5542,12.31470000000000,6.14240000000000,0.19660000000000,15.22060000000000,15.2212,NA,622705357174,12.3968,12.2002,0.1966,13.6799,13.7409,13.7365,0.0044,-0.6292,15181.0263,0.0006,NA,NA
q2rtx.exe,39492,0x177137A1C80,DXGI,0,512,1,Hardware: Independent Flip,Application,622705493339,NA,1.41630000000000,5.16980000000000,0.21560000000000,14.70770000000000,18.9747,NA,622705481142,1.4353,1.2197,0.2156,15.0240,0.9034,0.9034,0.0000,NA,0.0000,4.2670,NA,NA
q2rtx.exe,39492,0x177137A1C80,DXGI,0,512,1,Hardware: Independent Flip,Application,622705496113,NA,0.27740000000000,4.95030000000000,0.15340000000000,14.64600000000000,23.6476,NA,622705495495,0.2152,0.0618,0.1534,14.4921,0.2157,0.2157,0.0000,NA,0.0000,9.0016,NA,NA
q2rtx.exe,39492,0x177137A1C80,DXGI,0,512,1,Hardware: Independent Flip,Application,622705632740,14.8291,13.66270000000000,4.24260000000000,0.16970000000000,13.47300000000000,14.2275,NA,622705497647,13.6790,13.5093,0.1697,14.4926,12.4897,12.4864,0.0033,0.4664,15195.8554,0.7545,NA,NA
q2rtx.exe,39492,0x177137A1C80,DXGI,0,512,1,Hardware: Independent Flip,Application,622705641315,NA,0.85750000000000,3.78600000000000,0.17510000000000,13.98050000000000,17.1560,NA,622705634437,0.8629,0.6878,0.1751,13.3033,1.3650,1.3650,0.0000,NA,0.0000,3.1755,NA,NA
q2rtx.exe,39492,0x177137A1C80,DXGI,0,512,1,Hardware: Independent Flip,Application,622705643574,NA,0.22590000000000,4.55590000000000,0.10860000000000,13.95840000000000,21.4860,NA,622705643066,0.1594,0.0508,0.1086,13.8054,0.2038,0.2038,0.0000,NA,0.0000,7.5276,NA,NA
q2rtx.exe,39492,0x177137A1C80,DXGI,0,512,1,Hardware: Independent Flip,Application,622705768795,13.8253,12.52210000000000,6.11690000000000,0.21210000000000,15.08010000000000,15.0808,NA,622705644660,12.6256,12.4135,0.2121,13.8498,13.6438,13.6392,0.0046,-0.6335,15209.6807,0.0007,NA,NA
q2rtx.exe,39492,0x177137A1C80,DXGI,0,512,1,Hardware: Independent Flip,Application,622705782191,NA,1.33960000000000,5.39390000000000,0.22060000000000,14.66410000000000,19.1351,NA,622705770916,1.3481,1.1275,0.2206,14.8680,0.9236,0.9236,0.0000,NA,0.0000,4.4710,NA,NA
q2rtx.exe,39492,0x177137A1C80,DXGI,0,512,1,Hardware: Independent Flip,Application,622705784956,NA,0.27650000000000,4.24470000000000,0.10900000000000,14.60150000000000,23.1033,NA,622705784397,0.1649,0.0559,0.1090,14.4435,0.2139,0.2139,0.0000,NA,0.0000,8.5018,NA,NA
q2rtx.exe,39492,0x177137A1C80,DXGI,0,512,1,Hardware: Independent Flip,Application,622705921496,15.4168,13.65400000000000,4.61140000000000,0.18960000000000,13.32190000000000,14.0607,NA,622705786046,13.7346,13.5450,0.1896,14.4925,12.3744,12.3712,0.0032,1.1668,15225.0975,0.7388,NA,NA
q2rtx.exe,39492,0x177137A1C80,DXGI,0,512,1,Hardware: Independent Flip,Application,622705929872,NA,0.83760000000000,3.77790000000000,0.22860000000000,14.15270000000000,17.0010,NA,622705923392,0.8766,0.6480,0.2286,13.1323,1.6684,1.6684,0.0000,NA,0.0000,2.8483,NA,NA
q2rtx.exe,39492,0x177137A1C80,DXGI,0,512,1,Hardware: Independent Flip,Application,622705932698,NA,0.28260000000000,4.53690000000000,0.10640000000000,14.07640000000000,21.2553,NA,622705932158,0.1604,0.0540,0.1064,13.9241,0.2063,0.2063,0.0000,NA,0.0000,7.1789,NA,NA
q2rtx.exe,39492,0x177137A1C80,DXGI,0,512,1,Hardware: Independent Flip,Application,622706055997,13.5437,12.32990000000000,6.37900000000000,0.27710000000000,15.30340000000000,15.3044,NA,622705933762,12.5006,12.2235,0.2771,13.9700,13.5569,13.5526,0.0043,-1.1501,15238.6412,0.0010,NA,NA
q2rtx.exe,39492,0x177137A1C80,DXGI,0,512,1,Hardware: Independent Flip,Application,622706072547,NA,1.65500000000000,5.27010000000000,0.20860000000000,14.61660000000000,18.9195,NA,622706058768,1.5865,1.3779,0.2086,15.0263,0.9682,0.9682,0.0000,NA,0.0000,4.3029,NA,NA
q2rtx.exe,39492,0x177137A1C80,DXGI,0,512,1,Hardware: Independent Flip,Application,622706075214,NA,0.26670000000000,4.51730000000000,0.11410000000000,14.56130000000000,23.1701,NA,622706074633,0.1722,0.0581,0.1141,14.4080,0.2114,0.2114,0.0000,NA,0.0000,8.6088,NA,NA
q2rtx.exe,39492,0x177137A1C80,DXGI,0,512,1,Hardware: Independent Flip,Application,622706210948,15.2984,13.57340000000000,4.44310000000000,0.17670000000000,13.30360000000000,14.0398,NA,622706076355,13.6360,13.4593,0.1767,14.4472,12.3157,12.3114,0.0043,1.0679,15253.9396,0.7362,NA,NA
q2rtx.exe,39492,0x177137A1C80,DXGI,0,512,1,Hardware: Independent Flip,Application,622706219811,NA,0.88630000000000,3.77090000000000,0.22300000000000,13.81840000000000,16.9244,NA,622706212715,0.9326,0.7096,0.2230,13.1269,1.4011,1.4011,0.0000,NA,0.0000,3.1060,NA,NA
q2rtx.exe,39492,0x177137A1C80,DXGI,0,512,1,Hardware: Independent Flip,Application,622706222628,NA,0.28170000000000,4.67720000000000,0.11720000000000,13.74000000000000,21.3199,NA,622706222041,0.1759,0.0587,0.1172,13.5954,0.2033,0.2033,0.0000,NA,0.0000,7.5799,NA,NA
q2rtx.exe,39492,0x177137A1C80,DXGI,0,512,1,Hardware: Independent Flip,Application,622706345360,13.4441,12.27320000000000,5.96960000000000,0.18580000000000,15.01560000000000,15.0163,NA,622706223800,12.3418,12.1560,0.1858,13.6228,13.5488,13.5441,0.0047,-0.9736,15267.3837,0.0007,NA,NA
q2rtx.exe,39492,0x177137A1C80,DXGI,0,512,1,Hardware: Independent Flip,Application,622706359128,NA,1.37680000000000,5.40930000000000,0.21630000000000,14.53230000000000,19.0488,NA,622706347218,1.4073,1.1910,0.2163,14.8298,0.8935,0.8935,0.0000,NA,0.0000,4.5165,NA,NA
q2rtx.exe,39492,0x177137A1C80,DXGI,0,512,1,Hardware: Independent Flip,Application,622706361867,NA,0.27390000000000,4.19910000000000,0.10900000000000,14.46090000000000,22.9740,NA,622706361291,0.1666,0.0576,0.1090,14.3160,0.2025,0.2025,0.0000,NA,0.0000,8.5131,NA,NA
q2rtx.exe,39492,0x177137A1C80,DXGI,0,512,1,Hardware: Independent Flip,Application,622706497316,15.5095,13.54490000000000,4.57850000000000,0.20380000000000,13.35320000000000,14.0076,NA,622706362957,13.6397,13.4359,0.2038,14.3519,12.4372,12.4342,0.0030,1.3226,15282.8932,0.6544,NA,NA
q2rtx.exe,39492,0x177137A1C80,DXGI,0,512,1,Hardware: Independent Flip,Application,622706505632,NA,0.83160000000000,3.86700000000000,0.20610000000000,14.35350000000000,17.0430,NA,622706499354,0.8339,0.6278,0.2061,13.1494,1.8319,1.8319,0.0000,NA,0.0000,2.6895,NA,NA
q2rtx.exe,39492,0x177137A1C80,DXGI,0,512,1,Hardware: Independent Flip,Application,622706508272,NA,0.26400000000000,4.49360000000000,0.11010000000000,14.30130000000000,21.2726,NA,622706507693,0.1680,0.0579,0.1101,14.1474,0.2118,0.2118,0.0000,NA,0.0000,6.9713,NA,NA
q2rtx.exe,39492,0x177137A1C80,DXGI,0,512,1,Hardware: Independent Flip,Application,622706631738,13.4351,12.34660000000000,6.73540000000000,0.25170000000000,15.66060000000000,15.6614,NA,622706509373,12.4882,12.2365,0.2517,14.1912,13.7059,13.6995,0.0064,-1.6609,15296.3283,0.0008,NA,NA
q2rtx.exe,39492,0x177137A1C80,DXGI,0,512,1,Hardware: Independent Flip,Application,622706650283,NA,1.85450000000000,5.34120000000000,0.20710000000000,14.73210000000000,19.1481,NA,622706634255,1.8099,1.6028,0.2071,15.4089,0.9260,0.9159,0.0101,NA,0.0000,4.4160,NA,NA
q2rtx.exe,39492,0x177137A1C80,DXGI,0,512,1,Hardware: Independent Flip,Application,622706652898,NA,0.26150000000000,4.71990000000000,0.10680000000000,14.67540000000000,23.6065,NA,622706652354,0.1612,0.0544,0.1068,14.5250,0.2048,0.2048,0.0000,NA,0.0000,8.9311,NA,NA
q2rtx.exe,39492,0x177137A1C80,DXGI,0,512,1,Hardware: Independent Flip,Application,622706790319,15.1477,13.74210000000000,4.27950000000000,0.16610000000000,13.39210000000000,14.1439,NA,622706653966,13.8014,13.6353,0.1661,14.5686,12.4588,12.4556,0.0032,0.8071,15311.4760,0.7518,NA,NA
q2rtx.exe,39492,0x177137A1C80,DXGI,0,512,1,Hardware: Independent Flip,Application,622706798725,NA,0.84060000000000,3.78920000000000,0.21090000000000,14.24970000000000,17.0925,NA,622706791980,0.8854,0.6745,0.2109,13.2260,1.6982,1.6982,0.0000,NA,0.0000,2.8428,NA,NA
q2rtx.exe,39492,0x177137A1C80,DXGI,0,512,1,Hardware: Independent Flip,Application,622706801407,NA,0.26820000000000,4.88940000000000,0.11230000000000,14.19320000000000,21.7137,NA,622706800834,0.1696,0.0573,0.1123,14.0388,0.2117,0.2117,0.0000,NA,0.0000,7.5205,NA,NA
q2rtx.exe,39492,0x177137A1C80,DXGI,0,512,1,Hardware: Independent Flip,Application,622706925402,13.4456,12.39950000000000,6.11640000000000,0.14970000000000,15.42970000000000,15.4306,NA,622706802530,12.4369,12.2872,0.1497,14.0809,13.6360,13.6317,0.0043,-1.3494,15324.9216,0.0009,NA,NA
q2rtx.exe,39492,0x177137A1C80,DXGI,0,512,1,Hardware: Independent Flip,Application,622706942483,NA,1.70810000000000,5.81630000000000,0.19860000000000,14.61790000000000,19.5388,NA,622706926899,1.7570,1.5584,0.1986,15.2800,0.8963,0.8963,0.0000,NA,0.0000,4.9209,NA,NA
q2rtx.exe,39492,0x177137A1C80,DXGI,0,512,1,Hardware: Independent Flip,Application,622706945078,NA,0.25950000000000,4.04570000000000,0.11320000000000,14.58310000000000,23.3250,NA,622706944469,0.1741,0.0609,0.1132,14.4193,0.2247,0.2247,0.0000,NA,0.0000,8.7419,NA,NA
q2rtx.exe,39492,0x177137A1C80,DXGI,0,512,1,Hardware: Independent Flip,Application,622707081186,15.7232,13.61080000000000,4.36330000000000,0.18290000000000,13.46030000000000,14.0775,NA,622706946210,13.6805,13.4976,0.1829,14.4699,12.4880,12.4850,0.0030,1.4979,15340.6448,0.6172,NA,NA
q2rtx.exe,39492,0x177137A1C80,DXGI,0,512,1,Hardware: Independent Flip,Application,622707090082,NA,0.88960000000000,3.92790000000000,0.19740000000000,14.42940000000000,17.1158,NA,622707083015,0.9041,0.7067,0.1974,13.2774,1.8587,1.8587,0.0000,NA,0.0000,2.6864,NA,NA
q2rtx.exe,39492,0x177137A1C80,DXGI,0,512,1,Hardware: Independent Flip,Application,622707092583,NA,0.25010000000000,4.52040000000000,0.10310000000000,14.39190000000000,21.3861,NA,622707092056,0.1558,0.0527,0.1031,14.2320,0.2126,0.2126,0.0000,NA,0.0000,6.9942,NA,NA
q2rtx.exe,39492,0x177137A1C80,DXGI,0,512,1,Hardware: Independent Flip,Application,622707217087,13.5335,12.45040000000000,6.71930000000000,0.16400000000000,15.65420000000000,15.6550,NA,622707093614,12.5113,12.3473,0.1640,14.2888,13.7127,13.7075,0.0052,-1.6341,15354.1783,0.0008,NA,NA
q2rtx.exe,39492,0x177137A1C80,DXGI,0,512,1,Hardware: Independent Flip,Application,622707235371,NA,1.82840000000000,5.46140000000000,0.22960000000000,14.74410000000000,19.2880,NA,622707218727,1.8940,1.6644,0.2296,15.4902,0.9183,0.9183,0.0000,NA,0.0000,4.5439,NA,NA
q2rtx.exe,39492,0x177137A1C80,DXGI,0,512,1,Hardware: Independent Flip,Application,622707238181,NA,0.28100000000000,4.64990000000000,0.10660000000000,14.69120000000000,23.6569,NA,622707237667,0.1580,0.0514,0.1066,14.5145,0.2281,0.2281,0.0000,NA,0.0000,8.9657,NA,NA
q2rtx.exe,39492,0x177137A1C80,DXGI,0,512,1,Hardware: Independent Flip,Application,622707375166,15.6115,13.69850000000000,4.11810000000000,0.17830000000000,13.34020000000000,14.0765,NA,622707239247,13.7702,13.5919,0.1783,14.5846,12.3475,12.3440,0.0035,1.3821,15369.7898,0.7363,NA,NA
q2rtx.exe,39492,0x177137A1C80,DXGI,0,512,1,Hardware: Independent Flip,Application,622707383937,NA,0.87710000000000,3.77650000000000,0.22840000000000,14.08950000000000,16.9759,NA,622707376949,0.9272,0.6988,0.2284,13.1619,1.6264,1.6264,0.0000,NA,0.0000,2.8864,NA,NA
q2rtx.exe,39492,0x177137A1C80,DXGI,0,512,1,Hardware: Independent Flip,Application,622707386797,NA,0.28600000000000,4.85100000000000,0.11370000000000,14.01270000000000,21.5409,NA,622707386221,0.1713,0.0576,0.1137,13.8611,0.2092,0.2092,0.0000,NA,0.0000,7.5282,NA,NA
q2rtx.exe,39492,0x177137A1C80,DXGI,0,512,1,Hardware: Independent Flip,Application,622707509881,13.5600,12.30840000000000,5.70920000000000,0.25880000000000,14.94080000000000,14.9417,NA,622707387934,12.4535,12.1947,0.2588,13.8990,13.2365,13.2318,0.0047,-0.7767,15383.3498,0.0009,NA,NA
q2rtx.exe,39492,0x177137A1C80,DXGI,0,512,1,Hardware: Independent Flip,Application,622707525944,NA,1.60630000000000,5.66010000000000,0.21780000000000,14.67180000000000,18.9955,NA,622707512469,1.5653,1.3475,0.2178,14.6820,1.3373,1.3373,0.0000,NA,0.0000,4.3237,NA,NA
q2rtx.exe,39492,0x177137A1C80,DXGI,0,512,1,Hardware: Independent Flip,Application,622707528679,NA,0.27350000000000,3.88880000000000,0.11710000000000,14.60950000000000,22.6108,NA,622707528122,0.1728,0.0557,0.1171,14.4540,0.2112,0.2112,0.0000,NA,0.0000,8.0013,NA,NA
q2rtx.exe,39492,0x177137A1C80,DXGI,0,512,1,Hardware: Independent Flip,Application,622707661589,15.9248,13.29100000000000,4.93960000000000,0.17870000000000,13.77330000000000,14.2594,NA,622707529850,13.3526,13.1739,0.1787,14.4924,12.4548,12.4505,0.0043,1.4363,15399.2746,0.4861,NA,NA
q2rtx.exe,39492,0x177137A1C80,DXGI,0,512,1,Hardware: Independent Flip,Application,622707673905,NA,1.23160000000000,4.19360000000000,0.19840000000000,13.99120000000000,17.2214,NA,622707663376,1.2513,1.0529,0.1984,13.5946,1.4495,1.4495,0.0000,NA,0.0000,3.2302,NA,NA
q2rtx.exe,39492,0x177137A1C80,DXGI,0,512,1,Hardware: Independent Flip,Application,622707676483,NA,0.25780000000000,4.66130000000000,0.11380000000000,13.97560000000000,21.6249,NA,622707675889,0.1732,0.0594,0.1138,13.7928,0.2422,0.2422,0.0000,NA,0.0000,7.6493,NA,NA
q2rtx.exe,39492,0x177137A1C80,DXGI,0,512,1,Hardware: Independent Flip,Application,622707800608,13.4684,12.41250000000000,6.08930000000000,0.19930000000000,15.30080000000000,15.3017,NA,622707677621,12.4980,12.2987,0.1993,13.8618,13.7377,13.7329,0.0048,-1.4758,15412.7430,0.0009,NA,NA
q2rtx.exe,39492,0x177137A1C80,DXGI,0,512,1,Hardware: Independent Flip,Application,622707815102,NA,1.44940000000000,5.09870000000000,0.24380000000000,14.68990000000000,18.9510,NA,622707802601,1.4939,1.2501,0.2438,15.1015,0.8385,0.8385,0.0000,NA,0.0000,4.2611,NA,NA
q2rtx.exe,39492,0x177137A1C80,DXGI,0,512,1,Hardware: Independent Flip,Application,622707818155,NA,0.30530000000000,4.87180000000000,0.13880000000000,14.60240000000000,23.5175,NA,622707817540,0.2003,0.0615,0.1388,14.4461,0.2178,0.2178,0.0000,NA,0.0000,8.9151,NA,NA
q2rtx.exe,39492,0x177137A1C80,DXGI,0,512,1,Hardware: Independent Flip,Application,622707955042,15.0885,13.68870000000000,4.20860000000000,0.16960000000000,13.30970000000000,14.0374,NA,622707819543,13.7195,13.5499,0.1696,14.4636,12.3960,12.3929,0.0031,0.9094,15427.8315,0.7277,NA,NA
q2rtx.exe,39492,0x177137A1C80,DXGI,0,512,1,Hardware: Independent Flip,Application,622707963139,NA,0.80970000000000,3.76370000000000,0.18840000000000,14.25860000000000,16.9914,NA,622707956738,0.8285,0.6401,0.1884,13.1401,1.7586,1.7586,0.0000,NA,0.0000,2.7328,NA,NA
q2rtx.exe,39492,0x177137A1C80,DXGI,0,512,1,Hardware: Independent Flip,Application,622707965582,NA,0.24430000000000,4.46690000000000,0.11110000000000,14.21650000000000,21.2140,NA,622707965023,0.1670,0.0559,0.1111,14.0702,0.2022,0.2022,0.0000,NA,0.0000,6.9975,NA,NA
q2rtx.exe,39492,0x177137A1C80,DXGI,0,512,1,Hardware: Independent Flip,Application,622708089495,14.0348,12.39130000000000,6.71380000000000,0.26610000000000,15.53560000000000,15.5365,NA,622707966693,12.5463,12.2802,0.2661,14.1054,13.7104,13.7061,0.0043,-0.9096,15441.8663,0.0009,NA,NA
q2rtx.exe,39492,0x177137A1C80,DXGI,0,512,1,Hardware: Independent Flip,Application,622708106784,NA,1.72890000000000,5.48020000000000,0.21530000000000,14.87350000000000,19.2878,NA,622708092156,1.6781,1.4628,0.2153,15.2695,1.0668,1.0564,0.0104,NA,0.0000,4.4143,NA,NA
q2rtx.exe,39492,0x177137A1C80,DXGI,0,512,1,Hardware: Independent Flip,Application,622708109548,NA,0.27640000000000,4.55450000000000,0.10990000000000,14.89600000000000,23.5659,NA,622708108937,0.1710,0.0611,0.1099,14.6582,0.2989,0.2989,0.0000,NA,0.0000,8.6699,NA,NA
q2rtx.exe,39492,0x177137A1C80,DXGI,0,512,1,Hardware: Independent Flip,Application,622708246703,15.4961,13.71550000000000,4.48980000000000,0.15650000000000,13.56220000000000,14.3402,NA,622708110647,13.7621,13.6056,0.1565,14.7861,12.3817,12.3785,0.0032,0.9716,15457.3624,0.7780,NA,NA
q2rtx.exe,39492,0x177137A1C80,DXGI,0,512,1,Hardware: Independent Flip,Application,622708256427,NA,0.97240000000000,3.81200000000000,0.29950000000000,14.31330000000000,17.1798,NA,622708248268,1.1154,0.8159,0.2995,13.4057,1.7235,1.7235,0.0000,NA,0.0000,2.8665,NA,NA
q2rtx.exe,39492,0x177137A1C80,DXGI,0,512,1,Hardware: Independent Flip,Application,622708259954,NA,0.35270000000000,4.91900000000000,0.10170000000000,14.18340000000000,21.7461,NA,622708259422,0.1549,0.0532,0.1017,14.0138,0.2228,0.2228,0.0000,NA,0.0000,7.5627,NA,NA
q2rtx.exe,39492,0x177137A1C80,DXGI,0,512,1,Hardware: Independent Flip,Application,622708383867,13.4336,12.39130000000000,5.72720000000000,0.32060000000000,15.08130000000000,15.0820,NA,622708260971,12.6102,12.2896,0.3206,14.0817,13.2892,13.2850,0.0042,-1.0246,15470.7960,0.0007,NA,NA
q2rtx.exe,39492,0x177137A1C80,DXGI,0,512,1,Hardware: Independent Flip,Application,622708400684,NA,1.68170000000000,5.58350000000000,0.21890000000000,14.79350000000000,18.9838,NA,622708387073,1.5800,1.3611,0.2189,14.7607,1.3939,1.3939,0.0000,NA,0.0000,4.1903,NA,NA
q2rtx.exe,39492,0x177137A1C80,DXGI,0,512,1,Hardware: Independent Flip,Application,622708403622,NA,0.29380000000000,4.05170000000000,0.13620000000000,14.69780000000000,22.7417,NA,622708402873,0.2111,0.0749,0.1362,14.5746,0.1981,0.1981,0.0000,NA,0.0000,8.0439,NA,NA
q2rtx.exe,39492,0x177137A1C80,DXGI,0,512,1,Hardware: Independent Flip,Application,622708536701,15.7247,13.30790000000000,5.53100000000000,0.21160000000000,14.55670000000000,14.9648,NA,622708404984,13.3833,13.1717,0.2116,14.5616,13.1668,13.1622,0.0046,0.5585,15486.5207,0.4081,NA,NA
q2rtx.exe,39492,0x177137A1C80,DXGI,0,512,1,Hardware: Independent Flip,Application,622708549739,NA,1.30380000000000,4.51260000000000,0.20440000000000,14.54410000000000,18.1736,NA,622708538817,1.2966,1.0922,0.2044,14.3451,1.2912,1.2912,0.0000,NA,0.0000,3.6295,NA,NA
q2rtx.exe,39492,0x177137A1C80,DXGI,0,512,1,Hardware: Independent Flip,Application,622708552355,NA,0.26160000000000,4.91670000000000,0.11650000000000,14.46640000000000,22.8287,NA,622708551783,0.1737,0.0572,0.1165,14.3397,0.1839,0.1839,0.0000,NA,0.0000,8.3623,NA,NA
q2rtx.exe,39492,0x177137A1C80,DXGI,0,512,1,Hardware: Independent Flip,Application,622708683601,13.6880,13.12460000000000,4.81360000000000,0.17320000000000,14.41710000000000,14.5177,NA,622708553520,13.1813,13.0081,0.1732,14.3499,13.0753,13.0715,0.0038,-0.5549,15500.2087,0.1006,NA,NA
q2rtx.exe,39492,0x177137A1C80,DXGI,0,512,1,Hardware: Independent Flip,Application,622708696472,NA,1.28710000000000,4.62330000000000,0.21200000000000,14.36850000000000,17.8539,NA,622708685333,1.3259,1.1139,0.2120,14.2439,1.2385,1.2385,0.0000,NA,0.0000,3.4854,NA,NA
q2rtx.exe,39492,0x177137A1C80,DXGI,0,512,1,Hardware: Independent Flip,Application,622708699165,NA,0.26930000000000,4.69580000000000,0.11570000000000,14.30920000000000,22.2804,NA,622708698592,0.1730,0.0573,0.1157,14.1565,0.2100,0.2100,0.0000,NA,0.0000,7.9712,NA,NA
q2rtx.exe,39492,0x177137A1C80,DXGI,0,512,1,Hardware: Independent Flip,Application,622708829090,15.3140,12.99250000000000,5.25370000000000,0.18020000000000,14.54080000000000,14.5416,NA,622708700322,13.0570,12.8768,0.1802,14.1935,13.2241,13.2194,0.0047,0.7412,15515.5227,0.0008,NA,NA
q2rtx.exe,39492,0x177137A1C80,DXGI,0,512,1,Hardware: Independent Flip,Application,622708841184,NA,1.20940000000000,4.97380000000000,0.22480000000000,14.70830000000000,18.3060,NA,622708830892,1.2540,1.0292,0.2248,14.3606,1.3769,1.3769,0.0000,NA,0.0000,3.5977,NA,NA
q2rtx.exe,39492,0x177137A1C80,DXGI,0,512,1,Hardware: Independent Flip,Application,622708844043,NA,0.28590000000000,4.73500000000000,0.10820000000000,14.63450000000000,22.7551,NA,622708843432,0.1693,0.0611,0.1082,14.4835,0.2121,0.2121,0.0000,NA,0.0000,8.1206,NA,NA
q2rtx.exe,39492,0x177137A1C80,DXGI,0,512,1,Hardware: Independent Flip,Application,622708976293,14.8679,13.22500000000000,5.41510000000000,0.22640000000000,14.68210000000000,14.9452,NA,622708845125,13.3432,13.1168,0.2264,14.5263,13.2726,13.2672,0.0054,-0.2560,15530.3906,0.2631,NA,NA
q2rtx.exe,39492,0x177137A1C80,DXGI,0,512,1,Hardware: Independent Flip,Application,622708989536,NA,1.32430000000000,4.70130000000000,0.20410000000000,14.67430000000000,18.3222,NA,622708978557,1.3020,1.0979,0.2041,14.4557,1.3165,1.3165,0.0000,NA,0.0000,3.6479,NA,NA
q2rtx.exe,39492,0x177137A1C80,DXGI,0,512,1,Hardware: Independent Flip,Application,622708992939,NA,0.34030000000000,4.93970000000000,0.12300000000000,14.55110000000000,22.9216,NA,622708991577,0.2592,0.1362,0.1230,14.4702,0.2171,0.2171,0.0000,NA,0.0000,8.3705,NA,NA
q2rtx.exe,39492,0x177137A1C80,DXGI,0,512,1,Hardware: Independent Flip,Application,622709124333,14.5803,13.13940000000000,4.82610000000000,0.16240000000000,14.40870000000000,14.6083,NA,622708994169,13.1788,13.0164,0.1624,14.4281,12.9970,12.9925,0.0045,0.1132,15544.9709,0.1996,NA,NA
q2rtx.exe,39492,0x177137A1C80,DXGI,0,512,1,Hardware: Independent Flip,Application,622709137279,NA,1.29460000000000,4.56680000000000,0.23500000000000,14.42550000000000,17.8805,NA,622709125957,1.3672,1.1322,0.2350,14.2463,1.3114,1.3114,0.0000,NA,0.0000,3.4550,NA,NA
q2rtx.exe,39492,0x177137A1C80,DXGI,0,512,1,Hardware: Independent Flip,Application,622709140150,NA,0.28710000000000,4.74060000000000,0.10570000000000,14.35470000000000,22.3340,NA,622709139629,0.1578,0.0521,0.1057,14.1905,0.2163,0.2163,0.0000,NA,0.0000,7.9793,NA,NA
q2rtx.exe,39492,0x177137A1C80,DXGI,0,512,1,Hardware: Independent Flip,Application,622709269720,14.7385,12.95700000000000,5.32340000000000,0.16720000000000,14.69950000000000,14.7004,NA,622709141207,13.0185,12.8513,0.1672,14.2490,13.3018,13.2970,0.0048,0.1077,15559.7094,0.0009,NA,NA
q2rtx.exe,39492,0x177137A1C80,DXGI,0,512,1,Hardware: Independent Flip,Application,622709282856,NA,1.31360000000000,4.95220000000000,0.17630000000000,14.79850000000000,18.3390,NA,622709271392,1.3227,1.1464,0.1763,14.5323,1.4126,1.4126,0.0000,NA,0.0000,3.5405,NA,NA
q2rtx.exe,39492,0x177137A1C80,DXGI,0,512,1,Hardware: Independent Flip,Application,622709285188,NA,0.23320000000000,4.79530000000000,0.10730000000000,14.77230000000000,22.9011,NA,622709284619,0.1642,0.0569,0.1073,14.6222,0.2070,0.2070,0.0000,NA,0.0000,8.1288,NA,NA
q2rtx.exe,39492,0x177137A1C80,DXGI,0,512,1,Hardware: Independent Flip,Application,622709418059,14.9314,13.28710000000000,4.67120000000000,0.15610000000000,13.98670000000000,14.2852,NA,622709286261,13.3359,13.1798,0.1561,14.6650,12.5015,12.4985,0.0030,0.5127,15574.6408,0.2985,NA,NA
q2rtx.exe,39492,0x177137A1C80,DXGI,0,512,1,Hardware: Independent Flip,Application,622709432182,NA,1.41230000000000,4.42320000000000,0.16880000000000,13.85130000000000,17.2961,NA,622709419620,1.4250,1.2562,0.1688,13.8306,1.2769,1.2769,0.0000,NA,0.0000,3.4448,NA,NA
q2rtx.exe,39492,0x177137A1C80,DXGI,0,512,1,Hardware: Independent Flip,Application,622709434422,NA,0.22400000000000,4.69440000000000,0.10750000000000,13.83140000000000,21.7665,NA,622709433870,0.1627,0.0552,0.1075,13.6825,0.2041,0.2041,0.0000,NA,0.0000,7.9351,NA,NA
q2rtx.exe,39492,0x177137A1C80,DXGI,0,512,1,Hardware: Independent Flip,Application,622709558788,14.5361,12.43660000000000,5.24800000000000,0.24370000000000,14.57720000000000,14.5779,NA,622709435497,12.5728,12.3291,0.2437,13.7239,13.1824,13.1748,0.0076,0.1705,15589.1769,0.0007,NA,NA
q2rtx.exe,39492,0x177137A1C80,DXGI,0,512,1,Hardware: Independent Flip,Application,622709571800,NA,1.30120000000000,4.96720000000000,0.19540000000000,14.54140000000000,18.2439,NA,622709561225,1.2529,1.0575,0.1954,14.3335,1.2654,1.2654,0.0000,NA,0.0000,3.7025,NA,NA
q2rtx.exe,39492,0x177137A1C80,DXGI,0,512,1,Hardware: Independent Flip,Application,622709574312,NA,0.25120000000000,4.60770000000000,0.13140000000000,14.50820000000000,22.6004,NA,622709573754,0.1872,0.0558,0.1314,14.3460,0.2180,0.2180,0.0000,NA,0.0000,8.0922,NA,NA
q2rtx.exe,39492,0x177137A1C80,DXGI,0,512,1,Hardware: Independent Flip,Application,622709709349,14.8648,13.50370000000000,5.39230000000000,0.19010000000000,14.20720000000000,14.4890,NA,622709575626,13.5624,13.3723,0.1901,14.3768,13.2027,13.1983,0.0044,-0.1024,15604.0417,0.2818,NA,NA
q2rtx.exe,39492,0x177137A1C80,DXGI,0,512,1,Hardware: Independent Flip,Application,622709718431,NA,0.90820000000000,4.62390000000000,0.28440000000000,14.67180000000000,18.2047,NA,622709711250,1.0025,0.7181,0.2844,14.0171,1.3728,1.3728,0.0000,NA,0.0000,3.5329,NA,NA
q2rtx.exe,39492,0x177137A1C80,DXGI,0,512,1,Hardware: Independent Flip,Application,622709721882,NA,0.34510000000000,4.88000000000000,0.11470000000000,14.53380000000000,22.7396,NA,622709721275,0.1754,0.0607,0.1147,14.3874,0.2071,0.2071,0.0000,NA,0.0000,8.2058,NA,NA
q2rtx.exe,39492,0x177137A1C80,DXGI,0,512,1,Hardware: Independent Flip,Application,622709852792,14.0481,13.09100000000000,5.00360000000000,0.17540000000000,14.54450000000000,14.6522,NA,622709723029,13.1517,12.9763,0.1754,14.4191,13.1017,13.0986,0.0031,-0.4594,15618.0898,0.1077,NA,NA
q2rtx.exe,39492,0x177137A1C80,DXGI,0,512,1,Hardware: Independent Flip,Application,622709866147,NA,1.33550000000000,4.70500000000000,0.17370000000000,14.52400000000000,18.0217,NA,622709854546,1.3338,1.1601,0.1737,14.3691,1.3150,1.3150,0.0000,NA,0.0000,3.4977,NA,NA
q2rtx.exe,39492,0x177137A1C80,DXGI,0,512,1,Hardware: Independent Flip,Application,622709868452,NA,0.23050000000000,4.78560000000000,0.11340000000000,14.50180000000000,22.5768,NA,622709867884,0.1702,0.0568,0.1134,14.3503,0.2083,0.2083,0.0000,NA,0.0000,8.0750,NA,NA
q2rtx.exe,39492,0x177137A1C80,DXGI,0,512,1,Hardware: Independent Flip,Application,622709999509,14.6318,13.10570000000000,5.13170000000000,0.16380000000000,14.60190000000000,14.6028,NA,622709869586,13.1561,12.9923,0.1638,14.3884,13.2058,13.2014,0.0044,0.0095,15632.7216,0.0009,NA,NA
q2rtx.exe,39492,0x177137A1C80,DXGI,0,512,1,Hardware: Independent Flip,Application,622710012522,NA,1.30130000000000,4.87740000000000,0.19060000000000,14.68140000000000,18.1789,NA,622710001147,1.3281,1.1375,0.1906,14.4381,1.3808,1.3808,0.0000,NA,0.0000,3.4975,NA,NA
q2rtx.exe,39492,0x177137A1C80,DXGI,0,512,1,Hardware: Independent Flip,Application,622710014977,NA,0.24550000000000,4.86690000000000,0.11030000000000,14.64130000000000,22.8003,NA,622710014428,0.1652,0.0549,0.1103,14.4908,0.2054,0.2054,0.0000,NA,0.0000,8.1590,NA,NA
q2rtx.exe,39492,0x177137A1C80,DXGI,0,512,1,Hardware: Independent Flip,Application,622710146937,14.7727,13.19600000000000,5.24760000000000,0.15720000000000,14.70960000000000,14.8519,NA,622710016080,13.2429,13.0857,0.1572,14.5310,13.2643,13.2598,0.0045,-0.2192,15647.4943,0.1423,NA,NA
q2rtx.exe,39492,0x177137A1C80,DXGI,0,512,1,Hardware: Independent Flip,Application,622710160499,NA,1.35620000000000,4.81880000000000,0.18870000000000,14.60640000000000,18.3145,NA,622710148509,1.3877,1.1990,0.1887,14.5524,1.2530,1.2530,0.0000,NA,0.0000,3.7081,NA,NA
q2rtx.exe,39492,0x177137A1C80,DXGI,0,512,1,Hardware: Independent Flip,Application,622710162973,NA,0.24740000000000,4.93760000000000,0.11270000000000,14.56950000000000,23.0047,NA,622710162386,0.1714,0.0587,0.1127,14.4177,0.2105,0.2105,0.0000,NA,0.0000,8.4352,NA,NA
q2rtx.exe,39492,0x177137A1C80,DXGI,0,512,1,Hardware: Independent Flip,Application,622710295314,14.6438,13.23410000000000,4.85070000000000,0.17530000000000,14.50630000000000,14.6213,NA,622710164100,13.2967,13.1214,0.1753,14.4568,13.1709,13.1676,0.0033,0.0367,15662.1381,0.1150,NA,NA
q2rtx.exe,39492,0x177137A1C80,DXGI,0,512,1,Hardware: Independent Flip,Application,622710307521,NA,1.22070000000000,4.72800000000000,0.17720000000000,14.60380000000000,18.1286,NA,622710297067,1.2226,1.0454,0.1772,14.3310,1.3182,1.3182,0.0000,NA,0.0000,3.5248,NA,NA
q2rtx.exe,39492,0x177137A1C80,DXGI,0,512,1,Hardware: Independent Flip,Application,622710309866,NA,0.23450000000000,4.81350000000000,0.10800000000000,14.58370000000000,22.7076,NA,622710309293,0.1653,0.0573,0.1080,14.4266,0.2144,0.2144,0.0000,NA,0.0000,8.1239,NA,NA
q2rtx.exe,39492,0x177137A1C80,DXGI,0,512,1,Hardware: Independent Flip,Application,622710441774,14.7775,13.19080000000000,5.26150000000000,0.17710000000000,14.77740000000000,14.7783,NA,622710310946,13.2599,13.0828,0.1771,14.4757,13.3845,13.3799,0.0046,-0.0255,15676.9156,0.0009,NA,NA
q2rtx.exe,39492,0x177137A1C80,DXGI,0,512,1,Hardware: Independent Flip,Application,622710454769,NA,1.29950000000000,4.99460000000000,0.19450000000000,14.76560000000000,18.4734,NA,622710443545,1.3169,1.1224,0.1945,14.6003,1.2877,1.2877,0.0000,NA,0.0000,3.7078,NA,NA
q2rtx.exe,39492,0x177137A1C80,DXGI,0,512,1,Hardware: Independent Flip,Application,622710457273,NA,0.25040000000000,4.87190000000000,0.10790000000000,14.73070000000000,23.0949,NA,622710456714,0.1638,0.0559,0.1079,14.5711,0.2155,0.2155,0.0000,NA,0.0000,8.3642,NA,NA
q2rtx.exe,39492,0x177137A1C80,DXGI,0,512,1,Hardware: Independent Flip,Application,622710590935,14.8788,13.36620000000000,5.20860000000000,0.17180000000000,14.70870000000000,14.9373,NA,622710458352,13.4301,13.2583,0.1718,14.6228,13.3442,13.3399,0.0043,-0.1963,15691.7944,0.2286,NA,NA
q2rtx.exe,39492,0x177137A1C80,DXGI,0,512,1,Hardware: Independent Flip,Application,622710603552,NA,1.26170000000000,4.72610000000000,0.20120000000000,14.67710000000000,18.4017,NA,622710592653,1.2911,1.0899,0.2012,14.5369,1.2301,1.2301,0.0000,NA,0.0000,3.7246,NA,NA
q2rtx.exe,39492,0x177137A1C80,DXGI,0,512,1,Hardware: Independent Flip,Application,622710606131,NA,0.25790000000000,4.94030000000000,0.10810000000000,14.64490000000000,23.0841,NA,622710605564,0.1648,0.0567,0.1081,14.4759,0.2257,0.2257,0.0000,NA,0.0000,8.4392,NA,NA
q2rtx.exe,39492,0x177137A1C80,DXGI,0,512,1,Hardware: Independent Flip,Application,622710739121,14.6141,13.29900000000000,4.69520000000000,0.17360000000000,14.46550000000000,14.4803,NA,622710607212,13.3645,13.1909,0.1736,14.5368,13.1196,13.1153,0.0043,0.2525,15706.4085,0.0148,NA,NA
q2rtx.exe,39492,0x177137A1C80,DXGI,0,512,1,Hardware: Independent Flip,Application,622710751282,NA,1.21610000000000,11.37310000000000,0.20160000000000,24.63730000000000,24.6373,NA,622710740857,1.2441,1.0425,0.2016,14.2919,11.3879,11.3879,0.0000,NA,0.0000,NA,NA,NA
q2rtx.exe,39492,0x177137A1C80,DXGI,0,512,1,Hardware: Independent Flip,Application,622710753841,NA,0.25590000000000,1.01970000000000,0.10610000000000,25.40110000000000,25.4011,NA,622710753298,0.1604,0.0543,0.1061,24.4357,1.0197,1.0197,0.0000,NA,0.0000,NA,NA,NA
q2rtx.exe,39492,0x177137A1C80,DXGI,0,512,1,Hardware: Independent Flip,Application,622710885525,14.9686,13.16840000000000,2.75190000000000,0.19920000000000,14.98410000000000,14.9846,NA,622710754902,13.2615,13.0623,0.1992,25.2950,2.7514,2.7514,0.0000,-0.1761,15721.3771,0.0005,NA,NA
q2rtx.exe,39492,0x177137A1C80,DXGI,0,512,1,Hardware: Independent Flip,Application,622710999208,NA,11.36830000000000,5.06020000000000,0.21050000000000,4.60800000000000,8.6765,NA,622710887517,11.3796,11.1691,0.2105,14.7849,0.9922,0.9922,0.0000,NA,0.0000,4.0685,NA,NA
q2rtx.exe,39492,0x177137A1C80,DXGI,0,512,1,Hardware: Independent Flip,Application,622711008857,NA,0.96490000000000,6.04750000000000,0.14040000000000,3.85650000000000,13.7591,NA,622711001313,0.8948,0.7544,0.1404,4.3975,0.2134,0.2134,0.0000,NA,0.0000,9.9026,NA,NA
q2rtx.exe,39492,0x177137A1C80,DXGI,0,512,1,Hardware: Independent Flip,Application,622711036386,14.8946,2.75290000000000,3.96390000000000,0.13930000000000,14.96920000000000,14.9701,NA,622711010261,2.7518,2.6125,0.1393,3.7161,13.8656,13.8604,0.0052,-0.1770,15736.2717,0.0009,NA,NA
q2rtx.exe,39492,0x177137A1C80,DXGI,0,512,1,Hardware: Independent Flip,Application,622711046431,NA,1.00450000000000,6.03160000000000,0.20370000000000,15.27680000000000,19.9972,NA,622711037779,1.0689,0.8652,0.2037,14.8299,1.3121,1.3121,0.0000,NA,0.0000,4.7204,NA,NA
q2rtx.exe,39492,0x177137A1C80,DXGI,0,512,1,Hardware: Independent Flip,Application,622711049014,NA,0.25830000000000,4.07410000000000,0.11280000000000,15.36420000000000,23.8130,NA,622711048468,0.1674,0.0546,0.1128,15.0731,0.3457,0.3457,0.0000,NA,0.0000,8.4488,NA,NA
q2rtx.exe,39492,0x177137A1C80,DXGI,0,512,1,Hardware: Independent Flip,Application,622711187654,14.5984,13.86400000000000,4.36710000000000,0.20130000000000,14.20640000000000,14.3161,NA,622711050142,13.9525,13.7512,0.2013,15.2514,12.7062,12.7015,0.0047,0.1256,15750.8701,0.1097,NA,NA
q2rtx.exe,39492,0x177137A1C80,DXGI,0,512,1,Hardware: Independent Flip,Application,622711200314,NA,1.26600000000000,4.68650000000000,0.28120000000000,14.19490000000000,17.7366,NA,622711189667,1.3459,1.0647,0.2812,14.0051,1.2545,1.2545,0.0000,NA,0.0000,3.5417,NA,NA
q2rtx.exe,39492,0x177137A1C80,DXGI,0,512,1,Hardware: Independent Flip,Application,622711203675,NA,0.33610000000000,4.77280000000000,0.10960000000000,14.06190000000000,22.1733,NA,622711203126,0.1645,0.0549,0.1096,13.9137,0.2031,0.2031,0.0000,NA,0.0000,8.1114,NA,NA
q2rtx.exe,39492,0x177137A1C80,DXGI,0,512,1,Hardware: Independent Flip,Application,622711330968,13.9387,12.72930000000000,5.32170000000000,0.15670000000000,14.61930000000000,14.7657,NA,622711204771,12.7764,12.6197,0.1567,13.9523,13.2867,13.2811,0.0056,-0.8423,15764.8088,0.1464,NA,NA
q2rtx.exe,39492,0x177137A1C80,DXGI,0,512,1,Hardware: Independent Flip,Application,622711343578,NA,1.26100000000000,4.74530000000000,0.17440000000000,14.60600000000000,18.2500,NA,622711332535,1.2787,1.1043,0.1744,14.4626,1.2477,1.2477,0.0000,NA,0.0000,3.6440,NA,NA
q2rtx.exe,39492,0x177137A1C80,DXGI,0,512,1,Hardware: Independent Flip,Application,622711345976,NA,0.23980000000000,4.86300000000000,0.11060000000000,14.57200000000000,22.8732,NA,622711345322,0.1760,0.0654,0.1106,14.4316,0.2058,0.2058,0.0000,NA,0.0000,8.3012,NA,NA
q2rtx.exe,39492,0x177137A1C80,DXGI,0,512,1,Hardware: Independent Flip,Application,622711478382,15.4731,13.24060000000000,5.25020000000000,0.24890000000000,14.73530000000000,14.8828,NA,622711347082,13.3789,13.1300,0.2489,14.4614,13.4039,13.3961,0.0078,0.6146,15780.2819,0.1475,NA,NA
q2rtx.exe,39492,0x177137A1C80,DXGI,0,512,1,Hardware: Independent Flip,Application,622711490844,NA,1.24620000000000,4.76480000000000,0.18420000000000,14.81410000000000,18.4014,NA,622711480871,1.1815,0.9973,0.1842,14.4864,1.3250,1.3250,0.0000,NA,0.0000,3.5873,NA,NA
q2rtx.exe,39492,0x177137A1C80,DXGI,0,512,1,Hardware: Independent Flip,Application,622711493213,NA,0.23690000000000,4.89100000000000,0.10690000000000,14.79260000000000,23.0555,NA,622711492686,0.1596,0.0527,0.1069,14.6299,0.2154,0.2154,0.0000,NA,0.0000,8.2629,NA,NA
q2rtx.exe,39492,0x177137A1C80,DXGI,0,512,1,Hardware: Independent Flip,Application,622711627625,14.3377,13.44120000000000,5.05910000000000,0.19140000000000,14.56400000000000,14.6734,NA,622711494282,13.5257,13.3343,0.1914,14.6857,13.2126,13.2082,0.0044,-0.3772,15794.6196,0.1094,NA,NA
q2rtx.exe,39492,0x177137A1C80,DXGI,0,512,1,Hardware: Independent Flip,Application,622711640141,NA,1.25160000000000,4.77280000000000,0.20100000000000,14.62850000000000,18.1946,NA,622711629539,1.2612,1.0602,0.2010,14.3726,1.3161,1.3161,0.0000,NA,0.0000,3.5661,NA,NA
q2rtx.exe,39492,0x177137A1C80,DXGI,0,512,1,Hardware: Independent Flip,Application,622711642732,NA,0.25910000000000,4.85040000000000,0.11450000000000,14.57610000000000,22.7859,NA,622711642151,0.1726,0.0581,0.1145,14.4275,0.2067,0.2067,0.0000,NA,0.0000,8.2098,NA,NA
q2rtx.exe,39492,0x177137A1C80,DXGI,0,512,1,Hardware: Independent Flip,Application,622711774977,14.8676,13.22450000000000,4.86630000000000,0.17810000000000,14.38900000000000,14.4277,NA,622711643877,13.2881,13.1100,0.1781,14.4616,13.0374,13.0328,0.0046,0.3781,15809.4872,0.0387,NA,NA
q2rtx.exe,39492,0x177137A1C80,DXGI,0,512,1,Hardware: Independent Flip,Application,622711787609,NA,1.26320000000000,4.78720000000000,0.18080000000000,14.41120000000000,17.9517,NA,622711776758,1.2659,1.0851,0.1808,14.2109,1.2854,1.2854,0.0000,NA,0.0000,3.5405,NA,NA
q2rtx.exe,39492,0x177137A1C80,DXGI,0,512,1,Hardware: Independent Flip,Application,622711789976,NA,0.23670000000000,4.80330000000000,0.11040000000000,14.38370000000000,22.5183,NA,622711789417,0.1663,0.0559,0.1104,14.2304,0.2092,0.2092,0.0000,NA,0.0000,8.1346,NA,NA
q2rtx.exe,39492,0x177137A1C80,DXGI,0,512,1,Hardware: Independent Flip,Application,622711920212,14.9466,13.02360000000000,4.79280000000000,0.20830000000000,14.28690000000000,14.2875,NA,622711791080,13.1215,12.9132,0.2083,14.2733,12.9268,12.9237,0.0031,0.5633,15824.4338,0.0006,NA,NA
q2rtx.exe,39492,0x177137A1C80,DXGI,0,512,1,Hardware: Independent Flip,Application,622711932749,NA,1.25370000000000,4.83180000000000,0.20440000000000,14.43870000000000,17.8656,NA,622711922295,1.2498,1.0454,0.2044,14.0786,1.4055,1.4055,0.0000,NA,0.0000,3.4269,NA,NA
q2rtx.exe,39492,0x177137A1C80,DXGI,0,512,1,Hardware: Independent Flip,Application,622711935343,NA,0.25940000000000,4.75190000000000,0.10700000000000,14.39110000000000,22.3581,NA,622711934793,0.1620,0.0550,0.1070,14.2343,0.2118,0.2118,0.0000,NA,0.0000,7.9670,NA,NA
q2rtx.exe,39492,0x177137A1C80,DXGI,0,512,1,Hardware: Independent Flip,Application,622712064419,14.8558,12.90760000000000,5.34070000000000,0.19580000000000,14.76700000000000,14.7912,NA,622711936413,12.9964,12.8006,0.1958,14.2841,13.2835,13.2788,0.0047,-0.0686,15839.2896,0.0242,NA,NA
q2rtx.exe,39492,0x177137A1C80,DXGI,0,512,1,Hardware: Independent Flip,Application,622712078098,NA,1.36790000000000,4.95250000000000,0.20900000000000,14.65720000000000,18.3758,NA,622712066377,1.3811,1.1721,0.2090,14.5712,1.2581,1.2581,0.0000,NA,0.0000,3.7186,NA,NA
q2rtx.exe,39492,0x177137A1C80,DXGI,0,512,1,Hardware: Independent Flip,Application,622712080741,NA,0.26430000000000,4.95250000000000,0.11950000000000,14.60220000000000,23.0640,NA,622712080188,0.1748,0.0553,0.1195,14.4482,0.2093,0.2093,0.0000,NA,0.0000,8.4618,NA,NA
q2rtx.exe,39492,0x177137A1C80,DXGI,0,512,1,Hardware: Independent Flip,Application,622712213962,14.6873,13.32210000000000,5.08410000000000,0.16010000000000,14.55400000000000,14.8260,NA,622712081936,13.3627,13.2026,0.1601,14.4827,13.2739,13.2690,0.0049,-0.3018,15853.9769,0.2720,NA,NA
q2rtx.exe,39492,0x177137A1C80,DXGI,0,512,1,Hardware: Independent Flip,Application,622712225623,NA,1.16610000000000,4.64230000000000,0.17760000000000,14.69310000000000,18.3022,NA,622712215563,1.1836,1.0060,0.1776,14.3939,1.3052,1.3052,0.0000,NA,0.0000,3.6091,NA,NA
q2rtx.exe,39492,0x177137A1C80,DXGI,0,512,1,Hardware: Independent Flip,Application,622712227942,NA,0.23190000000000,4.88700000000000,0.10390000000000,14.66030000000000,22.9573,NA,622712227399,0.1582,0.0543,0.1039,14.5155,0.1991,0.1991,0.0000,NA,0.0000,8.2970,NA,NA
q2rtx.exe,39492,0x177137A1C80,DXGI,0,512,1,Hardware: Independent Flip,Application,622712360735,14.4483,13.27930000000000,4.70280000000000,0.16580000000000,14.38000000000000,14.3808,NA,622712228981,13.3412,13.1754,0.1658,14.5564,12.9990,12.9957,0.0033,0.2162,15868.4252,0.0008,NA,NA
q2rtx.exe,39492,0x177137A1C80,DXGI,0,512,1,Hardware: Independent Flip,Application,622712373726,NA,1.29910000000000,4.80420000000000,0.17630000000000,14.49470000000000,17.8859,NA,622712362393,1.3096,1.1333,0.1763,14.2142,1.4138,1.4138,0.0000,NA,0.0000,3.3912,NA,NA
q2rtx.exe,39492,0x177137A1C80,DXGI,0,512,1,Hardware: Independent Flip,Application,622712376046,NA,0.23200000000000,4.67790000000000,0.10810000000000,14.46680000000000,22.3318,NA,622712375489,0.1638,0.0557,0.1081,14.3184,0.2041,0.2041,0.0000,NA,0.0000,7.8650,NA,NA
q2rtx.exe,39492,0x177137A1C80,DXGI,0,512,1,Hardware: Independent Flip,Application,622712506072,14.9953,13.00260000000000,5.41740000000000,0.16570000000000,14.74580000000000,14.7466,NA,622712377127,13.0602,12.8945,0.1657,14.3587,13.2816,13.2759,0.0057,0.0958,15883.4205,0.0008,NA,NA
q2rtx.exe,39492,0x177137A1C80,DXGI,0,512,1,Hardware: Independent Flip,Application,622712519716,NA,1.36440000000000,5.07380000000000,0.19640000000000,14.70510000000000,18.4560,NA,622712507729,1.3951,1.1987,0.1964,14.5801,1.3237,1.3237,0.0000,NA,0.0000,3.7509,NA,NA
q2rtx.exe,39492,0x177137A1C80,DXGI,0,512,1,Hardware: Independent Flip,Application,622712522212,NA,0.24960000000000,4.86600000000000,0.10730000000000,14.67980000000000,23.0724,NA,622712521680,0.1605,0.0532,0.1073,14.5087,0.2243,0.2243,0.0000,NA,0.0000,8.3926,NA,NA
q2rtx.exe,39492,0x177137A1C80,DXGI,0,512,1,Hardware: Independent Flip,Application,622712654961,14.8147,13.27490000000000,5.18230000000000,0.16710000000000,14.69740000000000,14.9798,NA,622712523285,13.3347,13.1676,0.1671,14.5725,13.2925,13.2882,0.0043,-0.3074,15898.2352,0.2824,NA,NA
q2rtx.exe,39492,0x177137A1C80,DXGI,0,512,1,Hardware: Independent Flip,Application,622712667909,NA,1.29480000000000,4.68050000000000,0.20130000000000,14.73460000000000,18.3655,NA,622712656632,1.3290,1.1277,0.2013,14.5303,1.3320,1.3320,0.0000,NA,0.0000,3.6309,NA,NA
q2rtx.exe,39492,0x177137A1C80,DXGI,0,512,1,Hardware: Independent Flip,Application,622712670478,NA,0.25690000000000,4.92740000000000,0.11190000000000,14.68470000000000,23.0360,NA,622712669922,0.1675,0.0556,0.1119,14.5333,0.2070,0.2070,0.0000,NA,0.0000,8.3513,NA,NA
q2rtx.exe,39492,0x177137A1C80,DXGI,0,512,1,Hardware: Independent Flip,Application,622712803109,14.5265,13.26310000000000,4.95380000000000,0.18040000000000,14.71070000000000,14.7267,NA,622712671597,13.3316,13.1512,0.1804,14.5728,13.2891,13.2858,0.0033,-0.0352,15912.7617,0.0160,NA,NA
q2rtx.exe,39492,0x177137A1C80,DXGI,0,512,1,Hardware: Independent Flip,Application,622712816376,NA,1.32670000000000,4.84270000000000,0.18900000000000,14.60670000000000,18.2427,NA,622712804913,1.3353,1.1463,0.1890,14.5303,1.2227,1.2227,0.0000,NA,0.0000,3.6360,NA,NA
q2rtx.exe,39492,0x177137A1C80,DXGI,0,512,1,Hardware: Independent Flip,Application,622712818812,NA,0.24360000000000,4.83250000000000,0.11040000000000,14.56450000000000,22.8316,NA,622712818266,0.1650,0.0546,0.1104,14.4177,0.2014,0.2014,0.0000,NA,0.0000,8.2671,NA,NA
q2rtx.exe,39492,0x177137A1C80,DXGI,0,512,1,Hardware: Independent Flip,Application,622712951602,14.9818,13.27900000000000,5.10690000000000,0.17120000000000,14.61570000000000,14.6595,NA,622712819916,13.3398,13.1686,0.1712,14.4541,13.3302,13.3229,0.0073,0.1997,15927.7435,0.0438,NA,NA
q2rtx.exe,39492,0x177137A1C80,DXGI,0,512,1,Hardware: Independent Flip,Application,622712963544,NA,1.19420000000000,4.87280000000000,0.16350000000000,14.76830000000000,18.3381,NA,622712953314,1.1865,1.0230,0.1635,14.4445,1.3468,1.3468,0.0000,NA,0.0000,3.5698,NA,NA
q2rtx.exe,39492,0x177137A1C80,DXGI,0,512,1,Hardware: Independent Flip,Application,622712965742,NA,0.21980000000000,4.89400000000000,0.11040000000000,14.75190000000000,23.0123,NA,622712965179,0.1667,0.0563,0.1104,14.6048,0.2034,0.2034,0.0000,NA,0.0000,8.2604,NA,NA
q2rtx.exe,39492,0x177137A1C80,DXGI,0,512,1,Hardware: Independent Flip,Application,622713099331,14.9122,13.35890000000000,5.02600000000000,0.17630000000000,14.57650000000000,14.6794,NA,622712966846,13.4248,13.2485,0.1763,14.6415,13.1835,13.1794,0.0041,0.1194,15942.6557,0.1029,NA,NA
q2rtx.exe,39492,0x177137A1C80,DXGI,0,512,1,Hardware: Independent Flip,Application,622713112363,NA,1.30320000000000,4.80750000000000,0.18440000000000,14.64230000000000,18.1837,NA,622713101094,1.3113,1.1269,0.1844,14.4002,1.3690,1.3690,0.0000,NA,0.0000,3.5414,NA,NA
q2rtx.exe,39492,0x177137A1C80,DXGI,0,512,1,Hardware: Independent Flip,Application,622713114767,NA,0.24040000000000,4.88530000000000,0.10850000000000,14.61540000000000,22.8286,NA,622713114207,0.1645,0.0560,0.1085,14.4579,0.2135,0.2135,0.0000,NA,0.0000,8.2132,NA,NA
q2rtx.exe,39492,0x177137A1C80,DXGI,0,512,1,Hardware: Independent Flip,Application,622713246347,14.7975,13.15800000000000,5.06580000000000,0.16950000000000,14.72580000000000,14.7364,NA,622713115852,13.2190,13.0495,0.1695,14.5069,13.2684,13.2653,0.0031,0.0389,15957.4532,0.0106,NA,NA
q2rtx.exe,39492,0x177137A1C80,DXGI,0,512,1,Hardware: Independent Flip,Application,622713259957,NA,1.36100000000000,4.91710000000000,0.20360000000000,14.72000000000000,18.2925,NA,622713248042,1.3951,1.1915,0.2036,14.5563,1.3552,1.3552,0.0000,NA,0.0000,3.5725,NA,NA
q2rtx.exe,39492,0x177137A1C80,DXGI,0,512,1,Hardware: Independent Flip,Application,622713262517,NA,0.25600000000000,4.90080000000000,0.10360000000000,14.68240000000000,22.9373,NA,622713261993,0.1560,0.0524,0.1036,14.5164,0.2184,0.2184,0.0000,NA,0.0000,8.2549,NA,NA
q2rtx.exe,39492,0x177137A1C80,DXGI,0,512,1,Hardware: Independent Flip,Application,622713394957,14.8295,13.24400000000000,5.20020000000000,0.18750000000000,14.81160000000000,14.8935,NA,622713263553,13.3279,13.1404,0.1875,14.5788,13.3732,13.3684,0.0048,-0.1886,15972.2827,0.0819,NA,NA
q2rtx.exe,39492,0x177137A1C80,DXGI,0,512,1,Hardware: Independent Flip,Application,622713408345,NA,1.33880000000000,4.90570000000000,0.19370000000000,14.73050000000000,18.4604,NA,622713396832,1.3450,1.1513,0.1937,14.6241,1.2577,1.2577,0.0000,NA,0.0000,3.7299,NA,NA
q2rtx.exe,39492,0x177137A1C80,DXGI,0,512,1,Hardware: Independent Flip,Application,622713410853,NA,0.25080000000000,4.96510000000000,0.11600000000000,14.72110000000000,23.1747,NA,622713410282,0.1731,0.0571,0.1160,14.5368,0.2414,0.2414,0.0000,NA,0.0000,8.4536,NA,NA
q2rtx.exe,39492,0x177137A1C80,DXGI,0,512,1,Hardware: Independent Flip,Application,622713544421,14.8024,13.35680000000000,4.84940000000000,0.17200000000000,14.59970000000000,14.6673,NA,622713412013,13.4128,13.2408,0.1720,14.6051,13.2354,13.2303,0.0051,0.0822,15987.0851,0.0676,NA,NA
q2rtx.exe,39492,0x177137A1C80,DXGI,0,512,1,Hardware: Independent Flip,Application,622713556767,NA,1.23460000000000,4.82630000000000,0.19820000000000,14.67380000000000,18.2590,NA,622713546141,1.2608,1.0626,0.1982,14.4277,1.3087,1.3087,0.0000,NA,0.0000,3.5852,NA,NA
q2rtx.exe,39492,0x177137A1C80,DXGI,0,512,1,Hardware: Independent Flip,Application,622713559294,NA,0.25270000000000,4.88760000000000,0.10360000000000,14.77520000000000,22.8939,NA,622713558749,0.1581,0.0545,0.1036,14.4756,0.3541,0.3541,0.0000,NA,0.0000,8.1187,NA,NA
q2rtx.exe,39492,0x177137A1C80,DXGI,0,512,1,Hardware: Independent Flip,Application,622713691739,14.8424,13.24450000000000,4.75610000000000,0.17260000000000,14.40450000000000,14.4055,NA,622713560330,13.3135,13.1409,0.1726,14.6716,12.8738,12.8707,0.0031,0.3724,16001.9275,0.0010,NA,NA
q2rtx.exe,39492,0x177137A1C80,DXGI,0,512,1,Hardware: Independent Flip,Application,622713704509,NA,1.27700000000000,4.93230000000000,0.27560000000000,14.43370000000000,18.0608,NA,622713693465,1.3800,1.1044,0.2756,14.2319,1.3062,1.3062,0.0000,NA,0.0000,3.6271,NA,NA
q2rtx.exe,39492,0x177137A1C80,DXGI,0,512,1,Hardware: Independent Flip,Application,622713708219,NA,0.37100000000000,4.70630000000000,0.14840000000000,14.27070000000000,22.3961,NA,622713707265,0.2438,0.0954,0.1484,14.1581,0.2080,0.2080,0.0000,NA,0.0000,8.1254,NA,NA
q2rtx.exe,39492,0x177137A1C80,DXGI,0,512,1,Hardware: Independent Flip,Application,622713836833,14.9908,12.86140000000000,5.35540000000000,0.20200000000000,14.84900000000000,14.8901,NA,622713709703,12.9150,12.7130,0.2020,14.1223,13.4397,13.4291,0.0106,-0.0032,16016.9183,0.0411,NA,NA
q2rtx.exe,39492,0x177137A1C80,DXGI,0,512,1,Hardware: Independent Flip,Application,622713850152,NA,1.33190000000000,4.95270000000000,0.17530000000000,14.86180000000000,18.5109,NA,622713838853,1.3052,1.1299,0.1753,14.6470,1.3447,1.3447,0.0000,NA,0.0000,3.6491,NA,NA
q2rtx.exe,39492,0x177137A1C80,DXGI,0,512,1,Hardware: Independent Flip,Application,622713852460,NA,0.23080000000000,4.96870000000000,0.12690000000000,14.84100000000000,23.2488,NA,622713851905,0.1824,0.0555,0.1269,14.6865,0.2100,0.2100,0.0000,NA,0.0000,8.4078,NA,NA
q2rtx.exe,39492,0x177137A1C80,DXGI,0,512,1,Hardware: Independent Flip,Application,622713986527,14.7901,13.40670000000000,5.26230000000000,0.16640000000000,14.81050000000000,15.1044,NA,622713853729,13.4462,13.2798,0.1664,14.7141,13.3762,13.3714,0.0048,-0.3936,16031.7084,0.2939,NA,NA
q2rtx.exe,39492,0x177137A1C80,DXGI,0,512,1,Hardware: Independent Flip,Application,622713999879,NA,1.33520000000000,4.68120000000000,0.20200000000000,14.77180000000000,18.4504,NA,622713988191,1.3708,1.1688,0.2020,14.6441,1.2965,1.2965,0.0000,NA,0.0000,3.6786,NA,NA
q2rtx.exe,39492,0x177137A1C80,DXGI,0,512,1,Hardware: Independent Flip,Application,622714002544,NA,0.26650000000000,4.95290000000000,0.12270000000000,14.71530000000000,23.1368,NA,622714001899,0.1872,0.0645,0.1227,14.5698,0.2100,0.2100,0.0000,NA,0.0000,8.4215,NA,NA
q2rtx.exe,39492,0x177137A1C80,DXGI,0,512,1,Hardware: Independent Flip,Application,622714136028,14.4594,13.34840000000000,4.72250000000000,0.18280000000000,14.50980000000000,14.5109,NA,622714003771,13.4085,13.2257,0.1828,14.5926,13.1429,13.1397,0.0032,0.1028,16046.1678,0.0011,NA,NA
q2rtx.exe,39492,0x177137A1C80,DXGI,0,512,1,Hardware: Independent Flip,Application,622714148784,NA,1.27560000000000,4.79090000000000,0.18680000000000,14.54730000000000,18.0262,NA,622714137856,1.2796,1.0928,0.1868,14.3270,1.3131,1.3131,0.0000,NA,0.0000,3.4789,NA,NA
q2rtx.exe,39492,0x177137A1C80,DXGI,0,512,1,Hardware: Independent Flip,Application,622714151218,NA,0.24340000000000,4.77100000000000,0.11590000000000,14.52010000000000,22.5538,NA,622714150652,0.1725,0.0566,0.1159,14.3605,0.2162,0.2162,0.0000,NA,0.0000,8.0337,NA,NA
q2rtx.exe,39492,0x177137A1C80,DXGI,0,512,1,Hardware: Independent Flip,Application,622714282619,15.0136,13.14010000000000,5.28990000000000,0.15980000000000,14.70290000000000,14.7036,NA,622714152377,13.1840,13.0242,0.1598,14.4042,13.3229,13.3183,0.0046,0.1618,16061.1814,0.0007,NA,NA
q2rtx.exe,39492,0x177137A1C80,DXGI,0,512,1,Hardware: Independent Flip,Application,622714295449,NA,1.28300000000000,5.06800000000000,0.20690000000000,14.78100000000000,18.4886,NA,622714284217,1.3301,1.1232,0.2069,14.5431,1.3611,1.3611,0.0000,NA,0.0000,3.7076,NA,NA
q2rtx.exe,39492,0x177137A1C80,DXGI,0,512,1,Hardware: Independent Flip,Application,622714298158,NA,0.27090000000000,4.83190000000000,0.12740000000000,14.72730000000000,23.0496,NA,622714297518,0.1914,0.0640,0.1274,14.5741,0.2172,0.2172,0.0000,NA,0.0000,8.3223,NA,NA
q2rtx.exe,39492,0x177137A1C80,DXGI,0,512,1,Hardware: Independent Flip,Application,622714430893,14.9871,13.27350000000000,5.26850000000000,0.17500000000000,14.80970000000000,15.0446,NA,622714299432,13.3211,13.1461,0.1750,14.5999,13.3559,13.3520,0.0039,-0.1813,16076.1685,0.2349,NA,NA
q2rtx.exe,39492,0x177137A1C80,DXGI,0,512,1,Hardware: Independent Flip,Application,622714444447,NA,1.35540000000000,4.76570000000000,0.19890000000000,14.78850000000000,18.4549,NA,622714432643,1.3793,1.1804,0.1989,14.6347,1.3342,1.3342,0.0000,NA,0.0000,3.6664,NA,NA
q2rtx.exe,39492,0x177137A1C80,DXGI,0,512,1,Hardware: Independent Flip,Application,622714446988,NA,0.25410000000000,4.95790000000000,0.11030000000000,14.74180000000000,23.1587,NA,622714446436,0.1655,0.0552,0.1103,14.5896,0.2074,0.2074,0.0000,NA,0.0000,8.4169,NA,NA
q2rtx.exe,39492,0x177137A1C80,DXGI,0,512,1,Hardware: Independent Flip,Application,622714580297,14.6195,13.33090000000000,4.94380000000000,0.16450000000000,14.67570000000000,14.7716,NA,622714448091,13.3851,13.2206,0.1645,14.6315,13.2648,13.2619,0.0029,-0.0479,16090.7880,0.0959,NA,NA
q2rtx.exe,39492,0x177137A1C80,DXGI,0,512,1,Hardware: Independent Flip,Application,622714593314,NA,1.30170000000000,4.77170000000000,0.20920000000000,14.78820000000000,18.2416,NA,622714581942,1.3464,1.1372,0.2092,14.5112,1.4142,1.4142,0.0000,NA,0.0000,3.4534,NA,NA
q2rtx.exe,39492,0x177137A1C80,DXGI,0,512,1,Hardware: Independent Flip,Application,622714596037,NA,0.27230000000000,4.84300000000000,0.12870000000000,14.73080000000000,22.8123,NA,622714595406,0.1918,0.0631,0.1287,14.5790,0.2149,0.2149,0.0000,NA,0.0000,8.0815,NA,NA
q2rtx.exe,39492,0x177137A1C80,DXGI,0,512,1,Hardware: Independent Flip,Application,622714728237,14.9023,13.22000000000000,5.05810000000000,0.15290000000000,14.64950000000000,14.6504,NA,622714597324,13.2442,13.0913,0.1529,14.6021,13.1387,13.1343,0.0044,0.2295,16105.6903,0.0009,NA,NA
q2rtx.exe,39492,0x177137A1C80,DXGI,0,512,1,Hardware: Independent Flip,Application,622714742284,NA,1.40470000000000,4.90440000000000,0.17220000000000,14.58740000000000,18.1501,NA,622714729766,1.4240,1.2518,0.1722,14.4966,1.3426,1.3426,0.0000,NA,0.0000,3.5627,NA,NA
q2rtx.exe,39492,0x177137A1C80,DXGI,0,512,1,Hardware: Independent Flip,Application,622714744559,NA,0.22750000000000,4.86670000000000,0.11400000000000,14.56760000000000,22.7893,NA,622714744006,0.1693,0.0553,0.1140,14.4152,0.2077,0.2077,0.0000,NA,0.0000,8.2217,NA,NA
q2rtx.exe,39492,0x177137A1C80,DXGI,0,512,1,Hardware: Independent Flip,Application,622714876143,14.9613,13.15840000000000,4.98590000000000,0.16000000000000,14.50000000000000,14.6168,NA,622714745699,13.2044,13.0444,0.1600,14.4536,13.0908,13.0862,0.0046,0.2043,16120.6516,0.1168,NA,NA
q2rtx.exe,39492,0x177137A1C80,DXGI,0,512,1,Hardware: Independent Flip,Application,622714889254,NA,1.31110000000000,4.77650000000000,0.19400000000000,14.60590000000000,18.0822,NA,622714877743,1.3451,1.1511,0.1940,14.3400,1.4170,1.4170,0.0000,NA,0.0000,3.4763,NA,NA
q2rtx.exe,39492,0x177137A1C80,DXGI,0,512,1,Hardware: Independent Flip,Application,622714891742,NA,0.24880000000000,4.86810000000000,0.10420000000000,14.56790000000000,22.7015,NA,622714891194,0.1590,0.0548,0.1042,14.4119,0.2108,0.2108,0.0000,NA,0.0000,8.1336,NA,NA
q2rtx.exe,39492,0x177137A1C80,DXGI,0,512,1,Hardware: Independent Flip,Application,622715022065,14.7403,13.03230000000000,4.97500000000000,0.18260000000000,14.64330000000000,14.6442,NA,622714892784,13.1107,12.9281,0.1826,14.4637,13.1077,13.1030,0.0047,0.1207,16135.3919,0.0009,NA,NA
q2rtx.exe,39492,0x177137A1C80,DXGI,0,512,1,Hardware: Independent Flip,Application,622715036312,NA,1.42470000000000,4.89030000000000,0.17310000000000,14.45040000000000,18.1098,NA,622715023891,1.4152,1.2421,0.1731,14.4607,1.2318,1.2318,0.0000,NA,0.0000,3.6594,NA,NA
q2rtx.exe,39492,0x177137A1C80,DXGI,0,512,1,Hardware: Independent Flip,Application,622715038576,NA,0.22640000000000,4.85290000000000,0.10440000000000,14.43450000000000,22.7363,NA,622715038043,0.1577,0.0533,0.1044,14.2773,0.2105,0.2105,0.0000,NA,0.0000,8.3018,NA,NA
q2rtx.exe,39492,0x177137A1C80,DXGI,0,512,1,Hardware: Independent Flip,Application,622715169496,14.8014,13.09200000000000,4.94690000000000,0.22920000000000,14.53110000000000,14.5912,NA,622715039620,13.2168,12.9876,0.2292,14.3301,13.1886,13.1856,0.0030,0.1113,16150.1933,0.0601,NA,NA
q2rtx.exe,39492,0x177137A1C80,DXGI,0,512,1,Hardware: Independent Flip,Application,622715181897,NA,1.24010000000000,4.82800000000000,0.20270000000000,14.55700000000000,18.1791,NA,622715171788,1.2136,1.0109,0.2027,14.3019,1.2660,1.2660,0.0000,NA,0.0000,3.6221,NA,NA
q2rtx.exe,39492,0x177137A1C80,DXGI,0,512,1,Hardware: Independent Flip,Application,622715184485,NA,0.25880000000000,4.86480000000000,0.14050000000000,14.51230000000000,22.7851,NA,622715183924,0.1966,0.0561,0.1405,14.3543,0.2141,0.2141,0.0000,NA,0.0000,8.2728,NA,NA
q2rtx.exe,39492,0x177137A1C80,DXGI,0,512,1,Hardware: Independent Flip,Application,622715315808,14.6710,13.13230000000000,5.00630000000000,0.17340000000000,14.65350000000000,14.6591,NA,622715185890,13.1652,12.9918,0.1734,14.3718,13.2735,13.2695,0.0040,-0.0281,16164.8643,0.0056,NA,NA
q2rtx.exe,39492,0x177137A1C80,DXGI,0,512,1,Hardware: Independent Flip,Application,622715328558,NA,1.27500000000000,4.90580000000000,0.16910000000000,14.83790000000000,18.2899,NA,622715317542,1.2707,1.1016,0.1691,14.4801,1.4594,1.4594,0.0000,NA,0.0000,3.4520,NA,NA
q2rtx.exe,39492,0x177137A1C80,DXGI,0,512,1,Hardware: Independent Flip,Application,622715330796,NA,0.22380000000000,4.88150000000000,0.10580000000000,14.82010000000000,22.9476,NA,622715330249,0.1605,0.0547,0.1058,14.6688,0.2060,0.2060,0.0000,NA,0.0000,8.1275,NA,NA
q2rtx.exe,39492,0x177137A1C80,DXGI,0,512,1,Hardware: Independent Flip,Application,622715463466,14.6969,13.26700000000000,5.04330000000000,0.18360000000000,14.65480000000000,14.7239,NA,622715331854,13.3448,13.1612,0.1836,14.7143,13.1017,13.0986,0.0031,-0.1337,16179.5612,0.0691,NA,NA
q2rtx.exe,39492,0x177137A1C80,DXGI,0,512,1,Hardware: Independent Flip,Application,622715478055,NA,1.45890000000000,4.86000000000000,0.19890000000000,14.67820000000000,18.1250,NA,622715465302,1.4742,1.2753,0.1989,14.4712,1.4823,1.4823,0.0000,NA,0.0000,3.4468,NA,NA
q2rtx.exe,39492,0x177137A1C80,DXGI,0,512,1,Hardware: Independent Flip,Application,622715480592,NA,0.25370000000000,4.90540000000000,0.10870000000000,14.63820000000000,22.7767,NA,622715480044,0.1635,0.0548,0.1087,14.4793,0.2137,0.2137,0.0000,NA,0.0000,8.1385,NA,NA
q2rtx.exe,39492,0x177137A1C80,DXGI,0,512,1,Hardware: Independent Flip,Application,622715611334,14.5627,13.07420000000000,5.18180000000000,0.16560000000000,14.85810000000000,14.8843,NA,622715481679,13.1311,12.9655,0.1656,14.5295,13.2941,13.2874,0.0067,-0.3845,16194.1239,0.0262,NA,NA
q2rtx.exe,39492,0x177137A1C80,DXGI,0,512,1,Hardware: Independent Flip,Application,622715625822,NA,1.44880000000000,4.94600000000000,0.22100000000000,14.80980000000000,18.3815,NA,622715612990,1.5042,1.2832,0.2210,14.6925,1.4005,1.4005,0.0000,NA,0.0000,3.5717,NA,NA
q2rtx.exe,39492,0x177137A1C80,DXGI,0,512,1,Hardware: Independent Flip,Application,622715628545,NA,0.27230000000000,4.96230000000000,0.11480000000000,14.69060000000000,23.0715,NA,622715628032,0.1661,0.0513,0.1148,14.5888,0.1531,0.1531,0.0000,NA,0.0000,8.3809,NA,NA
q2rtx.exe,39492,0x177137A1C80,DXGI,0,512,1,Hardware: Independent Flip,Application,622715761441,14.7415,13.28960000000000,4.41290000000000,0.17670000000000,14.08090000000000,14.1948,NA,622715629693,13.3515,13.1748,0.1767,14.5758,12.6799,12.6760,0.0039,0.4203,16208.8654,0.1139,NA,NA
q2rtx.exe,39492,0x177137A1C80,DXGI,0,512,1,Hardware: Independent Flip,Application,622715775655,NA,1.42140000000000,4.63960000000000,0.16070000000000,13.93900000000000,17.4130,NA,622715763208,1.4054,1.2447,0.1607,13.9042,1.2795,1.2795,0.0000,NA,0.0000,3.4740,NA,NA
q2rtx.exe,39492,0x177137A1C80,DXGI,0,512,1,Hardware: Independent Flip,Application,622715778042,NA,0.23870000000000,4.72540000000000,0.11260000000000,13.90950000000000,21.8997,NA,622715777262,0.1906,0.0780,0.1126,13.7783,0.2092,0.2092,0.0000,NA,0.0000,7.9902,NA,NA
q2rtx.exe,39492,0x177137A1C80,DXGI,0,512,1,Hardware: Independent Flip,Application,622715904230,14.7175,12.61880000000000,4.49640000000000,0.19430000000000,13.77640000000000,13.7773,NA,622715779168,12.7005,12.5062,0.1943,13.7969,12.4857,12.4825,0.0032,0.8561,16223.5829,0.0009,NA,NA
q2rtx.exe,39492,0x177137A1C80,DXGI,0,512,1,Hardware: Independent Flip,Application,622715916297,NA,1.20670000000000,4.85330000000000,0.17000000000000,14.21820000000000,17.4239,NA,622715906173,1.1824,1.0124,0.1700,13.5821,1.6485,1.6485,0.0000,NA,0.0000,3.2057,NA,NA
q2rtx.exe,39492,0x177137A1C80,DXGI,0,512,1,Hardware: Independent Flip,Application,622715918553,NA,0.22560000000000,4.38390000000000,0.10810000000000,14.19680000000000,21.5822,NA,622715917997,0.1637,0.0556,0.1081,14.0482,0.2042,0.2042,0.0000,NA,0.0000,7.3854,NA,NA
q2rtx.exe,39492,0x177137A1C80,DXGI,0,512,1,Hardware: Independent Flip,Application,622716052141,14.9457,13.35880000000000,6.30040000000000,0.26470000000000,14.52300000000000,14.5238,NA,622715919634,13.5154,13.2507,0.2647,14.0887,13.6850,13.6809,0.0041,-0.5919,16238.5286,0.0008,NA,NA
q2rtx.exe,39492,0x177137A1C80,DXGI,0,512,1,Hardware: Independent Flip,Application,622716059712,NA,0.75710000000000,5.29730000000000,0.17860000000000,14.67030000000000,19.0640,NA,622716054788,0.6710,0.4924,0.1786,14.2583,0.9044,0.9044,0.0000,NA,0.0000,4.3937,NA,NA
q2rtx.exe,39492,0x177137A1C80,DXGI,0,512,1,Hardware: Independent Flip,Application,622716062049,NA,0.23370000000000,5.05890000000000,0.11550000000000,14.65040000000000,23.8892,NA,622716061498,0.1706,0.0551,0.1155,14.4917,0.2138,0.2138,0.0000,NA,0.0000,9.2388,NA,NA
q2rtx.exe,39492,0x177137A1C80,DXGI,0,512,1,Hardware: Independent Flip,Application,622716199048,14.0153,13.69990000000000,4.01050000000000,0.16130000000000,13.57270000000000,14.1998,NA,622716063204,13.7457,13.5844,0.1613,14.5349,12.6222,12.6190,0.0032,-0.3514,16252.5439,0.6271,NA,NA
q2rtx.exe,39492,0x177137A1C80,DXGI,0,512,1,Hardware: Independent Flip,Application,622716207532,NA,0.84840000000000,3.95740000000000,0.20360000000000,14.55260000000000,17.3088,NA,622716200661,0.8907,0.6871,0.2036,13.4114,1.8283,1.8283,0.0000,NA,0.0000,2.7562,NA,NA
q2rtx.exe,39492,0x177137A1C80,DXGI,0,512,1,Hardware: Independent Flip,Application,622716210148,NA,0.26160000000000,4.57560000000000,0.11010000000000,14.42750000000000,21.6228,NA,622716209568,0.1681,0.0580,0.1101,14.3490,0.1365,0.1365,0.0000,NA,0.0000,7.1953,NA,NA
q2rtx.exe,39492,0x177137A1C80,DXGI,0,512,1,Hardware: Independent Flip,Application,622716336175,14.0121,12.60270000000000,5.35380000000000,0.29460000000000,14.37310000000000,14.3739,NA,622716211249,12.7872,12.4926,0.2946,14.3174,12.5483,12.5447,0.0036,0.1253,16266.5560,0.0008,NA,NA
q2rtx.exe,39492,0x177137A1C80,DXGI,0,512,1,Hardware: Independent Flip,Application,622716354817,NA,1.86420000000000,5.41810000000000,0.15970000000000,13.84980000000000,17.9278,NA,622716339121,1.7293,1.5696,0.1597,14.0785,1.3409,1.3409,0.0000,NA,0.0000,4.0780,NA,NA
q2rtx.exe,39492,0x177137A1C80,DXGI,0,512,1,Hardware: Independent Flip,Application,622716356972,NA,0.21550000000000,3.81090000000000,0.10940000000000,13.83570000000000,21.5232,NA,622716356414,0.1652,0.0558,0.1094,13.6901,0.2014,0.2014,0.0000,NA,0.0000,7.6875,NA,NA
q2rtx.exe,39492,0x177137A1C80,DXGI,0,512,1,Hardware: Independent Flip,Application,622716486752,15.4762,12.97800000000000,6.44380000000000,0.17800000000000,14.13110000000000,14.9890,NA,622716358066,13.0466,12.8686,0.1780,13.7263,13.2734,13.2672,0.0062,-0.1966,16282.0322,0.8579,NA,NA
q2rtx.exe,39492,0x177137A1C80,DXGI,0,512,1,Hardware: Independent Flip,Application,622716494485,NA,0.77330000000000,4.08920000000000,0.18160000000000,14.67190000000000,18.3049,NA,622716488532,0.7769,0.5953,0.1816,13.9531,1.3141,1.3141,0.0000,NA,0.0000,3.6330,NA,NA
q2rtx.exe,39492,0x177137A1C80,DXGI,0,512,1,Hardware: Independent Flip,Application,622716496854,NA,0.23690000000000,4.92580000000000,0.11030000000000,14.64490000000000,22.9938,NA,622716496301,0.1656,0.0553,0.1103,14.4903,0.2099,0.2099,0.0000,NA,0.0000,8.3489,NA,NA
q2rtx.exe,39492,0x177137A1C80,DXGI,0,512,1,Hardware: Independent Flip,Application,622716629379,13.6103,13.25250000000000,4.98160000000000,0.16370000000000,14.01950000000000,14.7229,NA,622716497957,13.3059,13.1422,0.1637,14.5346,12.6271,12.6240,0.0031,-0.3863,16295.6425,0.7034,NA,NA
q2rtx.exe,39492,0x177137A1C80,DXGI,0,512,1,Hardware: Independent Flip,Application,622716642338,NA,1.29590000000000,3.74420000000000,0.19310000000000,14.18540000000000,17.1712,NA,622716631016,1.3253,1.1322,0.1931,13.8558,1.4618,1.4618,0.0000,NA,0.0000,2.9858,NA,NA
q2rtx.exe,39492,0x177137A1C80,DXGI,0,512,1,Hardware: Independent Flip,Application,622716644837,NA,0.24990000000000,4.58590000000000,0.11320000000000,14.14110000000000,21.5072,NA,622716644269,0.1700,0.0568,0.1132,13.9923,0.2056,0.2056,0.0000,NA,0.0000,7.3661,NA,NA
q2rtx.exe,39492,0x177137A1C80,DXGI,0,512,1,Hardware: Independent Flip,Application,622716770710,14.3262,12.58730000000000,6.46740000000000,0.16170000000000,15.38630000000000,15.3873,NA,622716645969,12.6358,12.4741,0.1617,14.0279,13.8325,13.8282,0.0043,-0.4713,16309.9687,0.0010,NA,NA
q2rtx.exe,39492,0x177137A1C80,DXGI,0,512,1,Hardware: Independent Flip,Application,622716785259,NA,1.45490000000000,5.19490000000000,0.19900000000000,14.84400000000000,19.1273,NA,622716772327,1.4922,1.2932,0.1990,15.2246,0.9126,0.9126,0.0000,NA,0.0000,4.2833,NA,NA
q2rtx.exe,39492,0x177137A1C80,DXGI,0,512,1,Hardware: Independent Flip,Application,622716787786,NA,0.25270000000000,4.66790000000000,0.10870000000000,14.81050000000000,23.5425,NA,622716787249,0.1624,0.0537,0.1087,14.6450,0.2192,0.2192,0.0000,NA,0.0000,8.7320,NA,NA
q2rtx.exe,39492,0x177137A1C80,DXGI,0,512,1,Hardware: Independent Flip,Application,622716926236,14.7884,13.84500000000000,4.68110000000000,0.15640000000000,13.59860000000000,14.3786,NA,622716788873,13.8927,13.7363,0.1564,14.7018,12.6331,12.6291,0.0040,0.2445,16324.7571,0.7800,NA,NA
q2rtx.exe,39492,0x177137A1C80,DXGI,0,512,1,Hardware: Independent Flip,Application,622716934789,NA,0.85530000000000,3.81360000000000,0.21050000000000,14.06810000000000,17.3369,NA,622716927800,0.9094,0.6989,0.2105,13.4422,1.3248,1.3248,0.0000,NA,0.0000,3.2688,NA,NA
q2rtx.exe,39492,0x177137A1C80,DXGI,0,512,1,Hardware: Independent Flip,Application,622716937465,NA,0.26760000000000,4.73560000000000,0.11380000000000,14.01100000000000,21.8049,NA,622716936894,0.1709,0.0571,0.1138,13.8576,0.2105,0.2105,0.0000,NA,0.0000,7.7939,NA,NA
q2rtx.exe,39492,0x177137A1C80,DXGI,0,512,1,Hardware: Independent Flip,Application,622717063453,14.0014,12.59880000000000,6.01950000000000,0.20100000000000,15.22460000000000,15.2256,NA,622716938603,12.6860,12.4850,0.2010,13.8972,13.8124,13.8083,0.0041,-0.5673,16338.7585,0.0010,NA,NA
q2rtx.exe,39492,0x177137A1C80,DXGI,0,512,1,Hardware: Independent Flip,Application,622717076740,NA,1.32870000000000,5.37540000000000,0.14850000000000,14.82820000000000,19.2723,NA,622717065463,1.2762,1.1277,0.1485,15.0236,0.9323,0.9323,0.0000,NA,0.0000,4.4441,NA,NA
q2rtx.exe,39492,0x177137A1C80,DXGI,0,512,1,Hardware: Independent Flip,Application,622717078765,NA,0.20250000000000,4.32690000000000,0.13340000000000,14.83780000000000,23.3967,NA,622717078225,0.1874,0.0540,0.1334,14.6797,0.2121,0.2121,0.0000,NA,0.0000,8.5589,NA,NA
q2rtx.exe,39492,0x177137A1C80,DXGI,0,512,1,Hardware: Independent Flip,Application,622717217063,15.4843,13.82980000000000,4.67640000000000,0.15920000000000,13.59640000000000,14.2433,NA,622717080099,13.8556,13.6964,0.1592,14.7044,12.5884,12.5853,0.0031,1.1056,16354.2428,0.6469,NA,NA
q2rtx.exe,39492,0x177137A1C80,DXGI,0,512,1,Hardware: Independent Flip,Application,622717226127,NA,0.90640000000000,3.94540000000000,0.19430000000000,13.97120000000000,17.2823,NA,622717218655,0.9415,0.7472,0.1943,13.4372,1.2812,1.2812,0.0000,NA,0.0000,3.3111,NA,NA
q2rtx.exe,39492,0x177137A1C80,DXGI,0,512,1,Hardware: Independent Flip,Application,622717228640,NA,0.25130000000000,4.56340000000000,0.11340000000000,13.92280000000000,21.5944,NA,622717228070,0.1704,0.0570,0.1134,13.7769,0.2029,0.2029,0.0000,NA,0.0000,7.6716,NA,NA
q2rtx.exe,39492,0x177137A1C80,DXGI,0,512,1,Hardware: Independent Flip,Application,622717354140,13.6503,12.55000000000000,6.03310000000000,0.16610000000000,15.07670000000000,15.0775,NA,622717229774,12.6027,12.4366,0.1661,13.8094,13.7039,13.6987,0.0052,-0.8916,16367.8931,0.0008,NA,NA
q2rtx.exe,39492,0x177137A1C80,DXGI,0,512,1,Hardware: Independent Flip,Application,622717366922,NA,1.27820000000000,5.14140000000000,0.19240000000000,14.67590000000000,18.9407,NA,622717355801,1.3045,1.1121,0.1924,14.9106,0.8774,0.8774,0.0000,NA,0.0000,4.2648,NA,NA
q2rtx.exe,39492,0x177137A1C80,DXGI,0,512,1,Hardware: Independent Flip,Application,622717369388,NA,0.24660000000000,4.54950000000000,0.10690000000000,14.63440000000000,23.2436,NA,622717368846,0.1611,0.0542,0.1069,14.4835,0.2051,0.2051,0.0000,NA,0.0000,8.6092,NA,NA
q2rtx.exe,39492,0x177137A1C80,DXGI,0,512,1,Hardware: Independent Flip,Application,622717506693,15.3704,13.73050000000000,4.65260000000000,0.15960000000000,13.42620000000000,14.1657,NA,622717370457,13.7832,13.6236,0.1596,14.5275,12.5223,12.5180,0.0043,1.0269,16383.2635,0.7395,NA,NA
q2rtx.exe,39492,0x177137A1C80,DXGI,0,512,1,Hardware: Independent Flip,Application,622717514592,NA,0.78990000000000,3.80590000000000,0.17730000000000,13.92140000000000,17.1817,NA,622717508289,0.8076,0.6303,0.1773,13.2666,1.2851,1.2851,0.0000,NA,0.0000,3.2603,NA,NA
q2rtx.exe,39492,0x177137A1C80,DXGI,0,512,1,Hardware: Independent Flip,Application,622717516878,NA,0.22860000000000,4.51720000000000,0.10560000000000,13.89830000000000,21.4703,NA,622717516365,0.1569,0.0513,0.1056,13.7441,0.2055,0.2055,0.0000,NA,0.0000,7.5720,NA,NA
q2rtx.exe,39492,0x177137A1C80,DXGI,0,512,1,Hardware: Independent Flip,Application,622717642619,13.6700,12.57410000000000,6.12150000000000,0.20390000000000,15.01690000000000,15.0177,NA,622717517934,12.6724,12.4685,0.2039,13.7927,13.6927,13.6884,0.0043,-0.7746,16396.9335,0.0008,NA,NA
q2rtx.exe,39492,0x177137A1C80,DXGI,0,512,1,Hardware: Independent Flip,Application,622717654997,NA,1.23780000000000,5.13650000000000,0.17880000000000,14.95350000000000,18.9164,NA,622717644658,1.2127,1.0339,0.1788,14.8130,1.1744,1.1744,0.0000,NA,0.0000,3.9629,NA,NA
q2rtx.exe,39492,0x177137A1C80,DXGI,0,512,1,Hardware: Independent Flip,Application,622717657358,NA,0.23610000000000,4.48960000000000,0.11290000000000,14.94720000000000,23.1699,NA,622717656785,0.1702,0.0573,0.1129,14.7747,0.2298,0.2298,0.0000,NA,0.0000,8.2227,NA,NA
q2rtx.exe,39492,0x177137A1C80,DXGI,0,512,1,Hardware: Independent Flip,Application,622717794727,15.2202,13.73690000000000,5.61440000000000,0.18730000000000,14.24040000000000,15.0474,NA,622717658487,13.8113,13.6240,0.1873,14.8343,13.0301,13.0253,0.0048,-0.0203,16412.1537,0.8070,NA,NA
q2rtx.exe,39492,0x177137A1C80,DXGI,0,512,1,Hardware: Independent Flip,Application,622717805899,NA,1.11720000000000,4.00210000000000,0.27870000000000,14.53290000000000,17.9323,NA,622717796600,1.2086,0.9299,0.2787,14.0531,1.4097,1.4010,0.0087,NA,0.0000,3.3994,NA,NA
q2rtx.exe,39492,0x177137A1C80,DXGI,0,512,1,Hardware: Independent Flip,Application,622717809283,NA,0.33840000000000,4.80990000000000,0.12020000000000,14.37410000000000,22.4038,NA,622717808686,0.1799,0.0597,0.1202,14.2542,0.1796,0.1796,0.0000,NA,0.0000,8.0297,NA,NA
q2rtx.exe,39492,0x177137A1C80,DXGI,0,512,1,Hardware: Independent Flip,Application,622717938334,13.5200,12.90510000000000,4.48060000000000,0.16280000000000,13.97850000000000,13.9793,NA,622717810485,12.9477,12.7849,0.1628,14.2539,12.5095,12.5046,0.0049,0.2274,16425.6737,0.0008,NA,NA
q2rtx.exe,39492,0x177137A1C80,DXGI,0,512,1,Hardware: Independent Flip,Application,622717952314,NA,1.39800000000000,4.44590000000000,0.17170000000000,13.87660000000000,17.0272,NA,622717939962,1.4069,1.2352,0.1717,13.8157,1.2961,1.2961,0.0000,NA,0.0000,3.1506,NA,NA
q2rtx.exe,39492,0x177137A1C80,DXGI,0,512,1,Hardware: Independent Flip,Application,622717954577,NA,0.22630000000000,4.41130000000000,0.10840000000000,13.85570000000000,21.2122,NA,622717954031,0.1630,0.0546,0.1084,13.7049,0.2054,0.2054,0.0000,NA,0.0000,7.3565,NA,NA
q2rtx.exe,39492,0x177137A1C80,DXGI,0,512,1,Hardware: Independent Flip,Application,622718080169,15.1836,12.55920000000000,6.34290000000000,0.21050000000000,14.99510000000000,14.9959,NA,622717955661,12.6613,12.4508,0.2105,13.7473,13.6986,13.6943,0.0043,-0.0165,16440.8573,0.0008,NA,NA
q2rtx.exe,39492,0x177137A1C80,DXGI,0,512,1,Hardware: Independent Flip,Application,622718092517,NA,1.23480000000000,5.23080000000000,0.20940000000000,14.67030000000000,18.9919,NA,622718082274,1.2337,1.0243,0.2094,14.7846,0.9100,0.9100,0.0000,NA,0.0000,4.3216,NA,NA
q2rtx.exe,39492,0x177137A1C80,DXGI,0,512,1,Hardware: Independent Flip,Application,622718095169,NA,0.26520000000000,4.89880000000000,0.10980000000000,14.61110000000000,23.6255,NA,622718094611,0.1656,0.0558,0.1098,14.4609,0.2060,0.2060,0.0000,NA,0.0000,9.0144,NA,NA
q2rtx.exe,39492,0x177137A1C80,DXGI,0,512,1,Hardware: Independent Flip,Application,622718231974,14.3516,13.68050000000000,4.32950000000000,0.17370000000000,13.54600000000000,14.2745,NA,622718096267,13.7444,13.5707,0.1737,14.5013,12.6154,12.6125,0.0029,-0.1075,16455.2089,0.7285,NA,NA
q2rtx.exe,39492,0x177137A1C80,DXGI,0,512,1,Hardware: Independent Flip,Application,622718240357,NA,0.83830000000000,3.85800000000000,0.19750000000000,14.36490000000000,17.2942,NA,622718233711,0.8621,0.6646,0.1975,13.3723,1.6572,1.6572,0.0000,NA,0.0000,2.9293,NA,NA
q2rtx.exe,39492,0x177137A1C80,DXGI,0,512,1,Hardware: Independent Flip,Application,622718242902,NA,0.25450000000000,4.56650000000000,0.11410000000000,14.32000000000000,21.6062,NA,622718242332,0.1711,0.0570,0.1141,14.1674,0.2096,0.2096,0.0000,NA,0.0000,7.2862,NA,NA
q2rtx.exe,39492,0x177137A1C80,DXGI,0,512,1,Hardware: Independent Flip,Application,622718368699,13.9534,12.57970000000000,6.51350000000000,0.27930000000000,15.53920000000000,15.5400,NA,622718244043,12.7449,12.4656,0.2793,14.2059,13.7989,13.7947,0.0042,-0.9846,16469.1623,0.0008,NA,NA
q2rtx.exe,39492,0x177137A1C80,DXGI,0,512,1,Hardware: Independent Flip,Application,622718385158,NA,1.64590000000000,5.64610000000000,0.22490000000000,14.78730000000000,19.5402,NA,622718371492,1.5915,1.3666,0.2249,15.2599,0.8940,0.8940,0.0000,NA,0.0000,4.7529,NA,NA
q2rtx.exe,39492,0x177137A1C80,DXGI,0,512,1,Hardware: Independent Flip,Application,622718388178,NA,0.30200000000000,4.30680000000000,0.13470000000000,14.69880000000000,23.5450,NA,622718387407,0.2118,0.0771,0.1347,14.5624,0.2135,0.2135,0.0000,NA,0.0000,8.8462,NA,NA
q2rtx.exe,39492,0x177137A1C80,DXGI,0,512,1,Hardware: Independent Flip,Application,622718526062,15.2528,13.78840000000000,4.43490000000000,0.16290000000000,13.43260000000000,14.1915,NA,622718389525,13.8166,13.6537,0.1629,14.5641,12.5222,12.5189,0.0033,0.8650,16484.4151,0.7589,NA,NA
q2rtx.exe,39492,0x177137A1C80,DXGI,0,512,1,Hardware: Independent Flip,Application,622718534132,NA,0.80700000000000,3.80350000000000,0.20520000000000,14.32240000000000,17.1880,NA,622718527691,0.8493,0.6441,0.2052,13.2697,1.6968,1.6968,0.0000,NA,0.0000,2.8656,NA,NA
q2rtx.exe,39492,0x177137A1C80,DXGI,0,512,1,Hardware: Independent Flip,Application,622718536778,NA,0.26460000000000,4.87800000000000,0.11380000000000,14.26210000000000,21.8014,NA,622718536184,0.1732,0.0594,0.1138,14.1172,0.2043,0.2043,0.0000,NA,0.0000,7.5393,NA,NA
q2rtx.exe,39492,0x177137A1C80,DXGI,0,512,1,Hardware: Independent Flip,Application,622718661781,13.6716,12.50030000000000,5.58410000000000,0.29770000000000,14.88410000000000,14.8852,NA,622718537916,12.6842,12.3865,0.2977,14.1483,13.1223,13.1154,0.0069,-0.5940,16498.0867,0.0011,NA,NA
q2rtx.exe,39492,0x177137A1C80,DXGI,0,512,1,Hardware: Independent Flip,Application,622718678456,NA,1.66750000000000,5.26360000000000,0.18550000000000,14.46740000000000,18.4813,NA,622718664758,1.5553,1.3698,0.1855,14.5864,1.2508,1.2508,0.0000,NA,0.0000,4.0139,NA,NA
q2rtx.exe,39492,0x177137A1C80,DXGI,0,512,1,Hardware: Independent Flip,Application,622718680860,NA,0.24040000000000,4.23790000000000,0.10710000000000,14.43280000000000,22.4788,NA,622718680311,0.1620,0.0549,0.1071,14.2819,0.2058,0.2058,0.0000,NA,0.0000,8.0460,NA,NA
q2rtx.exe,39492,0x177137A1C80,DXGI,0,512,1,Hardware: Independent Flip,Application,622718812379,15.7308,13.15190000000000,5.84280000000000,0.17970000000000,14.49040000000000,15.1697,NA,622718681931,13.2245,13.0448,0.1797,14.3257,13.2095,13.2095,0.0000,0.3865,16513.8175,0.6793,NA,NA
q2rtx.exe,39492,0x177137A1C80,DXGI,0,512,1,Hardware: Independent Flip,Application,622718824260,NA,1.18810000000000,4.21970000000000,0.18640000000000,14.66380000000000,18.2013,NA,622718814176,1.1948,1.0084,0.1864,14.3107,1.3615,1.3615,0.0000,NA,0.0000,3.5375,NA,NA
q2rtx.exe,39492,0x177137A1C80,DXGI,0,512,1,Hardware: Independent Flip,Application,622718826674,NA,0.24140000000000,4.90880000000000,0.10670000000000,14.73380000000000,22.8687,NA,622718826124,0.1617,0.0550,0.1067,14.4774,0.3114,0.3114,0.0000,NA,0.0000,8.1349,NA,NA
q2rtx.exe,39492,0x177137A1C80,DXGI,0,512,1,Hardware: Independent Flip,Application,622718958511,13.6075,13.18370000000000,5.38840000000000,0.17370000000000,14.62050000000000,15.0734,NA,622718827741,13.2507,13.0770,0.1737,14.6271,13.0704,13.0668,0.0036,-0.9094,16527.4250,0.4529,NA,NA
q2rtx.exe,39492,0x177137A1C80,DXGI,0,512,1,Hardware: Independent Flip,Application,622718971902,NA,1.33910000000000,4.24610000000000,0.13280000000000,14.54550000000000,17.9804,NA,622718960248,1.2982,1.1654,0.1328,14.4468,1.2641,1.2641,0.0000,NA,0.0000,3.4349,NA,NA
q2rtx.exe,39492,0x177137A1C80,DXGI,0,512,1,Hardware: Independent Flip,Application,622718975092,NA,0.31900000000000,4.67420000000000,0.15510000000000,14.43700000000000,22.3356,NA,622718973230,0.3413,0.1862,0.1551,14.4127,0.2105,0.2105,0.0000,NA,0.0000,7.8986,NA,NA
q2rtx.exe,39492,0x177137A1C80,DXGI,0,512,1,Hardware: Independent Flip,Application,622719106408,15.1270,13.13160000000000,5.50200000000000,0.18230000000000,14.56650000000000,14.7060,NA,622718976643,13.1588,12.9765,0.1823,14.2819,13.2611,13.2570,0.0041,0.7047,16542.5520,0.1395,NA,NA
q2rtx.exe,39492,0x177137A1C80,DXGI,0,512,1,Hardware: Independent Flip,Application,622719118449,NA,1.20410000000000,4.63340000000000,0.20450000000000,14.63670000000000,18.1353,NA,622719108231,1.2263,1.0218,0.2045,14.3842,1.2743,1.2743,0.0000,NA,0.0000,3.4986,NA,NA
q2rtx.exe,39492,0x177137A1C80,DXGI,0,512,1,Hardware: Independent Flip,Application,622719121121,NA,0.26720000000000,4.75020000000000,0.12850000000000,14.58880000000000,22.6183,NA,622719120494,0.1912,0.0627,0.1285,14.4322,0.2193,0.2193,0.0000,NA,0.0000,8.0295,NA,NA
q2rtx.exe,39492,0x177137A1C80,DXGI,0,512,1,Hardware: Independent Flip,Application,622719253252,14.7292,13.21310000000000,5.63780000000000,0.15760000000000,14.70590000000000,15.0430,NA,622719122406,13.2422,13.0846,0.1576,14.4603,13.3302,13.3259,0.0043,-0.2922,16557.2812,0.3371,NA,NA
q2rtx.exe,39492,0x177137A1C80,DXGI,0,512,1,Hardware: Independent Flip,Application,622719265888,NA,1.26360000000000,4.56480000000000,0.21050000000000,14.75260000000000,18.3442,NA,622719254828,1.3165,1.1060,0.2105,14.5483,1.3103,1.3103,0.0000,NA,0.0000,3.5916,NA,NA
q2rtx.exe,39492,0x177137A1C80,DXGI,0,512,1,Hardware: Independent Flip,Application,622719268583,NA,0.26950000000000,4.88030000000000,0.12660000000000,14.69510000000000,22.9550,NA,622719267993,0.1856,0.0590,0.1266,14.5421,0.2120,0.2120,0.0000,NA,0.0000,8.2599,NA,NA
q2rtx.exe,39492,0x177137A1C80,DXGI,0,512,1,Hardware: Independent Flip,Application,622719401660,14.7569,13.30770000000000,5.25520000000000,0.17440000000000,14.69990000000000,14.9025,NA,622719269849,13.3555,13.1811,0.1744,14.5685,13.3125,13.3096,0.0029,0.0566,16572.0381,0.2026,NA,NA
q2rtx.exe,39492,0x177137A1C80,DXGI,0,512,1,Hardware: Independent Flip,Application,622719414869,NA,1.32090000000000,4.63290000000000,0.18730000000000,14.58580000000000,18.2145,NA,622719403404,1.3338,1.1465,0.1873,14.5255,1.2068,1.2068,0.0000,NA,0.0000,3.6287,NA,NA
q2rtx.exe,39492,0x177137A1C80,DXGI,0,512,1,Hardware: Independent Flip,Application,622719417385,NA,0.25160000000000,4.82200000000000,0.12900000000000,14.55120000000000,22.7849,NA,622719416742,0.1933,0.0643,0.1290,14.3985,0.2170,0.2170,0.0000,NA,0.0000,8.2337,NA,NA
q2rtx.exe,39492,0x177137A1C80,DXGI,0,512,1,Hardware: Independent Flip,Application,622719550000,14.8694,13.26150000000000,5.13340000000000,0.15850000000000,14.58060000000000,14.6568,NA,622719418675,13.2910,13.1325,0.1585,14.4222,13.2909,13.2861,0.0048,0.2811,16586.9075,0.0762,NA,NA
q2rtx.exe,39492,0x177137A1C80,DXGI,0,512,1,Hardware: Independent Flip,Application,622719561968,NA,1.19680000000000,4.77670000000000,0.18750000000000,14.69530000000000,18.2367,NA,622719551585,1.2258,1.0383,0.1875,14.4221,1.3115,1.3115,0.0000,NA,0.0000,3.5414,NA,NA
q2rtx.exe,39492,0x177137A1C80,DXGI,0,512,1,Hardware: Independent Flip,Application,622719564585,NA,0.26170000000000,4.82390000000000,0.13130000000000,14.63730000000000,22.7989,NA,622719563843,0.2055,0.0742,0.1313,14.5078,0.2037,0.2037,0.0000,NA,0.0000,8.1616,NA,NA
q2rtx.exe,39492,0x177137A1C80,DXGI,0,512,1,Hardware: Independent Flip,Application,622719697107,14.9381,13.25220000000000,4.53360000000000,0.18740000000000,13.97140000000000,14.0803,NA,622719565898,13.3083,13.1209,0.1874,14.5060,12.5863,12.5831,0.0032,0.8039,16601.8456,0.1089,NA,NA
q2rtx.exe,39492,0x177137A1C80,DXGI,0,512,1,Hardware: Independent Flip,Application,622719710057,NA,1.29500000000000,4.57750000000000,0.19850000000000,14.07780000000000,17.3628,NA,622719698981,1.3061,1.1076,0.1985,13.7840,1.4014,1.4014,0.0000,NA,0.0000,3.2850,NA,NA
q2rtx.exe,39492,0x177137A1C80,DXGI,0,512,1,Hardware: Independent Flip,Application,622719712596,NA,0.25390000000000,4.65970000000000,0.10930000000000,14.03240000000000,21.7686,NA,622719712042,0.1647,0.0554,0.1093,13.8793,0.2085,0.2085,0.0000,NA,0.0000,7.7362,NA,NA
q2rtx.exe,39492,0x177137A1C80,DXGI,0,512,1,Hardware: Independent Flip,Application,622719838050,14.8973,12.54540000000000,5.47610000000000,0.15690000000000,14.69840000000000,14.6993,NA,622719713689,12.5930,12.4361,0.1569,13.9231,13.2114,13.2068,0.0046,0.1840,16616.7429,0.0009,NA,NA
q2rtx.exe,39492,0x177137A1C80,DXGI,0,512,1,Hardware: Independent Flip,Application,622719851817,NA,1.37670000000000,5.13050000000000,0.17520000000000,14.66330000000000,18.4531,NA,622719839619,1.3950,1.2198,0.1752,14.5415,1.3416,1.3416,0.0000,NA,0.0000,3.7898,NA,NA
q2rtx.exe,39492,0x177137A1C80,DXGI,0,512,1,Hardware: Independent Flip,Application,622719854114,NA,0.22970000000000,4.67790000000000,0.10970000000000,14.64380000000000,22.9013,NA,622719853569,0.1642,0.0545,0.1097,14.4881,0.2102,0.2102,0.0000,NA,0.0000,8.2575,NA,NA
q2rtx.exe,39492,0x177137A1C80,DXGI,0,512,1,Hardware: Independent Flip,Application,622719986404,14.8675,13.22900000000000,5.49020000000000,0.17300000000000,14.76000000000000,15.1625,NA,622719855211,13.2923,13.1193,0.1730,14.5341,13.3452,13.3408,0.0044,-0.4311,16631.6104,0.4025,NA,NA
q2rtx.exe,39492,0x177137A1C80,DXGI,0,512,1,Hardware: Independent Flip,Application,622719999738,NA,1.33340000000000,4.56920000000000,0.18580000000000,14.68880000000000,18.3983,NA,622719988134,1.3462,1.1604,0.1858,14.5870,1.2622,1.2622,0.0000,NA,0.0000,3.7095,NA,NA
q2rtx.exe,39492,0x177137A1C80,DXGI,0,512,1,Hardware: Independent Flip,Application,622720002208,NA,0.24700000000000,4.95610000000000,0.11400000000000,14.65310000000000,23.1074,NA,622720001596,0.1752,0.0612,0.1140,14.5030,0.2113,0.2113,0.0000,NA,0.0000,8.4543,NA,NA
q2rtx.exe,39492,0x177137A1C80,DXGI,0,512,1,Hardware: Independent Flip,Application,622720135290,14.1118,13.30820000000000,4.89800000000000,0.17550000000000,14.50200000000000,14.6972,NA,622720003348,13.3697,13.1942,0.1755,14.5391,13.1571,13.1542,0.0029,-0.3115,16645.7222,0.1952,NA,NA
q2rtx.exe,39492,0x177137A1C80,DXGI,0,512,1,Hardware: Independent Flip,Application,622720147662,NA,1.23720000000000,4.56060000000000,0.17730000000000,14.55580000000000,18.0206,NA,622720137045,1.2390,1.0617,0.1773,14.3265,1.2910,1.2910,0.0000,NA,0.0000,3.4648,NA,NA
q2rtx.exe,39492,0x177137A1C80,DXGI,0,512,1,Hardware: Independent Flip,Application,622720149963,NA,0.23010000000000,4.73070000000000,0.10810000000000,14.53960000000000,22.5212,NA,622720149435,0.1609,0.0528,0.1081,14.3785,0.2139,0.2139,0.0000,NA,0.0000,7.9816,NA,NA
q2rtx.exe,39492,0x177137A1C80,DXGI,0,512,1,Hardware: Independent Flip,Application,622720281584,14.9211,13.16210000000000,5.33350000000000,0.17970000000000,14.69190000000000,14.6926,NA,622720151044,13.2337,13.0540,0.1797,14.4315,13.3144,13.3106,0.0038,0.2963,16660.6433,0.0007,NA,NA
q2rtx.exe,39492,0x177137A1C80,DXGI,0,512,1,Hardware: Independent Flip,Application,622720294150,NA,1.25660000000000,4.90610000000000,0.17300000000000,14.73870000000000,18.3421,NA,622720283381,1.2499,1.0769,0.1730,14.5122,1.3034,1.3034,0.0000,NA,0.0000,3.6034,NA,NA
q2rtx.exe,39492,0x177137A1C80,DXGI,0,512,1,Hardware: Independent Flip,Application,622720296390,NA,0.22400000000000,4.83140000000000,0.10710000000000,14.71280000000000,22.9495,NA,622720295880,0.1581,0.0510,0.1071,14.5657,0.1981,0.1981,0.0000,NA,0.0000,8.2367,NA,NA
q2rtx.exe,39492,0x177137A1C80,DXGI,0,512,1,Hardware: Independent Flip,Application,622720430052,14.9888,13.36620000000000,5.47920000000000,0.16220000000000,14.75370000000000,15.0625,NA,622720297461,13.4213,13.2591,0.1622,14.6057,13.4071,13.4024,0.0047,-0.2279,16675.6321,0.3088,NA,NA
q2rtx.exe,39492,0x177137A1C80,DXGI,0,512,1,Hardware: Independent Flip,Application,622720442632,NA,1.25800000000000,4.67030000000000,0.15760000000000,14.78820000000000,18.4748,NA,622720431674,1.2534,1.0958,0.1576,14.5915,1.2925,1.2925,0.0000,NA,0.0000,3.6866,NA,NA
q2rtx.exe,39492,0x177137A1C80,DXGI,0,512,1,Hardware: Independent Flip,Application,622720444763,NA,0.21310000000000,4.95650000000000,0.11160000000000,14.79000000000000,23.2182,NA,622720444208,0.1671,0.0555,0.1116,14.6306,0.2149,0.2149,0.0000,NA,0.0000,8.4282,NA,NA
q2rtx.exe,39492,0x177137A1C80,DXGI,0,512,1,Hardware: Independent Flip,Application,622720578763,14.6366,13.40000000000000,4.94200000000000,0.19740000000000,14.66170000000000,14.7602,NA,622720445879,13.4858,13.2884,0.1974,14.6784,13.2717,13.2677,0.0040,0.0678,16690.2687,0.0985,NA,NA
q2rtx.exe,39492,0x177137A1C80,DXGI,0,512,1,Hardware: Independent Flip,Application,622720591610,NA,1.28470000000000,4.73300000000000,0.17270000000000,14.66950000000000,18.2085,NA,622720580737,1.2600,1.0873,0.1727,14.4643,1.2925,1.2925,0.0000,NA,0.0000,3.5390,NA,NA
q2rtx.exe,39492,0x177137A1C80,DXGI,0,512,1,Hardware: Independent Flip,Application,622720593890,NA,0.22800000000000,4.80700000000000,0.10940000000000,14.65130000000000,22.7875,NA,622720593337,0.1647,0.0553,0.1094,14.4968,0.2098,0.2098,0.0000,NA,0.0000,8.1362,NA,NA
q2rtx.exe,39492,0x177137A1C80,DXGI,0,512,1,Hardware: Independent Flip,Application,622720726652,14.8823,13.27620000000000,5.14840000000000,0.18130000000000,14.65880000000000,14.6597,NA,622720594984,13.3481,13.1668,0.1813,14.5419,13.2837,13.2786,0.0051,0.1939,16705.1510,0.0009,NA,NA
q2rtx.exe,39492,0x177137A1C80,DXGI,0,512,1,Hardware: Independent Flip,Application,622720739385,NA,1.27330000000000,4.97380000000000,0.19780000000000,14.66700000000000,18.3602,NA,622720728465,1.2898,1.0920,0.1978,14.4775,1.2815,1.2815,0.0000,NA,0.0000,3.6932,NA,NA
q2rtx.exe,39492,0x177137A1C80,DXGI,0,512,1,Hardware: Independent Flip,Application,622720741925,NA,0.25400000000000,4.81430000000000,0.10880000000000,14.62150000000000,22.9205,NA,622720741363,0.1650,0.0562,0.1088,14.4692,0.2085,0.2085,0.0000,NA,0.0000,8.2990,NA,NA
q2rtx.exe,39492,0x177137A1C80,DXGI,0,512,1,Hardware: Independent Flip,Application,622720874688,14.9709,13.27630000000000,5.13880000000000,0.20200000000000,14.61140000000000,14.7830,NA,622720743013,13.3695,13.1675,0.2020,14.5127,13.2662,13.2618,0.0044,0.0440,16720.1219,0.1716,NA,NA
q2rtx.exe,39492,0x177137A1C80,DXGI,0,512,1,Hardware: Independent Flip,Application,622720887180,NA,1.24920000000000,4.76100000000000,0.19340000000000,14.67140000000000,18.2948,NA,622720876708,1.2406,1.0472,0.1934,14.4094,1.3092,1.3092,0.0000,NA,0.0000,3.6234,NA,NA
q2rtx.exe,39492,0x177137A1C80,DXGI,0,512,1,Hardware: Independent Flip,Application,622720889660,NA,0.24800000000000,4.89680000000000,0.11170000000000,14.61380000000000,22.9436,NA,622720889114,0.1663,0.0546,0.1117,14.4780,0.1904,0.1904,0.0000,NA,0.0000,8.3298,NA,NA
q2rtx.exe,39492,0x177137A1C80,DXGI,0,512,1,Hardware: Independent Flip,Application,622721022323,14.7741,13.26630000000000,4.41040000000000,0.18960000000000,14.02180000000000,14.0877,NA,622720890777,13.3442,13.1546,0.1896,14.5021,12.6743,12.6709,0.0034,0.7059,16734.8960,0.0659,NA,NA
q2rtx.exe,39492,0x177137A1C80,DXGI,0,512,1,Hardware: Independent Flip,Application,622721035022,NA,1.26990000000000,4.61710000000000,0.18560000000000,14.39450000000000,17.4349,NA,622721024219,1.2659,1.0803,0.1856,13.8322,1.6426,1.6426,0.0000,NA,0.0000,3.0404,NA,NA
q2rtx.exe,39492,0x177137A1C80,DXGI,0,512,1,Hardware: Independent Flip,Application,622721037431,NA,0.24090000000000,4.64770000000000,0.10880000000000,14.34410000000000,21.8417,NA,622721036878,0.1641,0.0553,0.1088,14.2089,0.1905,0.1905,0.0000,NA,0.0000,7.4976,NA,NA
q2rtx.exe,39492,0x177137A1C80,DXGI,0,512,1,Hardware: Independent Flip,Application,622721167730,14.8757,13.02990000000000,5.61470000000000,0.20470000000000,14.42570000000000,14.4265,NA,622721038519,13.1258,12.9211,0.2047,14.2353,13.1115,13.1066,0.0049,-0.0038,16749.7717,0.0008,NA,NA
q2rtx.exe,39492,0x177137A1C80,DXGI,0,512,1,Hardware: Independent Flip,Application,622721180417,NA,1.26870000000000,5.12270000000000,0.20710000000000,14.40550000000000,18.2805,NA,622721169777,1.2711,1.0640,0.2071,14.2210,1.2485,1.2485,0.0000,NA,0.0000,3.8750,NA,NA
q2rtx.exe,39492,0x177137A1C80,DXGI,0,512,1,Hardware: Independent Flip,Application,622721183041,NA,0.26240000000000,4.77820000000000,0.12710000000000,14.34770000000000,22.7963,NA,622721182488,0.1824,0.0553,0.1271,14.1984,0.2046,0.2046,0.0000,NA,0.0000,8.4486,NA,NA
q2rtx.exe,39492,0x177137A1C80,DXGI,0,512,1,Hardware: Independent Flip,Application,622721313256,14.8004,13.02150000000000,5.25600000000000,0.16580000000000,14.54960000000000,15.0308,NA,622721184312,13.0602,12.8944,0.1658,14.2206,13.2234,13.2183,0.0051,-0.3565,16764.5721,0.4812,NA,NA
q2rtx.exe,39492,0x177137A1C80,DXGI,0,512,1,Hardware: Independent Flip,Application,622721325576,NA,1.23200000000000,4.42450000000000,0.19180000000000,14.60470000000000,18.2233,NA,622721314914,1.2580,1.0662,0.1918,14.3838,1.2871,1.2871,0.0000,NA,0.0000,3.6186,NA,NA
q2rtx.exe,39492,0x177137A1C80,DXGI,0,512,1,Hardware: Independent Flip,Application,622721328055,NA,0.24790000000000,4.88340000000000,0.12990000000000,14.56980000000000,22.8588,NA,622721327494,0.1860,0.0561,0.1299,14.4129,0.2130,0.2130,0.0000,NA,0.0000,8.2890,NA,NA
q2rtx.exe,39492,0x177137A1C80,DXGI,0,512,1,Hardware: Independent Flip,Application,622721460156,13.9132,13.21010000000000,4.62770000000000,0.18160000000000,14.27570000000000,14.2764,NA,622721329354,13.2618,13.0802,0.1816,14.4399,12.9160,12.9131,0.0029,-0.0224,16778.4853,0.0007,NA,NA
q2rtx.exe,39492,0x177137A1C80,DXGI,0,512,1,Hardware: Independent Flip,Application,622721472714,NA,1.25580000000000,4.72170000000000,0.20470000000000,14.49090000000000,17.7423,NA,622721461972,1.2789,1.0742,0.2047,14.0941,1.4710,1.4710,0.0000,NA,0.0000,3.2514,NA,NA
q2rtx.exe,39492,0x177137A1C80,DXGI,0,512,1,Hardware: Independent Flip,Application,622721475286,NA,0.25720000000000,4.56870000000000,0.10740000000000,14.44440000000000,22.0538,NA,622721474761,0.1599,0.0525,0.1074,14.2862,0.2107,0.2107,0.0000,NA,0.0000,7.6094,NA,NA
q2rtx.exe,39492,0x177137A1C80,DXGI,0,512,1,Hardware: Independent Flip,Application,622721604151,15.1099,12.88650000000000,5.66960000000000,0.21630000000000,14.83570000000000,14.8369,NA,622721476360,12.9954,12.7791,0.2163,14.3370,13.2778,13.2737,0.0041,0.1499,16793.5952,0.0012,NA,NA
q2rtx.exe,39492,0x177137A1C80,DXGI,0,512,1,Hardware: Independent Flip,Application,622721618758,NA,1.46070000000000,5.11380000000000,0.19050000000000,14.69560000000000,18.4900,NA,622721606314,1.4349,1.2444,0.1905,14.6194,1.3206,1.3206,0.0000,NA,0.0000,3.7944,NA,NA
q2rtx.exe,39492,0x177137A1C80,DXGI,0,512,1,Hardware: Independent Flip,Application,622721621213,NA,0.24550000000000,4.84570000000000,0.11430000000000,14.65950000000000,23.0902,NA,622721620663,0.1693,0.0550,0.1143,14.5051,0.2094,0.2094,0.0000,NA,0.0000,8.4307,NA,NA
q2rtx.exe,39492,0x177137A1C80,DXGI,0,512,1,Hardware: Independent Flip,Application,622721754252,14.7482,13.30390000000000,5.22340000000000,0.20560000000000,14.59250000000000,15.0097,NA,622721622356,13.3952,13.1896,0.2056,14.5452,13.2369,13.2322,0.0047,-0.4347,16808.3434,0.4172,NA,NA
q2rtx.exe,39492,0x177137A1C80,DXGI,0,512,1,Hardware: Independent Flip,Application,622721767164,NA,1.29120000000000,4.51830000000000,0.21250000000000,14.58390000000000,18.2368,NA,622721756308,1.2981,1.0856,0.2125,14.3869,1.2826,1.2826,0.0000,NA,0.0000,3.6529,NA,NA
q2rtx.exe,39492,0x177137A1C80,DXGI,0,512,1,Hardware: Independent Flip,Application,622721769840,NA,0.26760000000000,4.91050000000000,0.10540000000000,14.52780000000000,22.8797,NA,622721769289,0.1605,0.0551,0.1054,14.3714,0.2115,0.2115,0.0000,NA,0.0000,8.3519,NA,NA
q2rtx.exe,39492,0x177137A1C80,DXGI,0,512,1,Hardware: Independent Flip,Application,622721901394,14.3453,13.15540000000000,4.92900000000000,0.16500000000000,14.65230000000000,14.6533,NA,622721770894,13.2150,13.0500,0.1650,14.4224,13.2799,13.2758,0.0041,-0.0125,16822.6887,0.0010,NA,NA
q2rtx.exe,39492,0x177137A1C80,DXGI,0,512,1,Hardware: Independent Flip,Application,622721913939,NA,1.25450000000000,4.82270000000000,0.17970000000000,14.71180000000000,18.2215,NA,622721903044,1.2692,1.0895,0.1797,14.4873,1.3140,1.3140,0.0000,NA,0.0000,3.5097,NA,NA
q2rtx.exe,39492,0x177137A1C80,DXGI,0,512,1,Hardware: Independent Flip,Application,622721916275,NA,0.23360000000000,4.74580000000000,0.10360000000000,14.70270000000000,22.7337,NA,622721915736,0.1575,0.0539,0.1036,14.5321,0.2245,0.2245,0.0000,NA,0.0000,8.0310,NA,NA
q2rtx.exe,39492,0x177137A1C80,DXGI,0,512,1,Hardware: Independent Flip,Application,622722049435,14.9595,13.31600000000000,5.27650000000000,0.19120000000000,14.59340000000000,14.6942,NA,622721917311,13.4036,13.2124,0.1912,14.5991,13.2067,13.2022,0.0045,0.1145,16837.6482,0.1008,NA,NA
q2rtx.exe,39492,0x177137A1C80,DXGI,0,512,1,Hardware: Independent Flip,Application,622722062196,NA,1.27610000000000,4.82790000000000,0.21140000000000,14.69190000000000,18.2460,NA,622722051347,1.2963,1.0849,0.2114,14.4022,1.3746,1.3746,0.0000,NA,0.0000,3.5541,NA,NA
q2rtx.exe,39492,0x177137A1C80,DXGI,0,512,1,Hardware: Independent Flip,Application,622722064885,NA,0.26890000000000,4.89930000000000,0.11020000000000,14.63950000000000,22.8764,NA,622722064310,0.1677,0.0575,0.1102,14.4805,0.2165,0.2165,0.0000,NA,0.0000,8.2369,NA,NA
q2rtx.exe,39492,0x177137A1C80,DXGI,0,512,1,Hardware: Independent Flip,Application,622722196635,14.8047,13.17500000000000,5.20480000000000,0.17770000000000,14.69640000000000,14.9062,NA,622722065987,13.2425,13.0648,0.1777,14.5293,13.2319,13.2285,0.0034,-0.1273,16852.4529,0.2098,NA,NA
q2rtx.exe,39492,0x177137A1C80,DXGI,0,512,1,Hardware: Independent Flip,Application,622722210421,NA,1.37860000000000,4.70890000000000,0.17980000000000,14.62030000000000,18.2365,NA,622722198412,1.3807,1.2009,0.1798,14.5187,1.3025,1.3025,0.0000,NA,0.0000,3.6162,NA,NA
q2rtx.exe,39492,0x177137A1C80,DXGI,0,512,1,Hardware: Independent Flip,Application,622722212773,NA,0.23520000000000,4.88900000000000,0.11060000000000,14.58670000000000,22.8903,NA,622722212219,0.1660,0.0554,0.1106,14.4405,0.2016,0.2016,0.0000,NA,0.0000,8.3036,NA,NA
q2rtx.exe,39492,0x177137A1C80,DXGI,0,512,1,Hardware: Independent Flip,Application,622722344829,14.7000,13.20560000000000,5.04590000000000,0.17260000000000,14.68860000000000,14.7306,NA,622722213879,13.2676,13.0950,0.1726,14.4761,13.3075,13.3033,0.0042,0.0562,16867.1529,0.0420,NA,NA
q2rtx.exe,39492,0x177137A1C80,DXGI,0,512,1,Hardware: Independent Flip,Application,622722357740,NA,1.29110000000000,4.83760000000000,0.19260000000000,14.68620000000000,18.2771,NA,622722346555,1.3111,1.1185,0.1926,14.5160,1.2887,1.2887,0.0000,NA,0.0000,3.5909,NA,NA
q2rtx.exe,39492,0x177137A1C80,DXGI,0,512,1,Hardware: Independent Flip,Application,622722360450,NA,0.27100000000000,4.85400000000000,0.13650000000000,14.62510000000000,22.8601,NA,622722359666,0.2149,0.0784,0.1365,14.4936,0.2099,0.2099,0.0000,NA,0.0000,8.2350,NA,NA
q2rtx.exe,39492,0x177137A1C80,DXGI,0,512,1,Hardware: Independent Flip,Application,622722492952,14.7503,13.25020000000000,5.06330000000000,0.18850000000000,14.62680000000000,14.6732,NA,622722361815,13.3022,13.1137,0.1885,14.4886,13.2519,13.2478,0.0041,-0.0046,16881.9032,0.0464,NA,NA
q2rtx.exe,39492,0x177137A1C80,DXGI,0,512,1,Hardware: Independent Flip,Application,622722505611,NA,1.26590000000000,4.86560000000000,0.21170000000000,14.65080000000000,18.2729,NA,622722494837,1.2891,1.0774,0.2117,14.4383,1.2899,1.2899,0.0000,NA,0.0000,3.6221,NA,NA
q2rtx.exe,39492,0x177137A1C80,DXGI,0,512,1,Hardware: Independent Flip,Application,622722508296,NA,0.26850000000000,4.88630000000000,0.11550000000000,14.59190000000000,22.8907,NA,622722507728,0.1723,0.0568,0.1155,14.4391,0.2096,0.2096,0.0000,NA,0.0000,8.2988,NA,NA
q2rtx.exe,39492,0x177137A1C80,DXGI,0,512,1,Hardware: Independent Flip,Application,622722640550,14.7963,13.22540000000000,5.15220000000000,0.16480000000000,14.76170000000000,14.8175,NA,622722509451,13.2747,13.1099,0.1648,14.4764,13.3952,13.3905,0.0047,-0.1078,16896.6995,0.0558,NA,NA
q2rtx.exe,39492,0x177137A1C80,DXGI,0,512,1,Hardware: Independent Flip,Application,622722653335,NA,1.27850000000000,4.90940000000000,0.18540000000000,14.78630000000000,18.4484,NA,622722642198,1.2991,1.1137,0.1854,14.5969,1.3031,1.3031,0.0000,NA,0.0000,3.6621,NA,NA
q2rtx.exe,39492,0x177137A1C80,DXGI,0,512,1,Hardware: Independent Flip,Application,622722655751,NA,0.24160000000000,4.93410000000000,0.10960000000000,14.75890000000000,23.1409,NA,622722655189,0.1658,0.0562,0.1096,14.6009,0.2142,0.2142,0.0000,NA,0.0000,8.3820,NA,NA
q2rtx.exe,39492,0x177137A1C80,DXGI,0,512,1,Hardware: Independent Flip,Application,622722789790,14.7917,13.40390000000000,4.92440000000000,0.19950000000000,14.56420000000000,14.6614,NA,622722656847,13.4938,13.2943,0.1995,14.6493,13.2092,13.2040,0.0052,0.0238,16911.4912,0.0972,NA,NA
q2rtx.exe,39492,0x177137A1C80,DXGI,0,512,1,Hardware: Independent Flip,Application,622722802336,NA,1.25460000000000,4.79610000000000,0.19400000000000,14.61000000000000,18.2029,NA,622722791785,1.2491,1.0551,0.1940,14.3647,1.3004,1.3004,0.0000,NA,0.0000,3.5929,NA,NA
q2rtx.exe,39492,0x177137A1C80,DXGI,0,512,1,Hardware: Independent Flip,Application,622722804834,NA,0.24980000000000,4.88050000000000,0.10840000000000,14.56560000000000,22.8336,NA,622722804276,0.1642,0.0558,0.1084,14.4160,0.2054,0.2054,0.0000,NA,0.0000,8.2680,NA,NA
q2rtx.exe,39492,0x177137A1C80,DXGI,0,512,1,Hardware: Independent Flip,Application,622722936641,14.6848,13.18070000000000,4.66430000000000,0.15930000000000,14.31630000000000,14.3172,NA,622722805918,13.2316,13.0723,0.1593,14.4572,12.9314,12.9283,0.0031,0.3439,16926.1760,0.0009,NA,NA
q2rtx.exe,39492,0x177137A1C80,DXGI,0,512,1,Hardware: Independent Flip,Application,622722949400,NA,1.27590000000000,4.82980000000000,0.17440000000000,14.37560000000000,17.8711,NA,622722938234,1.2910,1.1166,0.1744,14.1570,1.3352,1.3352,0.0000,NA,0.0000,3.4955,NA,NA
q2rtx.exe,39492,0x177137A1C80,DXGI,0,512,1,Hardware: Independent Flip,Application,622722951705,NA,0.23050000000000,4.73320000000000,0.10320000000000,14.36380000000000,22.3738,NA,622722951144,0.1593,0.0561,0.1032,14.2012,0.2187,0.2187,0.0000,NA,0.0000,8.0100,NA,NA
q2rtx.exe,39492,0x177137A1C80,DXGI,0,512,1,Hardware: Independent Flip,Application,622723081146,14.9285,12.94410000000000,5.14580000000000,0.19980000000000,14.57470000000000,14.5755,NA,622722952737,13.0407,12.8409,0.1998,14.2606,13.1550,13.1504,0.0046,0.2197,16941.1045,0.0008,NA,NA
q2rtx.exe,39492,0x177137A1C80,DXGI,0,512,1,Hardware: Independent Flip,Application,622723094488,NA,1.33420000000000,5.01150000000000,0.18000000000000,14.61860000000000,18.2528,NA,622723083144,1.3144,1.1344,0.1800,14.3749,1.3781,1.3781,0.0000,NA,0.0000,3.6342,NA,NA
q2rtx.exe,39492,0x177137A1C80,DXGI,0,512,1,Hardware: Independent Flip,Application,622723096926,NA,0.24380000000000,4.78730000000000,0.13560000000000,14.59200000000000,22.7963,NA,622723096288,0.1994,0.0638,0.1356,14.4386,0.2172,0.2172,0.0000,NA,0.0000,8.2043,NA,NA
q2rtx.exe,39492,0x177137A1C80,DXGI,0,512,1,Hardware: Independent Flip,Application,622723228690,14.7760,13.17640000000000,5.28230000000000,0.17600000000000,14.71490000000000,14.9022,NA,622723098282,13.2168,13.0408,0.1760,14.4564,13.2993,13.2960,0.0033,-0.3051,16955.8805,0.1873,NA,NA
q2rtx.exe,39492,0x177137A1C80,DXGI,0,512,1,Hardware: Independent Flip,Application,622723241780,NA,1.30900000000000,4.78190000000000,0.21170000000000,14.69450000000000,18.3751,NA,622723230450,1.3447,1.1330,0.2117,14.5389,1.2886,1.2886,0.0000,NA,0.0000,3.6806,NA,NA
q2rtx.exe,39492,0x177137A1C80,DXGI,0,512,1,Hardware: Independent Flip,Application,622723244629,NA,0.28490000000000,4.95180000000000,0.13640000000000,14.62830000000000,23.0420,NA,622723243897,0.2096,0.0732,0.1364,14.4828,0.2187,0.2187,0.0000,NA,0.0000,8.4137,NA,NA
q2rtx.exe,39492,0x177137A1C80,DXGI,0,512,1,Hardware: Independent Flip,Application,622723377191,14.4025,13.25620000000000,5.18940000000000,0.20670000000000,14.82890000000000,14.9752,NA,622723245993,13.3265,13.1198,0.2067,14.4919,13.4568,13.4512,0.0056,-0.5206,16970.2830,0.1463,NA,NA
q2rtx.exe,39492,0x177137A1C80,DXGI,0,512,1,Hardware: Independent Flip,Application,622723389907,NA,1.27160000000000,4.79050000000000,0.20160000000000,14.86040000000000,18.4941,NA,622723379258,1.2665,1.0649,0.2016,14.6222,1.3031,1.3031,0.0000,NA,0.0000,3.6337,NA,NA
q2rtx.exe,39492,0x177137A1C80,DXGI,0,512,1,Hardware: Independent Flip,Application,622723392487,NA,0.25800000000000,4.91480000000000,0.14630000000000,14.81940000000000,23.1509,NA,622723391923,0.2027,0.0564,0.1463,14.6588,0.2170,0.2170,0.0000,NA,0.0000,8.3315,NA,NA
q2rtx.exe,39492,0x177137A1C80,DXGI,0,512,1,Hardware: Independent Flip,Application,622723526930,14.7379,13.44430000000000,5.00580000000000,0.20550000000000,14.65510000000000,14.7124,NA,622723393950,13.5035,13.2980,0.2055,14.6731,13.2800,13.2766,0.0034,0.0268,16985.0209,0.0573,NA,NA
q2rtx.exe,39492,0x177137A1C80,DXGI,0,512,1,Hardware: Independent Flip,Application,622723540006,NA,1.30760000000000,4.84180000000000,0.17410000000000,14.65400000000000,18.2466,NA,622723528985,1.2762,1.1021,0.1741,14.4496,1.3065,1.3065,0.0000,NA,0.0000,3.5926,NA,NA
q2rtx.exe,39492,0x177137A1C80,DXGI,0,512,1,Hardware: Independent Flip,Application,622723542340,NA,0.23340000000000,4.86890000000000,0.11340000000000,14.62660000000000,22.8821,NA,622723541747,0.1727,0.0593,0.1134,14.4799,0.2060,0.2060,0.0000,NA,0.0000,8.2555,NA,NA
q2rtx.exe,39492,0x177137A1C80,DXGI,0,512,1,Hardware: Independent Flip,Application,622723675625,14.8198,13.32850000000000,5.12630000000000,0.20440000000000,14.66890000000000,14.6799,NA,622723543474,13.4195,13.2151,0.2044,14.5132,13.3708,13.3655,0.0053,-0.0172,16999.8407,0.0110,NA,NA
q2rtx.exe,39492,0x177137A1C80,DXGI,0,512,1,Hardware: Independent Flip,Application,622723687701,NA,1.20760000000000,4.94400000000000,0.19290000000000,14.80480000000000,18.4163,NA,622723677669,1.1961,1.0032,0.1929,14.4645,1.3435,1.3435,0.0000,NA,0.0000,3.6115,NA,NA
q2rtx.exe,39492,0x177137A1C80,DXGI,0,512,1,Hardware: Independent Flip,Application,622723690724,NA,0.30230000000000,4.92580000000000,0.12220000000000,14.71590000000000,23.0398,NA,622723689630,0.2316,0.1094,0.1222,14.6119,0.2134,0.2134,0.0000,NA,0.0000,8.3239,NA,NA
q2rtx.exe,39492,0x177137A1C80,DXGI,0,512,1,Hardware: Independent Flip,Application,622723824310,14.9965,13.35860000000000,5.10120000000000,0.16950000000000,14.69290000000000,14.7824,NA,622723691946,13.4059,13.2364,0.1695,14.5937,13.3356,13.3319,0.0037,0.0255,17014.8372,0.0895,NA,NA
q2rtx.exe,39492,0x177137A1C80,DXGI,0,512,1,Hardware: Independent Flip,Application,622723836920,NA,1.26100000000000,4.88330000000000,0.18910000000000,14.69160000000000,18.4047,NA,622723826005,1.2806,1.0915,0.1891,14.5234,1.2597,1.2597,0.0000,NA,0.0000,3.7131,NA,NA
q2rtx.exe,39492,0x177137A1C80,DXGI,0,512,1,Hardware: Independent Flip,Application,622723839377,NA,0.24570000000000,4.94370000000000,0.14890000000000,14.65430000000000,23.1027,NA,622723838811,0.2055,0.0566,0.1489,14.5025,0.2084,0.2084,0.0000,NA,0.0000,8.4484,NA,NA
q2rtx.exe,39492,0x177137A1C80,DXGI,0,512,1,Hardware: Independent Flip,Application,622723972790,14.7696,13.34130000000000,5.05040000000000,0.20600000000000,14.77880000000000,14.8118,NA,622723840866,13.3984,13.1924,0.2060,14.5054,13.4658,13.4605,0.0053,-0.1078,17029.6068,0.0330,NA,NA
q2rtx.exe,39492,0x177137A1C80,DXGI,0,512,1,Hardware: Independent Flip,Application,622723984876,NA,1.20860000000000,4.92220000000000,0.20110000000000,14.86380000000000,18.5254,NA,622723974850,1.2037,1.0026,0.2011,14.5728,1.2936,1.2936,0.0000,NA,0.0000,3.6616,NA,NA
q2rtx.exe,39492,0x177137A1C80,DXGI,0,512,1,Hardware: Independent Flip,Application,622723987404,NA,0.25280000000000,4.93100000000000,0.10500000000000,14.81670000000000,23.2036,NA,622723986887,0.1567,0.0517,0.1050,14.6627,0.2057,0.2057,0.0000,NA,0.0000,8.3869,NA,NA
q2rtx.exe,39492,0x177137A1C80,DXGI,0,512,1,Hardware: Independent Flip,Application,622724122429,14.9381,13.50250000000000,4.93560000000000,0.18760000000000,14.60520000000000,14.6367,NA,622723988454,13.5851,13.3975,0.1876,14.7117,13.2910,13.2877,0.0033,0.1493,17044.5449,0.0315,NA,NA
q2rtx.exe,39492,0x177137A1C80,DXGI,0,512,1,Hardware: Independent Flip,Application,622724134752,NA,1.23230000000000,4.90000000000000,0.17950000000000,14.69890000000000,18.3044,NA,622724124305,1.2242,1.0447,0.1795,14.4176,1.3260,1.3260,0.0000,NA,0.0000,3.6055,NA,NA
q2rtx.exe,39492,0x177137A1C80,DXGI,0,512,1,Hardware: Independent Flip,Application,622724137154,NA,0.24020000000000,4.90790000000000,0.11430000000000,14.67570000000000,22.9721,NA,622724136547,0.1750,0.0607,0.1143,14.5194,0.2170,0.2170,0.0000,NA,0.0000,8.2964,NA,NA
q2rtx.exe,39492,0x177137A1C80,DXGI,0,512,1,Hardware: Independent Flip,Application,622724269703,14.8130,13.25490000000000,4.95870000000000,0.16730000000000,14.67510000000000,14.6759,NA,622724138297,13.3079,13.1406,0.1673,14.5614,13.2543,13.2498,0.0045,0.0464,17059.3579,0.0008,NA,NA
q2rtx.exe,39492,0x177137A1C80,DXGI,0,512,1,Hardware: Independent Flip,Application,622724282779,NA,1.30760000000000,4.95420000000000,0.21470000000000,14.61460000000000,18.3225,NA,622724271376,1.3550,1.1403,0.2147,14.5078,1.2471,1.2471,0.0000,NA,0.0000,3.7079,NA,NA
q2rtx.exe,39492,0x177137A1C80,DXGI,0,512,1,Hardware: Independent Flip,Application,622724285560,NA,0.27810000000000,4.88320000000000,0.11880000000000,14.54400000000000,22.9276,NA,622724284926,0.1822,0.0634,0.1188,14.3999,0.2075,0.2075,0.0000,NA,0.0000,8.3836,NA,NA
q2rtx.exe,39492,0x177137A1C80,DXGI,0,512,1,Hardware: Independent Flip,Application,622724418459,15.0103,13.28990000000000,4.57830000000000,0.18320000000000,14.17100000000000,14.2160,NA,622724286748,13.3543,13.1711,0.1832,14.4252,12.9169,12.9110,0.0059,0.5946,17074.3682,0.0450,NA,NA
q2rtx.exe,39492,0x177137A1C80,DXGI,0,512,1,Hardware: Independent Flip,Application,622724429943,NA,1.14840000000000,4.74620000000000,0.20150000000000,14.36450000000000,17.8138,NA,622724420291,1.1667,0.9652,0.2015,13.9878,1.3419,1.3419,0.0000,NA,0.0000,3.4493,NA,NA
q2rtx.exe,39492,0x177137A1C80,DXGI,0,512,1,Hardware: Independent Flip,Application,622724432515,NA,0.25720000000000,4.77410000000000,0.12250000000000,14.31560000000000,22.3307,NA,622724431958,0.1782,0.0557,0.1225,14.1630,0.2083,0.2083,0.0000,NA,0.0000,8.0151,NA,NA
q2rtx.exe,39492,0x177137A1C80,DXGI,0,512,1,Hardware: Independent Flip,Application,622724561269,14.7994,12.87540000000000,4.50680000000000,0.20500000000000,13.96120000000000,13.9621,NA,622724433740,12.9579,12.7529,0.2050,14.1931,12.5210,12.5177,0.0033,0.7723,17089.1676,0.0009,NA,NA
q2rtx.exe,39492,0x177137A1C80,DXGI,0,512,1,Hardware: Independent Flip,Application,622724574780,NA,1.35110000000000,4.87890000000000,0.20570000000000,13.97380000000000,17.4899,NA,622724563319,1.3518,1.1461,0.2057,13.7562,1.3637,1.3637,0.0000,NA,0.0000,3.5161,NA,NA
q2rtx.exe,39492,0x177137A1C80,DXGI,0,512,1,Hardware: Independent Flip,Application,622724577516,NA,0.27360000000000,4.47270000000000,0.14610000000000,13.90530000000000,21.6890,NA,622724576837,0.2140,0.0679,0.1461,13.7681,0.2051,0.2051,0.0000,NA,0.0000,7.7837,NA,NA
q2rtx.exe,39492,0x177137A1C80,DXGI,0,512,1,Hardware: Independent Flip,Application,622724707939,14.8243,13.04230000000000,5.58180000000000,0.17170000000000,14.20590000000000,14.2285,NA,622724578977,13.0679,12.8962,0.1717,13.7592,13.3429,13.3382,0.0047,-0.1091,17103.9919,0.0226,NA,NA
q2rtx.exe,39492,0x177137A1C80,DXGI,0,512,1,Hardware: Independent Flip,Application,622724715661,NA,0.77220000000000,4.95960000000000,0.18770000000000,14.68270000000000,18.4159,NA,622724709656,0.7882,0.6005,0.1877,14.0342,1.2490,1.2490,0.0000,NA,0.0000,3.7332,NA,NA
q2rtx.exe,39492,0x177137A1C80,DXGI,0,512,1,Hardware: Independent Flip,Application,622724718097,NA,0.24360000000000,4.95330000000000,0.10820000000000,14.64250000000000,23.1256,NA,622724717538,0.1641,0.0559,0.1082,14.4950,0.2034,0.2034,0.0000,NA,0.0000,8.4831,NA,NA
q2rtx.exe,39492,0x177137A1C80,DXGI,0,512,1,Hardware: Independent Flip,Application,622724853594,14.4117,13.54970000000000,5.16810000000000,0.18440000000000,14.21210000000000,14.7440,NA,622724719179,13.6259,13.4415,0.1844,14.5343,13.1193,13.1147,0.0046,-0.6693,17118.4036,0.5319,NA,NA
q2rtx.exe,39492,0x177137A1C80,DXGI,0,512,1,Hardware: Independent Flip,Application,622724863496,NA,0.99020000000000,4.33000000000000,0.19910000000000,14.48840000000000,18.0838,NA,622724855438,1.0049,0.8058,0.1991,14.0277,1.2665,1.2665,0.0000,NA,0.0000,3.5954,NA,NA
q2rtx.exe,39492,0x177137A1C80,DXGI,0,512,1,Hardware: Independent Flip,Application,622724866055,NA,0.25590000000000,4.83460000000000,0.10910000000000,14.44720000000000,22.6625,NA,622724865487,0.1659,0.0568,0.1091,14.2893,0.2147,0.2147,0.0000,NA,0.0000,8.2153,NA,NA
q2rtx.exe,39492,0x177137A1C80,DXGI,0,512,1,Hardware: Independent Flip,Application,622724997113,13.9919,13.10580000000000,4.70920000000000,0.17600000000000,14.26520000000000,14.2659,NA,622724867146,13.1727,12.9967,0.1760,14.3381,12.9238,12.9193,0.0045,0.1181,17132.3955,0.0007,NA,NA
q2rtx.exe,39492,0x177137A1C80,DXGI,0,512,1,Hardware: Independent Flip,Application,622725009335,NA,1.22220000000000,4.74330000000000,0.21580000000000,14.47590000000000,17.7870,NA,622724998873,1.2620,1.0462,0.2158,14.0892,1.4329,1.4329,0.0000,NA,0.0000,3.3111,NA,NA
q2rtx.exe,39492,0x177137A1C80,DXGI,0,512,1,Hardware: Independent Flip,Application,622725012012,NA,0.26770000000000,4.49940000000000,0.10790000000000,14.41090000000000,22.0187,NA,622725011493,0.1598,0.0519,0.1079,14.2601,0.2027,0.2027,0.0000,NA,0.0000,7.6078,NA,NA
q2rtx.exe,39492,0x177137A1C80,DXGI,0,512,1,Hardware: Independent Flip,Application,622725141113,14.8491,12.91010000000000,5.53600000000000,0.21850000000000,14.64350000000000,14.6446,NA,622725013091,13.0207,12.8022,0.2185,14.3030,13.1427,13.1356,0.0071,0.0704,17147.2446,0.0011,NA,NA
q2rtx.exe,39492,0x177137A1C80,DXGI,0,512,1,Hardware: Independent Flip,Application,622725155318,NA,1.42050000000000,4.98750000000000,0.18250000000000,14.52270000000000,18.2116,NA,622725143298,1.3845,1.2020,0.1825,14.4250,1.2997,1.2997,0.0000,NA,0.0000,3.6889,NA,NA
q2rtx.exe,39492,0x177137A1C80,DXGI,0,512,1,Hardware: Independent Flip,Application,622725157719,NA,0.24010000000000,4.85380000000000,0.11540000000000,14.49090000000000,22.8253,NA,622725157143,0.1730,0.0576,0.1154,14.3402,0.2083,0.2083,0.0000,NA,0.0000,8.3344,NA,NA
q2rtx.exe,39492,0x177137A1C80,DXGI,0,512,1,Hardware: Independent Flip,Application,622725289113,14.6033,13.13940000000000,5.36530000000000,0.20970000000000,14.70180000000000,15.0512,NA,622725158873,13.2337,13.0240,0.2097,14.3755,13.3503,13.3439,0.0064,-0.6033,17161.8479,0.3494,NA,NA
q2rtx.exe,39492,0x177137A1C80,DXGI,0,512,1,Hardware: Independent Flip,Application,622725301733,NA,1.26200000000000,4.61580000000000,0.18780000000000,14.75460000000000,18.4050,NA,622725291210,1.2401,1.0523,0.1878,14.4921,1.3148,1.3148,0.0000,NA,0.0000,3.6504,NA,NA
q2rtx.exe,39492,0x177137A1C80,DXGI,0,512,1,Hardware: Independent Flip,Application,622725304175,NA,0.24420000000000,4.93790000000000,0.11310000000000,14.72570000000000,23.0987,NA,622725303611,0.1695,0.0564,0.1131,14.5668,0.2153,0.2153,0.0000,NA,0.0000,8.3730,NA,NA
q2rtx.exe,39492,0x177137A1C80,DXGI,0,512,1,Hardware: Independent Flip,Application,622725437411,14.3035,13.32360000000000,5.02940000000000,0.17830000000000,14.73240000000000,14.8045,NA,622725305306,13.3888,13.2105,0.1783,14.6126,13.3303,13.3272,0.0031,-0.2796,17176.1514,0.0721,NA,NA
q2rtx.exe,39492,0x177137A1C80,DXGI,0,512,1,Hardware: Independent Flip,Application,622725450439,NA,1.30280000000000,4.77610000000000,0.19910000000000,14.74340000000000,18.2778,NA,622725439194,1.3236,1.1245,0.1991,14.5541,1.3138,1.3138,0.0000,NA,0.0000,3.5344,NA,NA
q2rtx.exe,39492,0x177137A1C80,DXGI,0,512,1,Hardware: Independent Flip,Application,622725453004,NA,0.25650000000000,4.82160000000000,0.11150000000000,14.69760000000000,22.8429,NA,622725452430,0.1689,0.0574,0.1115,14.5443,0.2107,0.2107,0.0000,NA,0.0000,8.1453,NA,NA
q2rtx.exe,39492,0x177137A1C80,DXGI,0,512,1,Hardware: Independent Flip,Application,622725587046,14.7401,13.40420000000000,5.55020000000000,0.20330000000000,14.93090000000000,14.9889,NA,622725454119,13.4960,13.2927,0.2033,14.5861,13.6375,13.6329,0.0046,-0.4078,17190.8915,0.0580,NA,NA
q2rtx.exe,39492,0x177137A1C80,DXGI,0,512,1,Hardware: Independent Flip,Application,622725599050,NA,1.20040000000000,4.96960000000000,0.18900000000000,15.07790000000000,18.7581,NA,622725589079,1.1861,0.9971,0.1890,14.7276,1.3474,1.3474,0.0000,NA,0.0000,3.6802,NA,NA
q2rtx.exe,39492,0x177137A1C80,DXGI,0,512,1,Hardware: Independent Flip,Application,622725601508,NA,0.24580000000000,5.03050000000000,0.11250000000000,15.02080000000000,23.5428,NA,622725600940,0.1693,0.0568,0.1125,14.8889,0.1887,0.1887,0.0000,NA,0.0000,8.5220,NA,NA
q2rtx.exe,39492,0x177137A1C80,DXGI,0,512,1,Hardware: Independent Flip,Application,622725738647,14.8186,13.71390000000000,5.09850000000000,0.17980000000000,14.60170000000000,14.9274,NA,622725602633,13.7812,13.6014,0.1798,14.9083,13.2948,13.2888,0.0060,-0.2800,17205.7101,0.3257,NA,NA
q2rtx.exe,39492,0x177137A1C80,DXGI,0,512,1,Hardware: Independent Flip,Application,622725751058,NA,1.24110000000000,4.60840000000000,0.22450000000000,14.67070000000000,18.2947,NA,622725740445,1.2858,1.0613,0.2245,14.4219,1.3101,1.3101,0.0000,NA,0.0000,3.6240,NA,NA
q2rtx.exe,39492,0x177137A1C80,DXGI,0,512,1,Hardware: Independent Flip,Application,622725753868,NA,0.28100000000000,4.90590000000000,0.11090000000000,14.59640000000000,22.9196,NA,622725753303,0.1674,0.0565,0.1109,14.4462,0.2067,0.2067,0.0000,NA,0.0000,8.3232,NA,NA
q2rtx.exe,39492,0x177137A1C80,DXGI,0,512,1,Hardware: Independent Flip,Application,622725886283,14.7943,13.24150000000000,4.63460000000000,0.22050000000000,14.31180000000000,14.3127,NA,622725754977,13.3511,13.1306,0.2205,14.4855,12.9569,12.9538,0.0031,0.6454,17220.5044,0.0009,NA,NA
q2rtx.exe,39492,0x177137A1C80,DXGI,0,512,1,Hardware: Independent Flip,Application,622725898964,NA,1.26810000000000,4.80600000000000,0.18720000000000,14.31750000000000,17.8506,NA,622725888488,1.2348,1.0476,0.1872,14.0913,1.2738,1.2738,0.0000,NA,0.0000,3.5331,NA,NA
q2rtx.exe,39492,0x177137A1C80,DXGI,0,512,1,Hardware: Independent Flip,Application,622725901407,NA,0.24430000000000,4.62330000000000,0.11540000000000,14.27800000000000,22.2296,NA,622725900836,0.1725,0.0571,0.1154,14.1303,0.2048,0.2048,0.0000,NA,0.0000,7.9516,NA,NA
q2rtx.exe,39492,0x177137A1C80,DXGI,0,512,1,Hardware: Independent Flip,Application,622726031404,15.2000,12.99970000000000,5.12610000000000,0.19160000000000,14.35540000000000,14.3560,NA,622725902561,13.0759,12.8843,0.1916,14.1626,13.0771,13.0728,0.0043,0.6446,17235.7044,0.0006,NA,NA
q2rtx.exe,39492,0x177137A1C80,DXGI,0,512,1,Hardware: Independent Flip,Application,622726043256,NA,1.18520000000000,4.99450000000000,0.19030000000000,14.46360000000000,18.1653,NA,622726033320,1.1839,0.9936,0.1903,14.1638,1.2934,1.2934,0.0000,NA,0.0000,3.7017,NA,NA
q2rtx.exe,39492,0x177137A1C80,DXGI,0,512,1,Hardware: Independent Flip,Application,622726045720,NA,0.24640000000000,4.70410000000000,0.10930000000000,14.42110000000000,22.6230,NA,622726045159,0.1654,0.0561,0.1093,14.2733,0.2039,0.2039,0.0000,NA,0.0000,8.2019,NA,NA
q2rtx.exe,39492,0x177137A1C80,DXGI,0,512,1,Hardware: Independent Flip,Application,622726176037,14.8668,13.03170000000000,5.27960000000000,0.22360000000000,14.65430000000000,14.8709,NA,622726046813,13.1460,12.9224,0.2236,14.3118,13.2649,13.2604,0.0045,-0.1114,17250.5712,0.2166,NA,NA
q2rtx.exe,39492,0x177137A1C80,DXGI,0,512,1,Hardware: Independent Flip,Application,622726189256,NA,1.32190000000000,4.71720000000000,0.16890000000000,14.57600000000000,18.2662,NA,622726178273,1.2672,1.0983,0.1689,14.4307,1.2436,1.2436,0.0000,NA,0.0000,3.6902,NA,NA
q2rtx.exe,39492,0x177137A1C80,DXGI,0,512,1,Hardware: Independent Flip,Application,622726191568,NA,0.23120000000000,4.90690000000000,0.11690000000000,14.55110000000000,22.9419,NA,622726190945,0.1792,0.0623,0.1169,14.4071,0.2063,0.2063,0.0000,NA,0.0000,8.3908,NA,NA
q2rtx.exe,39492,0x177137A1C80,DXGI,0,512,1,Hardware: Independent Flip,Application,622726323860,14.4778,13.22920000000000,4.96500000000000,0.17140000000000,14.50550000000000,14.6777,NA,622726192737,13.2837,13.1123,0.1714,14.4342,13.1836,13.1800,0.0036,-0.1113,17265.0490,0.1722,NA,NA
q2rtx.exe,39492,0x177137A1C80,DXGI,0,512,1,Hardware: Independent Flip,Application,622726336410,NA,1.25500000000000,4.65500000000000,0.16470000000000,14.56480000000000,18.0777,NA,622726325574,1.2483,1.0836,0.1647,14.3341,1.3143,1.3143,0.0000,NA,0.0000,3.5129,NA,NA
q2rtx.exe,39492,0x177137A1C80,DXGI,0,512,1,Hardware: Independent Flip,Application,622726338679,NA,0.22690000000000,4.78180000000000,0.11880000000000,14.53190000000000,22.6326,NA,622726338057,0.1810,0.0622,0.1188,14.4001,0.1940,0.1940,0.0000,NA,0.0000,8.1007,NA,NA
q2rtx.exe,39492,0x177137A1C80,DXGI,0,512,1,Hardware: Independent Flip,Application,622726470354,14.6223,13.16750000000000,4.41830000000000,0.22210000000000,13.88270000000000,13.8834,NA,622726339867,13.2708,13.0487,0.2221,14.4131,12.5183,12.5153,0.0030,0.7672,17279.6713,0.0007,NA,NA
q2rtx.exe,39492,0x177137A1C80,DXGI,0,512,1,Hardware: Independent Flip,Application,622726483190,NA,1.28360000000000,4.64010000000000,0.17810000000000,14.25050000000000,17.2399,NA,622726472575,1.2396,1.0615,0.1781,13.6606,1.6514,1.6514,0.0000,NA,0.0000,2.9894,NA,NA
q2rtx.exe,39492,0x177137A1C80,DXGI,0,512,1,Hardware: Independent Flip,Application,622726485510,NA,0.23200000000000,4.59240000000000,0.10670000000000,14.22360000000000,21.6003,NA,622726484971,0.1606,0.0539,0.1067,14.0724,0.2051,0.2051,0.0000,NA,0.0000,7.3767,NA,NA
q2rtx.exe,39492,0x177137A1C80,DXGI,0,512,1,Hardware: Independent Flip,Application,622726614629,14.8148,12.91190000000000,6.38470000000000,0.18280000000000,15.07230000000000,15.0731,NA,622726486577,12.9880,12.8052,0.1828,14.1169,13.7606,13.7556,0.0050,-0.8024,17294.4861,0.0008,NA,NA
q2rtx.exe,39492,0x177137A1C80,DXGI,0,512,1,Hardware: Independent Flip,Application,622726627066,NA,1.24370000000000,5.39490000000000,0.16440000000000,14.71390000000000,19.2243,NA,622726616457,1.2253,1.0609,0.1644,14.8895,0.8853,0.8751,0.0102,NA,0.0000,4.5104,NA,NA
q2rtx.exe,39492,0x177137A1C80,DXGI,0,512,1,Hardware: Independent Flip,Application,622726629241,NA,0.21750000000000,5.01110000000000,0.10380000000000,14.69850000000000,24.0179,NA,622726628710,0.1569,0.0531,0.1038,14.5495,0.2021,0.2021,0.0000,NA,0.0000,9.3194,NA,NA
q2rtx.exe,39492,0x177137A1C80,DXGI,0,512,1,Hardware: Independent Flip,Application,622726766924,14.6489,13.76830000000000,3.91440000000000,0.17880000000000,13.47260000000000,14.1640,NA,622726630279,13.8433,13.6645,0.1788,14.5947,12.5424,12.5390,0.0034,0.3285,17309.1350,0.6914,NA,NA
q2rtx.exe,39492,0x177137A1C80,DXGI,0,512,1,Hardware: Independent Flip,Application,622726775364,NA,0.84400000000000,3.86330000000000,0.18980000000000,14.28820000000000,17.1833,NA,622726768712,0.8550,0.6652,0.1898,13.2938,1.6596,1.6596,0.0000,NA,0.0000,2.8951,NA,NA
q2rtx.exe,39492,0x177137A1C80,DXGI,0,512,1,Hardware: Independent Flip,Application,622726777837,NA,0.24730000000000,4.52660000000000,0.11410000000000,14.24560000000000,21.4626,NA,622726777262,0.1716,0.0575,0.1141,14.0984,0.2047,0.2047,0.0000,NA,0.0000,7.2170,NA,NA
q2rtx.exe,39492,0x177137A1C80,DXGI,0,512,1,Hardware: Independent Flip,Application,622726903553,13.8854,12.57160000000000,6.36940000000000,0.21120000000000,15.25960000000000,15.2604,NA,622726778978,12.6687,12.4575,0.2112,14.1315,13.5856,13.5814,0.0042,-0.8739,17323.0204,0.0008,NA,NA
q2rtx.exe,39492,0x177137A1C80,DXGI,0,512,1,Hardware: Independent Flip,Application,622726919464,NA,1.59110000000000,5.83290000000000,0.18330000000000,14.72880000000000,19.5022,NA,622726905665,1.5632,1.3799,0.1833,15.0484,1.0603,1.0603,0.0000,NA,0.0000,4.7734,NA,NA
q2rtx.exe,39492,0x177137A1C80,DXGI,0,512,1,Hardware: Independent Flip,Application,622726922434,NA,0.29700000000000,4.00040000000000,0.11710000000000,14.63610000000000,23.2056,NA,622726921297,0.2308,0.1137,0.1171,14.5455,0.2043,0.2043,0.0000,NA,0.0000,8.5695,NA,NA
q2rtx.exe,39492,0x177137A1C80,DXGI,0,512,1,Hardware: Independent Flip,Application,622727058231,15.5838,13.57970000000000,5.01810000000000,0.18210000000000,13.81860000000000,14.6440,NA,622726923605,13.6447,13.4626,0.1821,14.5190,12.7622,12.7579,0.0043,0.7324,17338.6042,0.8254,NA,NA
q2rtx.exe,39492,0x177137A1C80,DXGI,0,512,1,Hardware: Independent Flip,Application,622727068073,NA,0.98420000000000,3.86400000000000,0.17590000000000,14.17760000000000,17.5238,NA,622727060052,0.9780,0.8021,0.1759,13.6365,1.3432,1.3432,0.0000,NA,0.0000,3.3462,NA,NA
q2rtx.exe,39492,0x177137A1C80,DXGI,0,512,1,Hardware: Independent Flip,Application,622727070492,NA,0.24190000000000,5.02920000000000,0.13620000000000,14.15120000000000,22.3111,NA,622727069832,0.2022,0.0660,0.1362,14.0017,0.2155,0.2155,0.0000,NA,0.0000,8.1599,NA,NA
q2rtx.exe,39492,0x177137A1C80,DXGI,0,512,1,Hardware: Independent Flip,Application,622727197791,13.5448,12.72990000000000,4.66560000000000,0.22600000000000,14.24600000000000,14.2468,NA,622727071854,12.8197,12.5937,0.2260,14.0150,12.8247,12.8210,0.0037,-0.0140,17352.1490,0.0008,NA,NA
q2rtx.exe,39492,0x177137A1C80,DXGI,0,512,1,Hardware: Independent Flip,Application,622727210808,NA,1.30170000000000,4.62560000000000,0.25790000000000,14.21320000000000,17.5707,NA,622727200051,1.3336,1.0757,0.2579,14.0200,1.2689,1.2689,0.0000,NA,0.0000,3.3575,NA,NA
q2rtx.exe,39492,0x177137A1C80,DXGI,0,512,1,Hardware: Independent Flip,Application,622727213987,NA,0.31790000000000,4.40500000000000,0.11730000000000,14.10850000000000,21.6578,NA,622727213387,0.1773,0.0600,0.1173,13.9553,0.2132,0.2132,0.0000,NA,0.0000,7.5493,NA,NA
q2rtx.exe,39492,0x177137A1C80,DXGI,0,512,1,Hardware: Independent Flip,Application,622727344198,15.4776,13.02110000000000,5.70380000000000,0.19590000000000,14.20510000000000,14.3405,NA,622727215160,13.0997,12.9038,0.1959,13.9912,13.1177,13.1131,0.0046,0.7432,17367.6266,0.1354,NA,NA
q2rtx.exe,39492,0x177137A1C80,DXGI,0,512,1,Hardware: Independent Flip,Application,622727354105,NA,0.99070000000000,4.74470000000000,0.19820000000000,14.47000000000000,18.0945,NA,622727346157,0.9930,0.7948,0.1982,14.0092,1.2556,1.2556,0.0000,NA,0.0000,3.6245,NA,NA
q2rtx.exe,39492,0x177137A1C80,DXGI,0,512,1,Hardware: Independent Flip,Application,622727356667,NA,0.25620000000000,4.85280000000000,0.11980000000000,14.42230000000000,22.6911,NA,622727356087,0.1778,0.0580,0.1198,14.2718,0.2085,0.2085,0.0000,NA,0.0000,8.2688,NA,NA
q2rtx.exe,39492,0x177137A1C80,DXGI,0,512,1,Hardware: Independent Flip,Application,622727487482,13.8051,13.08150000000000,5.70390000000000,0.19080000000000,14.74000000000000,15.3135,NA,622727357865,13.1525,12.9617,0.1908,14.3025,13.3992,13.3912,0.0080,-1.4963,17381.4317,0.5735,NA,NA
q2rtx.exe,39492,0x177137A1C80,DXGI,0,512,1,Hardware: Independent Flip,Application,622727499878,NA,1.23960000000000,4.33950000000000,0.19920000000000,14.76210000000000,18.4134,NA,622727489390,1.2480,1.0488,0.1992,14.5492,1.2617,1.2617,0.0000,NA,0.0000,3.6513,NA,NA
q2rtx.exe,39492,0x177137A1C80,DXGI,0,512,1,Hardware: Independent Flip,Application,622727502421,NA,0.25430000000000,4.88980000000000,0.11150000000000,14.71370000000000,23.0489,NA,622727501870,0.1666,0.0551,0.1115,14.5629,0.2059,0.2059,0.0000,NA,0.0000,8.3352,NA,NA
q2rtx.exe,39492,0x177137A1C80,DXGI,0,512,1,Hardware: Independent Flip,Application,622727636543,14.1165,13.41220000000000,5.62900000000000,0.21110000000000,15.15860000000000,15.2657,NA,622727503536,13.5118,13.3007,0.2111,14.6022,13.8571,13.8520,0.0051,-0.7418,17395.5482,0.1071,NA,NA
q2rtx.exe,39492,0x177137A1C80,DXGI,0,512,1,Hardware: Independent Flip,Application,622727648742,NA,1.21990000000000,4.81650000000000,0.18800000000000,15.26750000000000,18.8623,NA,622727638654,1.1968,1.0088,0.1880,14.9475,1.3288,1.3288,0.0000,NA,0.0000,3.5948,NA,NA
q2rtx.exe,39492,0x177137A1C80,DXGI,0,512,1,Hardware: Independent Flip,Application,622727651214,NA,0.24720000000000,4.90510000000000,0.11510000000000,15.23340000000000,23.5202,NA,622727650622,0.1743,0.0592,0.1151,15.0795,0.2131,0.2131,0.0000,NA,0.0000,8.2868,NA,NA
q2rtx.exe,39492,0x177137A1C80,DXGI,0,512,1,Hardware: Independent Flip,Application,622727789617,14.7725,13.84030000000000,5.61340000000000,0.20740000000000,14.99040000000000,15.2933,NA,622727652365,13.9326,13.7252,0.2074,15.1183,13.5973,13.5973,0.0000,-0.5625,17410.3207,0.3029,NA,NA
q2rtx.exe,39492,0x177137A1C80,DXGI,0,512,1,Hardware: Independent Flip,Application,622727802983,NA,1.33660000000000,4.71770000000000,0.21480000000000,15.01510000000000,18.6744,NA,622727791691,1.3440,1.1292,0.2148,14.7830,1.3613,1.3521,0.0092,NA,0.0000,3.6593,NA,NA
q2rtx.exe,39492,0x177137A1C80,DXGI,0,512,1,Hardware: Independent Flip,Application,622727805700,NA,0.27170000000000,4.99450000000000,0.11500000000000,14.96710000000000,23.3972,NA,622727805131,0.1719,0.0569,0.1150,14.8003,0.2237,0.2237,0.0000,NA,0.0000,8.4301,NA,NA
q2rtx.exe,39492,0x177137A1C80,DXGI,0,512,1,Hardware: Independent Flip,Application,622727941041,14.7852,13.53410000000000,4.33110000000000,0.19410000000000,14.04590000000000,14.1942,NA,622727806850,13.6132,13.4191,0.1941,14.8521,12.6129,12.6068,0.0061,0.7419,17425.1059,0.1483,NA,NA
q2rtx.exe,39492,0x177137A1C80,DXGI,0,512,1,Hardware: Independent Flip,Application,622727954405,NA,1.33640000000000,4.49310000000000,0.18470000000000,14.03600000000000,17.3509,NA,622727942982,1.3270,1.1423,0.1847,13.8518,1.3265,1.3265,0.0000,NA,0.0000,3.3149,NA,NA
q2rtx.exe,39492,0x177137A1C80,DXGI,0,512,1,Hardware: Independent Flip,Application,622727956847,NA,0.24420000000000,4.61590000000000,0.12650000000000,14.00510000000000,21.7226,NA,622727956252,0.1860,0.0595,0.1265,13.8513,0.2133,0.2133,0.0000,NA,0.0000,7.7175,NA,NA
q2rtx.exe,39492,0x177137A1C80,DXGI,0,512,1,Hardware: Independent Flip,Application,622728083531,14.9034,12.66840000000000,5.89320000000000,0.19500000000000,14.94660000000000,14.9474,NA,622727958112,12.7369,12.5419,0.1950,13.8786,13.6099,13.6063,0.0036,-0.0988,17440.0093,0.0008,NA,NA
q2rtx.exe,39492,0x177137A1C80,DXGI,0,512,1,Hardware: Independent Flip,Application,622728095753,NA,1.22220000000000,5.43020000000000,0.21030000000000,14.61960000000000,19.1554,NA,622728085481,1.2375,1.0272,0.2103,14.7516,0.8952,0.8952,0.0000,NA,0.0000,4.5358,NA,NA
q2rtx.exe,39492,0x177137A1C80,DXGI,0,512,1,Hardware: Independent Flip,Application,622728098417,NA,0.26640000000000,4.56760000000000,0.10980000000000,14.56060000000000,23.4566,NA,622728097856,0.1659,0.0561,0.1098,14.4093,0.2074,0.2074,0.0000,NA,0.0000,8.8960,NA,NA
q2rtx.exe,39492,0x177137A1C80,DXGI,0,512,1,Hardware: Independent Flip,Application,622728235056,15.0738,13.66390000000000,4.29780000000000,0.17320000000000,13.42480000000000,14.0905,NA,622728099515,13.7273,13.5541,0.1732,14.4508,12.5281,12.5249,0.0032,0.7782,17455.0831,0.6657,NA,NA
q2rtx.exe,39492,0x177137A1C80,DXGI,0,512,1,Hardware: Independent Flip,Application,622728243188,NA,0.81320000000000,3.89110000000000,0.18290000000000,14.14950000000000,17.1684,NA,622728236788,0.8229,0.6400,0.1829,13.2516,1.5379,1.5379,0.0000,NA,0.0000,3.0189,NA,NA
q2rtx.exe,39492,0x177137A1C80,DXGI,0,512,1,Hardware: Independent Flip,Application,622728245599,NA,0.24110000000000,4.52860000000000,0.11020000000000,14.12120000000000,21.4559,NA,622728245017,0.1684,0.0582,0.1102,13.9666,0.2128,0.2128,0.0000,NA,0.0000,7.3347,NA,NA
q2rtx.exe,39492,0x177137A1C80,DXGI,0,512,1,Hardware: Independent Flip,Application,622728370767,14.1423,12.51680000000000,5.77940000000000,0.16930000000000,14.71770000000000,14.7185,NA,622728246701,12.5759,12.4066,0.1693,14.0110,13.1133,13.1082,0.0051,-0.0568,17469.2254,0.0008,NA,NA
q2rtx.exe,39492,0x177137A1C80,DXGI,0,512,1,Hardware: Independent Flip,Application,622728385838,NA,1.50710000000000,5.21760000000000,0.19080000000000,14.45670000000000,18.4290,NA,622728372460,1.5286,1.3378,0.1908,14.5484,1.2461,1.2461,0.0000,NA,0.0000,3.9723,NA,NA
q2rtx.exe,39492,0x177137A1C80,DXGI,0,512,1,Hardware: Independent Flip,Application,622728388314,NA,0.24760000000000,4.24750000000000,0.11040000000000,14.41170000000000,22.4289,NA,622728387746,0.1672,0.0568,0.1104,14.2659,0.2026,0.2026,0.0000,NA,0.0000,8.0172,NA,NA
q2rtx.exe,39492,0x177137A1C80,DXGI,0,512,1,Hardware: Independent Flip,Application,622728519351,15.3303,13.10370000000000,6.09380000000000,0.17600000000000,14.64470000000000,15.4190,NA,622728389418,13.1693,12.9933,0.1760,14.3013,13.3367,13.3367,0.0000,-0.2286,17484.5557,0.7743,NA,NA
q2rtx.exe,39492,0x177137A1C80,DXGI,0,512,1,Hardware: Independent Flip,Application,622728531557,NA,1.22060000000000,4.16350000000000,0.19280000000000,14.74770000000000,18.3619,NA,622728521111,1.2374,1.0446,0.1928,14.4687,1.3236,1.3236,0.0000,NA,0.0000,3.6142,NA,NA
q2rtx.exe,39492,0x177137A1C80,DXGI,0,512,1,Hardware: Independent Flip,Application,622728534321,NA,0.27640000000000,4.91350000000000,0.14200000000000,14.68620000000000,22.9990,NA,622728533485,0.2256,0.0836,0.1420,14.5549,0.2149,0.2149,0.0000,NA,0.0000,8.3128,NA,NA
q2rtx.exe,39492,0x177137A1C80,DXGI,0,512,1,Hardware: Independent Flip,Application,622728667547,13.6757,13.32260000000000,5.19870000000000,0.18110000000000,14.34410000000000,14.8751,NA,622728535741,13.3617,13.1806,0.1811,14.5442,12.9805,12.9772,0.0033,-0.6000,17498.2314,0.5310,NA,NA
q2rtx.exe,39492,0x177137A1C80,DXGI,0,512,1,Hardware: Independent Flip,Application,622728680183,NA,1.26360000000000,4.06240000000000,0.19490000000000,14.39200000000000,17.6739,NA,622728669358,1.2774,1.0825,0.1949,14.1630,1.3115,1.3115,0.0000,NA,0.0000,3.2819,NA,NA
q2rtx.exe,39492,0x177137A1C80,DXGI,0,512,1,Hardware: Independent Flip,Application,622728682708,NA,0.25250000000000,4.57000000000000,0.11030000000000,14.34860000000000,21.9914,NA,622728682132,0.1679,0.0576,0.1103,14.1971,0.2091,0.2091,0.0000,NA,0.0000,7.6428,NA,NA
q2rtx.exe,39492,0x177137A1C80,DXGI,0,512,1,Hardware: Independent Flip,Application,622728812169,15.0310,12.94610000000000,5.60220000000000,0.15930000000000,14.60620000000000,14.6475,NA,622728683811,12.9951,12.8358,0.1593,14.2383,13.2037,13.1992,0.0045,0.7964,17513.2624,0.0413,NA,NA
q2rtx.exe,39492,0x177137A1C80,DXGI,0,512,1,Hardware: Independent Flip,Application,622728825280,NA,1.31110000000000,4.68930000000000,0.18870000000000,14.60400000000000,18.0257,NA,622728813762,1.3405,1.1518,0.1887,14.4469,1.3089,1.3089,0.0000,NA,0.0000,3.4217,NA,NA
q2rtx.exe,39492,0x177137A1C80,DXGI,0,512,1,Hardware: Independent Flip,Application,622728827712,NA,0.24320000000000,4.72060000000000,0.10440000000000,14.55480000000000,22.5031,NA,622728827167,0.1589,0.0545,0.1044,14.4153,0.1940,0.1940,0.0000,NA,0.0000,7.9483,NA,NA
q2rtx.exe,39492,0x177137A1C80,DXGI,0,512,1,Hardware: Independent Flip,Application,622728959728,14.8639,13.20160000000000,5.76360000000000,0.19290000000000,14.57930000000000,15.0651,NA,622728828756,13.2901,13.0972,0.1929,14.4504,13.2261,13.2213,0.0048,-0.3096,17528.1263,0.4858,NA,NA
q2rtx.exe,39492,0x177137A1C80,DXGI,0,512,1,Hardware: Independent Flip,Application,622728972319,NA,1.25910000000000,4.42230000000000,0.19420000000000,14.57920000000000,18.2283,NA,622728961657,1.2604,1.0662,0.1942,14.3864,1.2590,1.2590,0.0000,NA,0.0000,3.6491,NA,NA
q2rtx.exe,39492,0x177137A1C80,DXGI,0,512,1,Hardware: Independent Flip,Application,622728974830,NA,0.25110000000000,4.88150000000000,0.10930000000000,14.53140000000000,22.8587,NA,622728974261,0.1662,0.0569,0.1093,14.3850,0.2033,0.2033,0.0000,NA,0.0000,8.3273,NA,NA
q2rtx.exe,39492,0x177137A1C80,DXGI,0,512,1,Hardware: Independent Flip,Application,622729107110,14.5085,13.22800000000000,5.29460000000000,0.22730000000000,14.73620000000000,14.9253,NA,622728975923,13.3460,13.1187,0.2273,14.4221,13.4328,13.4286,0.0042,-0.0899,17542.6348,0.1891,NA,NA
q2rtx.exe,39492,0x177137A1C80,DXGI,0,512,1,Hardware: Independent Flip,Application,622729119280,NA,1.21700000000000,4.62790000000000,0.18350000000000,14.81940000000000,18.3362,NA,622729109383,1.1732,0.9897,0.1835,14.5089,1.3002,1.3002,0.0000,NA,0.0000,3.5168,NA,NA
q2rtx.exe,39492,0x177137A1C80,DXGI,0,512,1,Hardware: Independent Flip,Application,622729121678,NA,0.23980000000000,4.78790000000000,0.11570000000000,14.79460000000000,22.8843,NA,622729121115,0.1720,0.0563,0.1157,14.6359,0.2150,0.2150,0.0000,NA,0.0000,8.0897,NA,NA
q2rtx.exe,39492,0x177137A1C80,DXGI,0,512,1,Hardware: Independent Flip,Application,622729255663,14.8042,13.39850000000000,5.18050000000000,0.16220000000000,14.56370000000000,14.6663,NA,622729122835,13.4450,13.2828,0.1622,14.6789,13.1676,13.1636,0.0040,0.2079,17557.4390,0.1026,NA,NA
q2rtx.exe,39492,0x177137A1C80,DXGI,0,512,1,Hardware: Independent Flip,Application,622729268626,NA,1.29630000000000,4.74020000000000,0.19310000000000,14.67530000000000,18.1102,NA,622729257285,1.3272,1.1341,0.1931,14.4015,1.4079,1.4079,0.0000,NA,0.0000,3.4349,NA,NA
q2rtx.exe,39492,0x177137A1C80,DXGI,0,512,1,Hardware: Independent Flip,Application,622729271151,NA,0.25250000000000,4.81500000000000,0.11080000000000,14.63640000000000,22.6727,NA,622729270557,0.1702,0.0594,0.1108,14.4822,0.2136,0.2136,0.0000,NA,0.0000,8.0363,NA,NA
q2rtx.exe,39492,0x177137A1C80,DXGI,0,512,1,Hardware: Independent Flip,Application,622729402543,14.8773,13.13920000000000,4.74970000000000,0.15970000000000,14.16160000000000,14.2832,NA,622729272259,13.1881,13.0284,0.1597,14.5256,12.6644,12.6602,0.0042,0.5724,17572.3163,0.1216,NA,NA
q2rtx.exe,39492,0x177137A1C80,DXGI,0,512,1,Hardware: Independent Flip,Application,622729416546,NA,1.40030000000000,4.61610000000000,0.19090000000000,14.10920000000000,17.4990,NA,622729404140,1.4315,1.2406,0.1909,14.0019,1.3479,1.3479,0.0000,NA,0.0000,3.3898,NA,NA
q2rtx.exe,39492,0x177137A1C80,DXGI,0,512,1,Hardware: Independent Flip,Application,622729419052,NA,0.25060000000000,4.71360000000000,0.11350000000000,14.06540000000000,21.9620,NA,622729418455,0.1732,0.0597,0.1135,13.9183,0.2068,0.2068,0.0000,NA,0.0000,7.8966,NA,NA
q2rtx.exe,39492,0x177137A1C80,DXGI,0,512,1,Hardware: Independent Flip,Application,622729545354,15.0370,12.63020000000000,5.47330000000000,0.18050000000000,14.80400000000000,14.8051,NA,622729420187,12.6972,12.5167,0.1805,13.9519,13.3688,13.3642,0.0046,0.2340,17587.3533,0.0011,NA,NA
q2rtx.exe,39492,0x177137A1C80,DXGI,0,512,1,Hardware: Independent Flip,Application,622729558728,NA,1.33740000000000,5.05400000000000,0.19530000000000,14.74420000000000,18.5217,NA,622729547159,1.3522,1.1569,0.1953,14.6235,1.2776,1.2776,0.0000,NA,0.0000,3.7775,NA,NA
q2rtx.exe,39492,0x177137A1C80,DXGI,0,512,1,Hardware: Independent Flip,Application,622729561233,NA,0.25050000000000,4.81470000000000,0.10770000000000,14.69720000000000,23.0859,NA,622729560681,0.1629,0.0552,0.1077,14.5489,0.2035,0.2035,0.0000,NA,0.0000,8.3887,NA,NA
q2rtx.exe,39492,0x177137A1C80,DXGI,0,512,1,Hardware: Independent Flip,Application,622729694778,14.8301,13.35450000000000,5.32870000000000,0.24480000000000,14.72420000000000,15.0601,NA,622729562310,13.4916,13.2468,0.2448,14.5895,13.3815,13.3759,0.0056,-0.3673,17602.1834,0.3359,NA,NA
q2rtx.exe,39492,0x177137A1C80,DXGI,0,512,1,Hardware: Independent Flip,Application,622729707132,NA,1.23540000000000,4.62010000000000,0.21030000000000,14.64610000000000,18.4448,NA,622729697226,1.2009,0.9906,0.2103,14.4794,1.1573,1.1573,0.0000,NA,0.0000,3.7987,NA,NA
q2rtx.exe,39492,0x177137A1C80,DXGI,0,512,1,Hardware: Independent Flip,Application,622729709782,NA,0.26500000000000,4.94070000000000,0.11350000000000,14.59050000000000,23.1205,NA,622729709235,0.1682,0.0547,0.1135,14.4358,0.2094,0.2094,0.0000,NA,0.0000,8.5300,NA,NA
q2rtx.exe,39492,0x177137A1C80,DXGI,0,512,1,Hardware: Independent Flip,Application,622729843805,14.3140,13.40230000000000,4.26190000000000,0.19660000000000,13.90190000000000,13.9801,NA,622729710917,13.4854,13.2888,0.1966,14.4770,12.7137,12.7105,0.0032,0.4913,17616.4974,0.0782,NA,NA
q2rtx.exe,39492,0x177137A1C80,DXGI,0,512,1,Hardware: Independent Flip,Application,622729854746,NA,1.09410000000000,4.52060000000000,0.16480000000000,14.34040000000000,17.4066,NA,622729845771,1.0623,0.8975,0.1648,13.7053,1.5326,1.5326,0.0000,NA,0.0000,3.0662,NA,NA
q2rtx.exe,39492,0x177137A1C80,DXGI,0,512,1,Hardware: Independent Flip,Application,622729856983,NA,0.22370000000000,4.56690000000000,0.11170000000000,14.33200000000000,21.7498,NA,622729856394,0.1706,0.0589,0.1117,14.1756,0.2153,0.2153,0.0000,NA,0.0000,7.4178,NA,NA
q2rtx.exe,39492,0x177137A1C80,DXGI,0,512,1,Hardware: Independent Flip,Application,622729983747,15.0722,12.67640000000000,6.26080000000000,0.28410000000000,15.33330000000000,15.3342,NA,622729858100,12.8488,12.5647,0.2841,14.2203,13.6777,13.6733,0.0044,-0.2761,17631.5696,0.0009,NA,NA
q2rtx.exe,39492,0x177137A1C80,DXGI,0,512,1,Hardware: Independent Flip,Application,622729999382,NA,1.56350000000000,5.32380000000000,0.18900000000000,14.61280000000000,19.0945,NA,622729986588,1.4684,1.2794,0.1890,15.0492,0.8430,0.8430,0.0000,NA,0.0000,4.4817,NA,NA
q2rtx.exe,39492,0x177137A1C80,DXGI,0,512,1,Hardware: Independent Flip,Application,622730001826,NA,0.24440000000000,4.90360000000000,0.10790000000000,14.57650000000000,23.7537,NA,622730001272,0.1633,0.0554,0.1079,14.4238,0.2081,0.2081,0.0000,NA,0.0000,9.1772,NA,NA
q2rtx.exe,39492,0x177137A1C80,DXGI,0,512,1,Hardware: Independent Flip,Application,622730138513,14.9710,13.66870000000000,4.14400000000000,0.23790000000000,13.47220000000000,14.2290,NA,622730002905,13.7987,13.5608,0.2379,14.4686,12.5644,12.5606,0.0038,0.5996,17646.5406,0.7568,NA,NA
q2rtx.exe,39492,0x177137A1C80,DXGI,0,512,1,Hardware: Independent Flip,Application,622730146592,NA,0.80790000000000,3.79850000000000,0.19260000000000,14.52000000000000,17.2196,NA,622730140892,0.7626,0.5700,0.1926,13.2343,1.8557,1.8557,0.0000,NA,0.0000,2.6996,NA,NA
q2rtx.exe,39492,0x177137A1C80,DXGI,0,512,1,Hardware: Independent Flip,Application,622730149082,NA,0.24900000000000,4.69680000000000,0.23500000000000,14.62740000000000,21.6674,NA,622730148518,0.2914,0.0564,0.2350,14.3274,0.3564,0.3564,0.0000,NA,0.0000,7.0400,NA,NA
q2rtx.exe,39492,0x177137A1C80,DXGI,0,512,1,Hardware: Independent Flip,Application,622730274126,14.0419,12.50440000000000,6.32060000000000,0.19760000000000,15.48260000000000,15.4836,NA,622730151432,12.4670,12.2694,0.1976,14.3924,13.3596,13.3551,0.0045,-0.7740,17660.5825,0.0010,NA,NA
q2rtx.exe,39492,0x177137A1C80,DXGI,0,512,1,Hardware: Independent Flip,Application,622730293106,NA,1.89800000000000,5.62350000000000,0.31440000000000,14.54060000000000,19.2091,NA,622730276102,2.0148,1.7004,0.3144,15.2850,0.9560,0.9560,0.0000,NA,0.0000,4.6685,NA,NA
q2rtx.exe,39492,0x177137A1C80,DXGI,0,512,1,Hardware: Independent Flip,Application,622730296951,NA,0.38450000000000,4.24810000000000,0.11070000000000,14.37210000000000,23.0727,NA,622730296250,0.1808,0.0701,0.1107,14.2262,0.2160,0.2160,0.0000,NA,0.0000,8.7006,NA,NA
q2rtx.exe,39492,0x177137A1C80,DXGI,0,512,1,Hardware: Independent Flip,Application,622730430151,15.4667,13.32000000000000,4.61120000000000,0.18150000000000,13.59170000000000,14.3639,NA,622730298058,13.3908,13.2093,0.1815,14.2614,12.5396,12.5366,0.0030,0.9839,17676.0492,0.7722,NA,NA
q2rtx.exe,39492,0x177137A1C80,DXGI,0,512,1,Hardware: Independent Flip,Application,622730439731,NA,0.95800000000000,3.81110000000000,0.17570000000000,14.45810000000000,17.2170,NA,622730431966,0.9522,0.7765,0.1757,13.4102,1.8244,1.8244,0.0000,NA,0.0000,2.7589,NA,NA
q2rtx.exe,39492,0x177137A1C80,DXGI,0,512,1,Hardware: Independent Flip,Application,622730442062,NA,0.23310000000000,4.67160000000000,0.11160000000000,14.43520000000000,21.6555,NA,622730441488,0.1690,0.0574,0.1116,14.2824,0.2102,0.2102,0.0000,NA,0.0000,7.2203,NA,NA
q2rtx.exe,39492,0x177137A1C80,DXGI,0,512,1,Hardware: Independent Flip,Application,622730570154,13.5801,12.80920000000000,6.47450000000000,0.44920000000000,15.31980000000000,15.3208,NA,622730443178,13.1468,12.6976,0.4492,14.3236,13.6938,13.6896,0.0042,-1.3771,17689.6293,0.0010,NA,NA
q2rtx.exe,39492,0x177137A1C80,DXGI,0,512,1,Hardware: Independent Flip,Application,622730585443,NA,1.52890000000000,5.48170000000000,0.19360000000000,14.76240000000000,19.2736,NA,622730574646,1.2733,1.0797,0.1936,14.8706,0.9715,0.9715,0.0000,NA,0.0000,4.5112,NA,NA
q2rtx.exe,39492,0x177137A1C80,DXGI,0,512,1,Hardware: Independent Flip,Application,622730588025,NA,0.25820000000000,4.48440000000000,0.20280000000000,14.70940000000000,23.4998,NA,622730587379,0.2674,0.0646,0.2028,14.5688,0.2052,0.2052,0.0000,NA,0.0000,8.7904,NA,NA
q2rtx.exe,39492,0x177137A1C80,DXGI,0,512,1,Hardware: Independent Flip,Application,622730724726,15.6148,13.67010000000000,4.64230000000000,0.15800000000000,13.68230000000000,14.4720,NA,622730590053,13.6253,13.4673,0.1580,14.5066,12.6430,12.6393,0.0037,1.0064,17705.2441,0.7897,NA,NA
q2rtx.exe,39492,0x177137A1C80,DXGI,0,512,1,Hardware: Independent Flip,Application,622730734209,NA,0.94830000000000,3.82240000000000,0.19230000000000,14.08410000000000,17.3461,NA,622730726306,0.9826,0.7903,0.1923,13.5243,1.3501,1.3501,0.0000,NA,0.0000,3.2620,NA,NA
q2rtx.exe,39492,0x177137A1C80,DXGI,0,512,1,Hardware: Independent Flip,Application,622730736691,NA,0.24820000000000,4.70640000000000,0.11190000000000,14.05060000000000,21.8043,NA,622730736132,0.1678,0.0559,0.1119,13.8918,0.2147,0.2147,0.0000,NA,0.0000,7.7537,NA,NA
q2rtx.exe,39492,0x177137A1C80,DXGI,0,512,1,Hardware: Independent Flip,Application,622730862850,13.6432,12.61590000000000,5.93450000000000,0.19720000000000,15.12170000000000,15.1229,NA,622730737810,12.7012,12.5040,0.1972,13.9387,13.6870,13.6823,0.0047,-0.8201,17718.8873,0.0012,NA,NA
q2rtx.exe,39492,0x177137A1C80,DXGI,0,512,1,Hardware: Independent Flip,Application,622730876143,NA,1.32930000000000,5.32050000000000,0.20160000000000,15.05140000000000,19.1141,NA,622730864822,1.3337,1.1321,0.2016,14.9245,1.2590,1.2590,0.0000,NA,0.0000,4.0627,NA,NA
q2rtx.exe,39492,0x177137A1C80,DXGI,0,512,1,Hardware: Independent Flip,Application,622730878708,NA,0.25650000000000,4.31460000000000,0.11710000000000,15.01160000000000,23.1722,NA,622730878159,0.1720,0.0549,0.1171,14.8498,0.2167,0.2167,0.0000,NA,0.0000,8.1606,NA,NA
q2rtx.exe,39492,0x177137A1C80,DXGI,0,512,1,Hardware: Independent Flip,Application,622731015658,15.7668,13.69500000000000,5.47920000000000,0.23860000000000,14.33290000000000,14.9564,NA,622730879879,13.8165,13.5779,0.2386,14.8945,13.0163,13.0095,0.0068,0.6525,17734.6541,0.6235,NA,NA
q2rtx.exe,39492,0x177137A1C80,DXGI,0,512,1,Hardware: Independent Flip,Application,622731027797,NA,1.21390000000000,4.20720000000000,0.20050000000000,14.44220000000000,17.9497,NA,622731018044,1.1758,0.9753,0.2005,14.0943,1.3232,1.3232,0.0000,NA,0.0000,3.5075,NA,NA
q2rtx.exe,39492,0x177137A1C80,DXGI,0,512,1,Hardware: Independent Flip,Application,622731030430,NA,0.26330000000000,4.82870000000000,0.13020000000000,14.36830000000000,22.5151,NA,622731029802,0.1930,0.0628,0.1302,14.2417,0.1894,0.1894,0.0000,NA,0.0000,8.1468,NA,NA
q2rtx.exe,39492,0x177137A1C80,DXGI,0,512,1,Hardware: Independent Flip,Application,622731160273,13.7239,12.98430000000000,4.85680000000000,0.17160000000000,14.37700000000000,14.3876,NA,622731031732,13.0257,12.8541,0.1716,14.2381,12.9930,12.9888,0.0042,-0.1688,17748.3780,0.0106,NA,NA
q2rtx.exe,39492,0x177137A1C80,DXGI,0,512,1,Hardware: Independent Flip,Application,622731173356,NA,1.30830000000000,4.63040000000000,0.17360000000000,14.50230000000000,17.7097,NA,622731161989,1.3103,1.1367,0.1736,14.2054,1.4336,1.4336,0.0000,NA,0.0000,3.2074,NA,NA
q2rtx.exe,39492,0x177137A1C80,DXGI,0,512,1,Hardware: Independent Flip,Application,622731175658,NA,0.23020000000000,4.61350000000000,0.10980000000000,14.47640000000000,22.0930,NA,622731175092,0.1664,0.0566,0.1098,14.3287,0.2043,0.2043,0.0000,NA,0.0000,7.6166,NA,NA
q2rtx.exe,39492,0x177137A1C80,DXGI,0,512,1,Hardware: Independent Flip,Application,622731305387,15.2599,12.97290000000000,5.54400000000000,0.17290000000000,14.65230000000000,14.6641,NA,622731176756,13.0360,12.8631,0.1729,14.3666,13.1488,13.1439,0.0049,0.4720,17763.6379,0.0118,NA,NA
q2rtx.exe,39492,0x177137A1C80,DXGI,0,512,1,Hardware: Independent Flip,Application,622731319444,NA,1.40570000000000,4.92300000000000,0.16720000000000,14.66110000000000,18.1814,NA,622731307116,1.4000,1.2328,0.1672,14.4794,1.4145,1.4145,0.0000,NA,0.0000,3.5203,NA,NA
q2rtx.exe,39492,0x177137A1C80,DXGI,0,512,1,Hardware: Independent Flip,Application,622731321676,NA,0.22320000000000,4.91270000000000,0.11180000000000,14.65910000000000,22.8709,NA,622731321116,0.1678,0.0560,0.1118,14.4939,0.2212,0.2212,0.0000,NA,0.0000,8.2118,NA,NA
q2rtx.exe,39492,0x177137A1C80,DXGI,0,512,1,Hardware: Independent Flip,Application,622731453768,14.5341,13.20920000000000,5.27870000000000,0.20000000000000,14.63380000000000,14.9404,NA,622731322794,13.2974,13.0974,0.2000,14.5473,13.1839,13.1785,0.0054,-0.5803,17778.1720,0.3066,NA,NA
q2rtx.exe,39492,0x177137A1C80,DXGI,0,512,1,Hardware: Independent Flip,Application,622731467227,NA,1.34590000000000,4.64110000000000,0.28380000000000,14.60500000000000,18.2356,NA,622731455768,1.4297,1.1459,0.2838,14.4338,1.3171,1.3171,0.0000,NA,0.0000,3.6306,NA,NA
q2rtx.exe,39492,0x177137A1C80,DXGI,0,512,1,Hardware: Independent Flip,Application,622731470670,NA,0.34430000000000,4.91950000000000,0.11960000000000,14.46560000000000,22.8108,NA,622731470065,0.1801,0.0605,0.1196,14.3212,0.2049,0.2049,0.0000,NA,0.0000,8.3452,NA,NA
q2rtx.exe,39492,0x177137A1C80,DXGI,0,512,1,Hardware: Independent Flip,Application,622731601597,14.4490,13.09270000000000,5.05400000000000,0.18180000000000,14.74810000000000,14.7721,NA,622731471866,13.1549,12.9731,0.1818,14.3460,13.3752,13.3718,0.0034,-0.1656,17792.6210,0.0240,NA,NA
q2rtx.exe,39492,0x177137A1C80,DXGI,0,512,1,Hardware: Independent Flip,Application,622731614566,NA,1.29690000000000,4.83280000000000,0.17830000000000,14.71560000000000,18.3080,NA,622731603415,1.2934,1.1151,0.1783,14.5663,1.2644,1.2644,0.0000,NA,0.0000,3.5924,NA,NA
q2rtx.exe,39492,0x177137A1C80,DXGI,0,512,1,Hardware: Independent Flip,Application,622731616920,NA,0.23540000000000,4.84250000000000,0.11220000000000,14.68350000000000,22.9151,NA,622731616349,0.1693,0.0571,0.1122,14.5373,0.2033,0.2033,0.0000,NA,0.0000,8.2316,NA,NA
q2rtx.exe,39492,0x177137A1C80,DXGI,0,512,1,Hardware: Independent Flip,Application,622731751609,14.8173,13.46890000000000,4.96780000000000,0.21480000000000,14.33740000000000,14.4140,NA,622731618042,13.5715,13.3567,0.2148,14.5713,13.1228,13.1176,0.0052,0.1742,17807.4383,0.0766,NA,NA
q2rtx.exe,39492,0x177137A1C80,DXGI,0,512,1,Hardware: Independent Flip,Application,622731762937,NA,1.13280000000000,4.79220000000000,0.17940000000000,14.46010000000000,18.0734,NA,622731753757,1.0974,0.9180,0.1794,14.1226,1.2555,1.2555,0.0000,NA,0.0000,3.6133,NA,NA
q2rtx.exe,39492,0x177137A1C80,DXGI,0,512,1,Hardware: Independent Flip,Application,622731765326,NA,0.23890000000000,4.84750000000000,0.11670000000000,14.43310000000000,22.6820,NA,622731764731,0.1762,0.0595,0.1167,14.2807,0.2119,0.2119,0.0000,NA,0.0000,8.2489,NA,NA
q2rtx.exe,39492,0x177137A1C80,DXGI,0,512,1,Hardware: Independent Flip,Application,622731896479,14.7903,13.11530000000000,5.02840000000000,0.18880000000000,14.57990000000000,14.5951,NA,622731766493,13.1874,12.9986,0.1888,14.3164,13.2621,13.2576,0.0045,0.1222,17822.2286,0.0152,NA,NA
q2rtx.exe,39492,0x177137A1C80,DXGI,0,512,1,Hardware: Independent Flip,Application,622731908699,NA,1.22200000000000,4.88040000000000,0.19520000000000,14.66720000000000,18.2535,NA,622731898367,1.2284,1.0332,0.1952,14.3911,1.3093,1.3093,0.0000,NA,0.0000,3.5863,NA,NA
q2rtx.exe,39492,0x177137A1C80,DXGI,0,512,1,Hardware: Independent Flip,Application,622731911247,NA,0.25480000000000,4.86950000000000,0.11970000000000,14.62250000000000,22.8682,NA,622731910651,0.1793,0.0596,0.1197,14.4720,0.2101,0.2101,0.0000,NA,0.0000,8.2457,NA,NA
q2rtx.exe,39492,0x177137A1C80,DXGI,0,512,1,Hardware: Independent Flip,Application,622732043888,14.8465,13.26410000000000,4.91270000000000,0.19760000000000,14.45220000000000,14.5168,NA,622731912444,13.3420,13.1444,0.1976,14.5028,13.0938,13.0906,0.0032,0.1839,17837.0751,0.0646,NA,NA
q2rtx.exe,39492,0x177137A1C80,DXGI,0,512,1,Hardware: Independent Flip,Application,622732056392,NA,1.25040000000000,4.81150000000000,0.17430000000000,14.60120000000000,18.0779,NA,622732045864,1.2271,1.0528,0.1743,14.2546,1.3994,1.3994,0.0000,NA,0.0000,3.4767,NA,NA
q2rtx.exe,39492,0x177137A1C80,DXGI,0,512,1,Hardware: Independent Flip,Application,622732058685,NA,0.22930000000000,4.84800000000000,0.10760000000000,14.58250000000000,22.6966,NA,622732058135,0.1626,0.0550,0.1076,14.4269,0.2106,0.2106,0.0000,NA,0.0000,8.1141,NA,NA
q2rtx.exe,39492,0x177137A1C80,DXGI,0,512,1,Hardware: Independent Flip,Application,622732191160,14.6720,13.24750000000000,5.31840000000000,0.23400000000000,14.76680000000000,14.7675,NA,622732059761,13.3739,13.1399,0.2340,14.4749,13.4318,13.4274,0.0044,-0.3059,17851.7471,0.0007,NA,NA
q2rtx.exe,39492,0x177137A1C80,DXGI,0,512,1,Hardware: Independent Flip,Application,622732203599,NA,1.24390000000000,5.03850000000000,0.18850000000000,14.72700000000000,18.5621,NA,622732193500,1.1984,1.0099,0.1885,14.5328,1.2041,1.2041,0.0000,NA,0.0000,3.8351,NA,NA
q2rtx.exe,39492,0x177137A1C80,DXGI,0,512,1,Hardware: Independent Flip,Application,622732206051,NA,0.24520000000000,4.94380000000000,0.11490000000000,14.66910000000000,23.2607,NA,622732205484,0.1716,0.0567,0.1149,14.5385,0.1873,0.1873,0.0000,NA,0.0000,8.5916,NA,NA
q2rtx.exe,39492,0x177137A1C80,DXGI,0,512,1,Hardware: Independent Flip,Application,622732340796,14.7764,13.47450000000000,4.17370000000000,0.17410000000000,13.77390000000000,13.9599,NA,622732207200,13.5337,13.3596,0.1741,14.5542,12.5793,12.5764,0.0029,0.6204,17866.5235,0.1860,NA,NA
q2rtx.exe,39492,0x177137A1C80,DXGI,0,512,1,Hardware: Independent Flip,Application,622732352007,NA,1.12110000000000,4.48370000000000,0.16890000000000,14.26430000000000,17.3225,NA,622732342537,1.1159,0.9470,0.1689,13.5998,1.6115,1.6115,0.0000,NA,0.0000,3.0582,NA,NA
q2rtx.exe,39492,0x177137A1C80,DXGI,0,512,1,Hardware: Independent Flip,Application,622732354245,NA,0.22380000000000,4.64170000000000,0.11000000000000,14.24450000000000,21.7404,NA,622732353696,0.1649,0.0549,0.1100,14.0954,0.2040,0.2040,0.0000,NA,0.0000,7.4959,NA,NA
q2rtx.exe,39492,0x177137A1C80,DXGI,0,512,1,Hardware: Independent Flip,Application,622732479696,14.5328,12.54510000000000,5.94310000000000,0.25510000000000,15.13750000000000,15.1384,NA,622732355345,12.6902,12.4351,0.2551,14.1345,13.4381,13.4339,0.0042,-0.5357,17881.0563,0.0009,NA,NA
q2rtx.exe,39492,0x177137A1C80,DXGI,0,512,1,Hardware: Independent Flip,Application,622732495852,NA,1.61560000000000,5.53480000000000,0.18560000000000,14.59060000000000,19.0576,NA,622732482247,1.5461,1.3605,0.1856,14.8824,1.0687,1.0687,0.0000,NA,0.0000,4.4670,NA,NA
q2rtx.exe,39492,0x177137A1C80,DXGI,0,512,1,Hardware: Independent Flip,Application,622732498274,NA,0.24220000000000,4.51240000000000,0.10950000000000,14.55460000000000,23.3278,NA,622732497708,0.1661,0.0566,0.1095,14.4050,0.2062,0.2062,0.0000,NA,0.0000,8.7732,NA,NA
q2rtx.exe,39492,0x177137A1C80,DXGI,0,512,1,Hardware: Independent Flip,Application,622732632753,15.1071,13.44790000000000,4.64000000000000,0.15990000000000,13.80020000000000,14.5199,NA,622732499369,13.4983,13.3384,0.1599,14.4451,12.6935,12.6903,0.0032,0.4199,17896.1634,0.7197,NA,NA
q2rtx.exe,39492,0x177137A1C80,DXGI,0,512,1,Hardware: Independent Flip,Application,622732643014,NA,1.02610000000000,3.94850000000000,0.17880000000000,14.59800000000000,17.4423,NA,622732634352,1.0450,0.8662,0.1788,13.6403,1.8239,1.8239,0.0000,NA,0.0000,2.8443,NA,NA
q2rtx.exe,39492,0x177137A1C80,DXGI,0,512,1,Hardware: Independent Flip,Application,622732645382,NA,0.23680000000000,4.63800000000000,0.11530000000000,14.56700000000000,21.8435,NA,622732644802,0.1733,0.0580,0.1153,14.4192,0.2058,0.2058,0.0000,NA,0.0000,7.2765,NA,NA
q2rtx.exe,39492,0x177137A1C80,DXGI,0,512,1,Hardware: Independent Flip,Application,622732771914,13.8835,12.65320000000000,6.44150000000000,0.21160000000000,15.63100000000000,15.6318,NA,622732646535,12.7495,12.5379,0.2116,14.4517,13.7172,13.7107,0.0065,-1.1445,17910.0469,0.0008,NA,NA
q2rtx.exe,39492,0x177137A1C80,DXGI,0,512,1,Hardware: Independent Flip,Application,622732790086,NA,1.81720000000000,5.32130000000000,0.19280000000000,14.71120000000000,19.1359,NA,622732774030,1.7984,1.6056,0.1928,15.4194,0.8974,0.8974,0.0000,NA,0.0000,4.4247,NA,NA
q2rtx.exe,39492,0x177137A1C80,DXGI,0,512,1,Hardware: Independent Flip,Application,622732792567,NA,0.24810000000000,4.68990000000000,0.10820000000000,14.67560000000000,23.5777,NA,622732792014,0.1635,0.0553,0.1082,14.5184,0.2125,0.2125,0.0000,NA,0.0000,8.9021,NA,NA
q2rtx.exe,39492,0x177137A1C80,DXGI,0,512,1,Hardware: Independent Flip,Application,622732929634,15.3118,13.70670000000000,4.59330000000000,0.17510000000000,13.67500000000000,14.4643,NA,622732793649,13.7736,13.5985,0.1751,14.5674,12.7061,12.7029,0.0032,0.7073,17925.3587,0.7893,NA,NA
q2rtx.exe,39492,0x177137A1C80,DXGI,0,512,1,Hardware: Independent Flip,Application,622732938151,NA,0.85170000000000,3.82640000000000,0.18110000000000,14.53680000000000,17.4390,NA,622732931385,0.8577,0.6766,0.1811,13.4999,1.7135,1.7135,0.0000,NA,0.0000,2.9022,NA,NA
q2rtx.exe,39492,0x177137A1C80,DXGI,0,512,1,Hardware: Independent Flip,Application,622732940502,NA,0.23510000000000,4.67730000000000,0.17490000000000,14.50040000000000,21.8812,NA,622732939962,0.2289,0.0540,0.1749,14.3557,0.1987,0.1987,0.0000,NA,0.0000,7.3808,NA,NA
q2rtx.exe,39492,0x177137A1C80,DXGI,0,512,1,Hardware: Independent Flip,Application,622733067792,13.8578,12.72900000000000,6.17690000000000,0.26160000000000,15.32840000000000,15.3291,NA,622732942251,12.8157,12.5541,0.2616,14.3255,13.5570,13.5518,0.0052,-0.8228,17939.2165,0.0007,NA,NA
q2rtx.exe,39492,0x177137A1C80,DXGI,0,512,1,Hardware: Independent Flip,Application,622733084653,NA,1.68610000000000,5.40340000000000,0.17840000000000,14.63500000000000,19.0464,NA,622733070408,1.6029,1.4245,0.1784,15.0668,0.9927,0.9927,0.0000,NA,0.0000,4.4114,NA,NA
q2rtx.exe,39492,0x177137A1C80,DXGI,0,512,1,Hardware: Independent Flip,Application,622733087008,NA,0.23550000000000,4.38280000000000,0.11360000000000,14.61500000000000,23.1937,NA,622733086437,0.1707,0.0571,0.1136,14.4566,0.2155,0.2155,0.0000,NA,0.0000,8.5787,NA,NA
q2rtx.exe,39492,0x177137A1C80,DXGI,0,512,1,Hardware: Independent Flip,Application,622733222475,15.8114,13.54670000000000,4.91880000000000,0.16640000000000,13.76200000000000,14.5658,NA,622733088144,13.5995,13.4331,0.1664,14.5014,12.6937,12.6907,0.0030,1.1064,17955.0279,0.8038,NA,NA
q2rtx.exe,39492,0x177137A1C80,DXGI,0,512,1,Hardware: Independent Flip,Application,622733232137,NA,0.96620000000000,3.84300000000000,0.20040000000000,14.34970000000000,17.4426,NA,622733224139,1.0002,0.7998,0.2004,13.5956,1.5539,1.5539,0.0000,NA,0.0000,3.0929,NA,NA
q2rtx.exe,39492,0x177137A1C80,DXGI,0,512,1,Hardware: Independent Flip,Application,622733234712,NA,0.25750000000000,4.71770000000000,0.10930000000000,14.30750000000000,21.9028,NA,622733234141,0.1664,0.0571,0.1093,14.1493,0.2153,0.2153,0.0000,NA,0.0000,7.5953,NA,NA
q2rtx.exe,39492,0x177137A1C80,DXGI,0,512,1,Hardware: Independent Flip,Application,622733361301,13.7594,12.65890000000000,6.11270000000000,0.20830000000000,15.35570000000000,15.3566,NA,622733235805,12.7579,12.5496,0.2083,14.1982,13.7071,13.7029,0.0042,-0.9140,17968.7873,0.0009,NA,NA
q2rtx.exe,39492,0x177137A1C80,DXGI,0,512,1,Hardware: Independent Flip,Application,622733376754,NA,1.54530000000000,5.09020000000000,0.19560000000000,14.73800000000000,18.9015,NA,622733363384,1.5326,1.3370,0.1956,15.1474,0.9276,0.9276,0.0000,NA,0.0000,4.1635,NA,NA
q2rtx.exe,39492,0x177137A1C80,DXGI,0,512,1,Hardware: Independent Flip,Application,622733379322,NA,0.25680000000000,4.68310000000000,0.12460000000000,14.69500000000000,23.3278,NA,622733378710,0.1858,0.0612,0.1246,14.5424,0.2138,0.2138,0.0000,NA,0.0000,8.6328,NA,NA
q2rtx.exe,39492,0x177137A1C80,DXGI,0,512,1,Hardware: Independent Flip,Application,622733516847,15.5487,13.75250000000000,4.81270000000000,0.18060000000000,13.66670000000000,14.3880,NA,622733380568,13.8085,13.6279,0.1806,14.5704,12.7242,12.7201,0.0041,0.9627,17984.3360,0.7213,NA,NA
q2rtx.exe,39492,0x177137A1C80,DXGI,0,512,1,Hardware: Independent Flip,Application,622733525288,NA,0.84410000000000,3.91580000000000,0.20180000000000,14.53030000000000,17.4597,NA,622733518653,0.8653,0.6635,0.2018,13.4861,1.7077,1.7077,0.0000,NA,0.0000,2.9294,NA,NA
q2rtx.exe,39492,0x177137A1C80,DXGI,0,512,1,Hardware: Independent Flip,Application,622733527877,NA,0.25890000000000,4.60470000000000,0.11010000000000,14.48250000000000,21.8055,NA,622733527306,0.1672,0.0571,0.1101,14.3285,0.2111,0.2111,0.0000,NA,0.0000,7.3230,NA,NA
q2rtx.exe,39492,0x177137A1C80,DXGI,0,512,1,Hardware: Independent Flip,Application,622733654856,13.8541,12.69790000000000,6.42880000000000,0.21450000000000,15.53570000000000,15.5364,NA,622733528978,12.8023,12.5878,0.2145,14.3724,13.7511,13.7466,0.0045,-1.0952,17998.1901,0.0007,NA,NA
q2rtx.exe,39492,0x177137A1C80,DXGI,0,512,1,Hardware: Independent Flip,Application,622733672032,NA,1.71760000000000,5.29410000000000,0.16030000000000,14.73530000000000,19.1129,NA,622733657001,1.6634,1.5031,0.1603,15.3212,0.9172,0.9172,0.0000,NA,0.0000,4.3776,NA,NA
q2rtx.exe,39492,0x177137A1C80,DXGI,0,512,1,Hardware: Independent Flip,Application,622733674184,NA,0.21520000000000,4.66750000000000,0.10600000000000,14.74990000000000,23.5652,NA,622733673635,0.1609,0.0549,0.1060,14.5750,0.2298,0.2298,0.0000,NA,0.0000,8.8153,NA,NA
q2rtx.exe,39492,0x177137A1C80,DXGI,0,512,1,Hardware: Independent Flip,Application,622733811562,15.5209,13.73780000000000,4.65030000000000,0.16360000000000,13.68700000000000,14.4777,NA,622733675244,13.7954,13.6318,0.1636,14.6439,12.6749,12.6719,0.0030,0.9090,18013.7110,0.7907,NA,NA
q2rtx.exe,39492,0x177137A1C80,DXGI,0,512,1,Hardware: Independent Flip,Application,622733820461,NA,0.88990000000000,3.83790000000000,0.23330000000000,14.09720000000000,17.4257,NA,622733813198,0.9596,0.7263,0.2333,13.5234,1.3001,1.3001,0.0000,NA,0.0000,3.3285,NA,NA
q2rtx.exe,39492,0x177137A1C80,DXGI,0,512,1,Hardware: Independent Flip,Application,622733823359,NA,0.28980000000000,4.67870000000000,0.11240000000000,14.00640000000000,21.8146,NA,622733822794,0.1689,0.0565,0.1124,13.8639,0.1990,0.1990,0.0000,NA,0.0000,7.8082,NA,NA
q2rtx.exe,39492,0x177137A1C80,DXGI,0,512,1,Hardware: Independent Flip,Application,622733949678,13.7809,12.63190000000000,5.52730000000000,0.15990000000000,14.70910000000000,14.7100,NA,622733824483,12.6794,12.5195,0.1599,13.8940,13.3346,13.3283,0.0063,-0.2630,18027.4919,0.0009,NA,NA
q2rtx.exe,39492,0x177137A1C80,DXGI,0,512,1,Hardware: Independent Flip,Application,622733962560,NA,1.28820000000000,5.12890000000000,0.18460000000000,14.68690000000000,18.5507,NA,622733951277,1.3129,1.1283,0.1846,14.5492,1.2660,1.2660,0.0000,NA,0.0000,3.8638,NA,NA
q2rtx.exe,39492,0x177137A1C80,DXGI,0,512,1,Hardware: Independent Flip,Application,622733964962,NA,0.24020000000000,4.20130000000000,0.11760000000000,14.66770000000000,22.5118,NA,622733964406,0.1732,0.0556,0.1176,14.5023,0.2210,0.2210,0.0000,NA,0.0000,7.8441,NA,NA
q2rtx.exe,39492,0x177137A1C80,DXGI,0,512,1,Hardware: Independent Flip,Application,622734101055,15.7157,13.60930000000000,5.46350000000000,0.16610000000000,13.70420000000000,14.3660,NA,622733966138,13.6578,13.4917,0.1661,14.5501,12.6458,12.6420,0.0038,0.9220,18043.2076,0.6618,NA,NA
q2rtx.exe,39492,0x177137A1C80,DXGI,0,512,1,Hardware: Independent Flip,Application,622734110717,NA,0.96620000000000,4.06650000000000,0.18150000000000,14.12010000000000,17.4663,NA,622734102716,0.9816,0.8001,0.1815,13.5381,1.3821,1.3821,0.0000,NA,0.0000,3.3462,NA,NA
q2rtx.exe,39492,0x177137A1C80,DXGI,0,512,1,Hardware: Independent Flip,Application,622734113081,NA,0.23640000000000,4.70090000000000,0.10870000000000,14.09130000000000,21.9308,NA,622734112532,0.1636,0.0549,0.1087,13.9386,0.2076,0.2076,0.0000,NA,0.0000,7.8395,NA,NA
q2rtx.exe,39492,0x177137A1C80,DXGI,0,512,1,Hardware: Independent Flip,Application,622734239197,13.7678,12.61160000000000,5.81680000000000,0.23780000000000,14.84100000000000,15.1360,NA,622734114168,12.7407,12.5029,0.2378,13.9826,13.3613,13.3556,0.0057,-0.8164,18056.9754,0.2950,NA,NA
q2rtx.exe,39492,0x177137A1C80,DXGI,0,512,1,Hardware: Independent Flip,Application,622734253241,NA,1.40440000000000,4.48430000000000,0.19130000000000,14.87570000000000,18.2159,NA,622734241575,1.3579,1.1666,0.1913,14.6032,1.4391,1.4391,0.0000,NA,0.0000,3.3402,NA,NA
q2rtx.exe,39492,0x177137A1C80,DXGI,0,512,1,Hardware: Independent Flip,Application,622734255756,NA,0.25150000000000,4.74980000000000,0.11580000000000,14.83180000000000,22.7142,NA,622734255154,0.1760,0.0602,0.1158,14.6844,0.2076,0.2076,0.0000,NA,0.0000,7.8824,NA,NA
q2rtx.exe,39492,0x177137A1C80,DXGI,0,512,1,Hardware: Independent Flip,Application,622734388702,14.7889,13.29460000000000,5.79570000000000,0.14970000000000,14.83600000000000,15.2153,NA,622734256914,13.3285,13.1788,0.1497,14.7160,13.2988,13.2937,0.0051,-0.2409,18071.7643,0.3793,NA,NA
q2rtx.exe,39492,0x177137A1C80,DXGI,0,512,1,Hardware: Independent Flip,Application,622734403725,NA,1.50230000000000,4.50920000000000,0.18190000000000,14.55150000000000,18.2222,NA,622734390199,1.5345,1.3526,0.1819,14.6863,1.2178,1.2178,0.0000,NA,0.0000,3.6707,NA,NA
q2rtx.exe,39492,0x177137A1C80,DXGI,0,512,1,Hardware: Independent Flip,Application,622734406069,NA,0.23440000000000,4.87360000000000,0.10520000000000,14.56540000000000,22.8614,NA,622734405544,0.1577,0.0525,0.1052,14.3696,0.2483,0.2483,0.0000,NA,0.0000,8.2960,NA,NA
q2rtx.exe,39492,0x177137A1C80,DXGI,0,512,1,Hardware: Independent Flip,Application,622734538249,14.0940,13.21800000000000,5.21900000000000,0.19110000000000,14.53760000000000,14.8624,NA,622734407121,13.3039,13.1128,0.1911,14.4602,13.1902,13.1856,0.0046,-0.5078,18085.8583,0.3248,NA,NA
q2rtx.exe,39492,0x177137A1C80,DXGI,0,512,1,Hardware: Independent Flip,Application,622734550222,NA,1.19730000000000,4.45170000000000,0.18170000000000,14.62610000000000,18.1168,NA,622734540160,1.1879,1.0062,0.1817,14.3465,1.2858,1.2858,0.0000,NA,0.0000,3.4907,NA,NA
q2rtx.exe,39492,0x177137A1C80,DXGI,0,512,1,Hardware: Independent Flip,Application,622734552599,NA,0.23770000000000,4.74230000000000,0.11200000000000,14.59680000000000,22.6214,NA,622734552039,0.1680,0.0560,0.1120,14.4444,0.2084,0.2084,0.0000,NA,0.0000,8.0246,NA,NA
q2rtx.exe,39492,0x177137A1C80,DXGI,0,512,1,Hardware: Independent Flip,Application,622734684874,14.9411,13.22750000000000,5.35320000000000,0.21150000000000,14.68010000000000,14.7471,NA,622734553719,13.3270,13.1155,0.2115,14.4848,13.3108,13.3031,0.0077,0.3939,18100.7994,0.0670,NA,NA
q2rtx.exe,39492,0x177137A1C80,DXGI,0,512,1,Hardware: Independent Flip,Application,622734697517,NA,1.26430000000000,4.77100000000000,0.19950000000000,14.58550000000000,18.2538,NA,622734686989,1.2523,1.0528,0.1995,14.4686,1.1697,1.1697,0.0000,NA,0.0000,3.6683,NA,NA
q2rtx.exe,39492,0x177137A1C80,DXGI,0,512,1,Hardware: Independent Flip,Application,622734700048,NA,0.25310000000000,4.80750000000000,0.10980000000000,14.54560000000000,22.8082,NA,622734699512,0.1634,0.0536,0.1098,14.3860,0.2132,0.2132,0.0000,NA,0.0000,8.2626,NA,NA
q2rtx.exe,39492,0x177137A1C80,DXGI,0,512,1,Hardware: Independent Flip,Application,622734832953,14.9518,13.29050000000000,5.53710000000000,0.16350000000000,14.79240000000000,15.0548,NA,622734701146,13.3442,13.1807,0.1635,14.4358,13.5373,13.5322,0.0051,-0.1638,18115.7512,0.2624,NA,NA
q2rtx.exe,39492,0x177137A1C80,DXGI,0,512,1,Hardware: Independent Flip,Application,622734844569,NA,1.16160000000000,4.69530000000000,0.18690000000000,14.92170000000000,18.5885,NA,622734834588,1.1850,0.9981,0.1869,14.6289,1.2909,1.2909,0.0000,NA,0.0000,3.6668,NA,NA
q2rtx.exe,39492,0x177137A1C80,DXGI,0,512,1,Hardware: Independent Flip,Application,622734847067,NA,0.24980000000000,4.93090000000000,0.11000000000000,14.88380000000000,23.2696,NA,622734846438,0.1729,0.0629,0.1100,14.7348,0.2119,0.2119,0.0000,NA,0.0000,8.3858,NA,NA
q2rtx.exe,39492,0x177137A1C80,DXGI,0,512,1,Hardware: Independent Flip,Application,622734982259,14.7094,13.51920000000000,4.92330000000000,0.17630000000000,14.51640000000000,14.6737,NA,622734848167,13.5855,13.4092,0.1763,14.7738,13.1518,13.1473,0.0045,0.1599,18130.4606,0.1573,NA,NA
q2rtx.exe,39492,0x177137A1C80,DXGI,0,512,1,Hardware: Independent Flip,Application,622734994930,NA,1.26710000000000,4.64810000000000,0.19560000000000,14.55480000000000,18.0547,NA,622734984022,1.2864,1.0908,0.1956,14.3401,1.3055,1.3055,0.0000,NA,0.0000,3.4999,NA,NA
q2rtx.exe,39492,0x177137A1C80,DXGI,0,512,1,Hardware: Independent Flip,Application,622734997455,NA,0.25250000000000,4.77950000000000,0.11110000000000,14.50790000000000,22.5817,NA,622734996886,0.1680,0.0569,0.1111,14.3592,0.2056,0.2056,0.0000,NA,0.0000,8.0738,NA,NA
q2rtx.exe,39492,0x177137A1C80,DXGI,0,512,1,Hardware: Independent Flip,Application,622735128884,14.8023,13.14290000000000,5.26180000000000,0.19130000000000,14.69960000000000,14.7006,NA,622734998566,13.2231,13.0318,0.1913,14.3968,13.3346,13.3314,0.0032,0.1129,18145.2629,0.0010,NA,NA
q2rtx.exe,39492,0x177137A1C80,DXGI,0,512,1,Hardware: Independent Flip,Application,622735141563,NA,1.26790000000000,5.00650000000000,0.19410000000000,14.74170000000000,18.4392,NA,622735130797,1.2707,1.0766,0.1941,14.5083,1.3100,1.3100,0.0000,NA,0.0000,3.6975,NA,NA
q2rtx.exe,39492,0x177137A1C80,DXGI,0,512,1,Hardware: Independent Flip,Application,622735144055,NA,0.24920000000000,4.78240000000000,0.10570000000000,14.69350000000000,22.9724,NA,622735143504,0.1608,0.0551,0.1057,14.5476,0.2010,0.2010,0.0000,NA,0.0000,8.2789,NA,NA
q2rtx.exe,39492,0x177137A1C80,DXGI,0,512,1,Hardware: Independent Flip,Application,622735277781,14.9166,13.37260000000000,5.30470000000000,0.18050000000000,14.66060000000000,14.9045,NA,622735145112,13.4474,13.2669,0.1805,14.5878,13.3397,13.3355,0.0042,-0.1770,18160.1795,0.2439,NA,NA
q2rtx.exe,39492,0x177137A1C80,DXGI,0,512,1,Hardware: Independent Flip,Application,622735290146,NA,1.23650000000000,4.72060000000000,0.16950000000000,14.69930000000000,18.3886,NA,622735279586,1.2255,1.0560,0.1695,14.4801,1.2752,1.2752,0.0000,NA,0.0000,3.6893,NA,NA
q2rtx.exe,39492,0x177137A1C80,DXGI,0,512,1,Hardware: Independent Flip,Application,622735292384,NA,0.22380000000000,4.93410000000000,0.10960000000000,14.67820000000000,23.0989,NA,622735291841,0.1639,0.0543,0.1096,14.5298,0.2027,0.2027,0.0000,NA,0.0000,8.4207,NA,NA
q2rtx.exe,39492,0x177137A1C80,DXGI,0,512,1,Hardware: Independent Flip,Application,622735425569,14.7029,13.31850000000000,4.88330000000000,0.28380000000000,14.53130000000000,14.6637,NA,622735293480,13.4927,13.2089,0.2838,14.5686,13.1716,13.1672,0.0044,0.1649,18174.8824,0.1324,NA,NA
q2rtx.exe,39492,0x177137A1C80,DXGI,0,512,1,Hardware: Independent Flip,Application,622735438263,NA,1.26940000000000,4.68690000000000,0.18780000000000,14.55410000000000,18.0812,NA,622735428407,1.1734,0.9856,0.1878,14.2475,1.2922,1.2922,0.0000,NA,0.0000,3.5271,NA,NA
q2rtx.exe,39492,0x177137A1C80,DXGI,0,512,1,Hardware: Independent Flip,Application,622735440678,NA,0.24150000000000,4.78530000000000,0.10680000000000,14.52510000000000,22.6250,NA,622735440141,0.1605,0.0537,0.1068,14.3663,0.2125,0.2125,0.0000,NA,0.0000,8.0999,NA,NA
q2rtx.exe,39492,0x177137A1C80,DXGI,0,512,1,Hardware: Independent Flip,Application,622735572316,14.8452,13.16380000000000,4.87160000000000,0.21050000000000,14.33160000000000,14.3328,NA,622735441746,13.2675,13.0570,0.2105,14.4183,12.9703,12.9657,0.0046,0.5014,18189.7276,0.0012,NA,NA
q2rtx.exe,39492,0x177137A1C80,DXGI,0,512,1,Hardware: Independent Flip,Application,622735585017,NA,1.27010000000000,4.80250000000000,0.18350000000000,14.60770000000000,17.8652,NA,622735574421,1.2431,1.0596,0.1835,14.1211,1.5462,1.5462,0.0000,NA,0.0000,3.2575,NA,NA
q2rtx.exe,39492,0x177137A1C80,DXGI,0,512,1,Hardware: Independent Flip,Application,622735587511,NA,0.24940000000000,4.72890000000000,0.11310000000000,14.56410000000000,22.3447,NA,622735586852,0.1790,0.0659,0.1131,14.4242,0.2058,0.2058,0.0000,NA,0.0000,7.7806,NA,NA
q2rtx.exe,39492,0x177137A1C80,DXGI,0,512,1,Hardware: Independent Flip,Application,622735716928,14.9357,12.94170000000000,5.58630000000000,0.20200000000000,14.94480000000000,14.9893,NA,622735588642,13.0306,12.8286,0.2020,14.4510,13.3224,13.3180,0.0044,-0.1820,18204.6633,0.0445,NA,NA
q2rtx.exe,39492,0x177137A1C80,DXGI,0,512,1,Hardware: Independent Flip,Application,622735732246,NA,1.53180000000000,4.99830000000000,0.18870000000000,14.69980000000000,18.4558,NA,622735718948,1.5185,1.3298,0.1887,14.7428,1.2868,1.2868,0.0000,NA,0.0000,3.7560,NA,NA
q2rtx.exe,39492,0x177137A1C80,DXGI,0,512,1,Hardware: Independent Flip,Application,622735734680,NA,0.24340000000000,5.01070000000000,0.16080000000000,14.66610000000000,23.2231,NA,622735734133,0.2155,0.0547,0.1608,14.5111,0.2097,0.2097,0.0000,NA,0.0000,8.5570,NA,NA
q2rtx.exe,39492,0x177137A1C80,DXGI,0,512,1,Hardware: Independent Flip,Application,622735867626,14.7306,13.29460000000000,5.04390000000000,0.17640000000000,14.71870000000000,14.9724,NA,622735736288,13.3102,13.1338,0.1764,14.5053,13.3472,13.3432,0.0040,-0.3223,18219.3939,0.2537,NA,NA
q2rtx.exe,39492,0x177137A1C80,DXGI,0,512,1,Hardware: Independent Flip,Application,622735880402,NA,1.27760000000000,4.68950000000000,0.18860000000000,14.69620000000000,18.3843,NA,622735869390,1.2898,1.1012,0.1886,14.5423,1.2551,1.2551,0.0000,NA,0.0000,3.6881,NA,NA
q2rtx.exe,39492,0x177137A1C80,DXGI,0,512,1,Hardware: Independent Flip,Application,622735882851,NA,0.24490000000000,4.91590000000000,0.11090000000000,14.66420000000000,23.0553,NA,622735882288,0.1672,0.0563,0.1109,14.5076,0.2129,0.2129,0.0000,NA,0.0000,8.3911,NA,NA
q2rtx.exe,39492,0x177137A1C80,DXGI,0,512,1,Hardware: Independent Flip,Application,622736015988,14.4426,13.31370000000000,4.74410000000000,0.17150000000000,14.48450000000000,14.4857,NA,622735883960,13.3743,13.2028,0.1715,14.5533,13.1340,13.1308,0.0032,0.0931,18233.8365,0.0012,NA,NA
q2rtx.exe,39492,0x177137A1C80,DXGI,0,512,1,Hardware: Independent Flip,Application,622736028482,NA,1.24940000000000,4.89630000000000,0.19890000000000,14.60270000000000,18.1326,NA,622736017703,1.2768,1.0779,0.1989,14.3130,1.3676,1.3676,0.0000,NA,0.0000,3.5299,NA,NA
q2rtx.exe,39492,0x177137A1C80,DXGI,0,512,1,Hardware: Independent Flip,Application,622736031018,NA,0.25360000000000,4.63530000000000,0.10670000000000,14.55990000000000,22.5143,NA,622736030471,0.1614,0.0547,0.1067,14.4038,0.2108,0.2108,0.0000,NA,0.0000,7.9544,NA,NA
q2rtx.exe,39492,0x177137A1C80,DXGI,0,512,1,Hardware: Independent Flip,Application,622736162334,15.1653,13.13160000000000,5.21980000000000,0.18790000000000,14.55170000000000,14.6025,NA,622736032085,13.2128,13.0249,0.1879,14.4532,13.1234,13.1189,0.0045,0.4139,18249.0018,0.0508,NA,NA
q2rtx.exe,39492,0x177137A1C80,DXGI,0,512,1,Hardware: Independent Flip,Application,622736175770,NA,1.34360000000000,4.87050000000000,0.25050000000000,14.52600000000000,18.1294,NA,622736164213,1.4062,1.1557,0.2505,14.3638,1.3179,1.3179,0.0000,NA,0.0000,3.6034,NA,NA
q2rtx.exe,39492,0x177137A1C80,DXGI,0,512,1,Hardware: Independent Flip,Application,622736178838,NA,0.30680000000000,4.89030000000000,0.11620000000000,14.42660000000000,22.7129,NA,622736178275,0.1725,0.0563,0.1162,14.2755,0.2074,0.2074,0.0000,NA,0.0000,8.2863,NA,NA
q2rtx.exe,39492,0x177137A1C80,DXGI,0,512,1,Hardware: Independent Flip,Application,622736309107,14.8941,13.02690000000000,5.17830000000000,0.19100000000000,14.60270000000000,14.8643,NA,622736180000,13.1017,12.9107,0.1910,14.3104,13.2030,13.1998,0.0032,-0.0450,18263.8959,0.2616,NA,NA
q2rtx.exe,39492,0x177137A1C80,DXGI,0,512,1,Hardware: Independent Flip,Application,622736322065,NA,1.29580000000000,4.63480000000000,0.19770000000000,14.65460000000000,18.2033,NA,622736311017,1.3025,1.1048,0.1977,14.4117,1.3477,1.3477,0.0000,NA,0.0000,3.5487,NA,NA
q2rtx.exe,39492,0x177137A1C80,DXGI,0,512,1,Hardware: Independent Flip,Application,622736324591,NA,0.25260000000000,4.87250000000000,0.11120000000000,14.60720000000000,22.8232,NA,622736324042,0.1661,0.0549,0.1112,14.4569,0.2052,0.2052,0.0000,NA,0.0000,8.2160,NA,NA
q2rtx.exe,39492,0x177137A1C80,DXGI,0,512,1,Hardware: Independent Flip,Application,622736456389,14.5272,13.17980000000000,4.37920000000000,0.18680000000000,14.01520000000000,14.0226,NA,622736325703,13.2554,13.0686,0.1868,14.4960,12.5878,12.5851,0.0027,0.6407,18278.4231,0.0074,NA,NA
q2rtx.exe,39492,0x177137A1C80,DXGI,0,512,1,Hardware: Independent Flip,Application,622736469774,NA,1.33850000000000,4.63910000000000,0.19600000000000,13.94640000000000,17.3232,NA,622736458257,1.3477,1.1517,0.1960,13.8284,1.2697,1.2697,0.0000,NA,0.0000,3.3768,NA,NA
q2rtx.exe,39492,0x177137A1C80,DXGI,0,512,1,Hardware: Independent Flip,Application,622736472372,NA,0.25980000000000,4.61200000000000,0.13150000000000,13.89170000000000,21.6754,NA,622736471734,0.1953,0.0638,0.1315,13.7504,0.2051,0.2051,0.0000,NA,0.0000,7.7837,NA,NA
q2rtx.exe,39492,0x177137A1C80,DXGI,0,512,1,Hardware: Independent Flip,Application,622736600042,14.8215,12.76700000000000,5.41600000000000,0.19430000000000,14.32360000000000,14.3244,NA,622736473687,12.8298,12.6355,0.1943,13.7602,13.1989,13.1922,0.0067,0.1544,18293.2446,0.0008,NA,NA
q2rtx.exe,39492,0x177137A1C80,DXGI,0,512,1,Hardware: Independent Flip,Application,622736610358,NA,1.03160000000000,5.16420000000000,0.19210000000000,14.63680000000000,18.4570,NA,622736601985,1.0294,0.8373,0.1921,14.1293,1.3448,1.3448,0.0000,NA,0.0000,3.8202,NA,NA
q2rtx.exe,39492,0x177137A1C80,DXGI,0,512,1,Hardware: Independent Flip,Application,622736612862,NA,0.25040000000000,4.64320000000000,0.10650000000000,14.63700000000000,22.8498,NA,622736612279,0.1648,0.0583,0.1065,14.4447,0.2506,0.2506,0.0000,NA,0.0000,8.2128,NA,NA
q2rtx.exe,39492,0x177137A1C80,DXGI,0,512,1,Hardware: Independent Flip,Application,622736746833,14.6781,13.39710000000000,5.45830000000000,0.17260000000000,14.50690000000000,14.9110,NA,622736613927,13.4632,13.2906,0.1726,14.5305,13.2670,13.2627,0.0043,-0.5876,18307.9227,0.4041,NA,NA
q2rtx.exe,39492,0x177137A1C80,DXGI,0,512,1,Hardware: Independent Flip,Application,622736757869,NA,1.10360000000000,4.56210000000000,0.23370000000000,14.67330000000000,18.3695,NA,622736748559,1.1647,0.9310,0.2337,14.3343,1.2700,1.2700,0.0000,NA,0.0000,3.6962,NA,NA
q2rtx.exe,39492,0x177137A1C80,DXGI,0,512,1,Hardware: Independent Flip,Application,622736760739,NA,0.28700000000000,4.93570000000000,0.10770000000000,14.59590000000000,23.0182,NA,622736760206,0.1610,0.0533,0.1077,14.4396,0.2096,0.2096,0.0000,NA,0.0000,8.4223,NA,NA
q2rtx.exe,39492,0x177137A1C80,DXGI,0,512,1,Hardware: Independent Flip,Application,622736893154,14.0613,13.24150000000000,5.09860000000000,0.16560000000000,14.64770000000000,14.8753,NA,622736761816,13.2994,13.1338,0.1656,14.4882,13.2933,13.2902,0.0031,-0.5351,18321.9840,0.2276,NA,NA
q2rtx.exe,39492,0x177137A1C80,DXGI,0,512,1,Hardware: Independent Flip,Application,622736905626,NA,1.24720000000000,4.57040000000000,0.19990000000000,14.76270000000000,18.1985,NA,622736894810,1.2815,1.0816,0.1999,14.4821,1.3622,1.3622,0.0000,NA,0.0000,3.4358,NA,NA
q2rtx.exe,39492,0x177137A1C80,DXGI,0,512,1,Hardware: Independent Flip,Application,622736908141,NA,0.25150000000000,4.77420000000000,0.10470000000000,14.71850000000000,22.7212,NA,622736907625,0.1563,0.0516,0.1047,14.5628,0.2073,0.2073,0.0000,NA,0.0000,8.0027,NA,NA
q2rtx.exe,39492,0x177137A1C80,DXGI,0,512,1,Hardware: Independent Flip,Application,622737040905,14.6307,13.27640000000000,4.72500000000000,0.22520000000000,14.13260000000000,14.1698,NA,622736909188,13.3969,13.1717,0.2252,14.6138,12.6905,12.6861,0.0044,0.5611,18336.6147,0.0372,NA,NA
q2rtx.exe,39492,0x177137A1C80,DXGI,0,512,1,Hardware: Independent Flip,Application,622737054436,NA,1.35310000000000,4.65330000000000,0.18770000000000,14.27610000000000,17.4700,NA,622737043157,1.3156,1.1279,0.1877,13.9074,1.4966,1.4892,0.0074,NA,0.0000,3.1939,NA,NA
q2rtx.exe,39492,0x177137A1C80,DXGI,0,512,1,Hardware: Independent Flip,Application,622737056944,NA,0.25080000000000,4.66210000000000,0.13230000000000,14.23570000000000,21.8813,NA,622737056313,0.1954,0.0631,0.1323,14.0884,0.2104,0.2104,0.0000,NA,0.0000,7.6456,NA,NA
q2rtx.exe,39492,0x177137A1C80,DXGI,0,512,1,Hardware: Independent Flip,Application,622737183214,14.8527,12.62700000000000,5.09440000000000,0.19190000000000,14.34760000000000,14.3487,NA,622737058267,12.6866,12.4947,0.1919,14.1034,12.7389,12.7345,0.0044,0.4429,18351.4674,0.0011,NA,NA
q2rtx.exe,39492,0x177137A1C80,DXGI,0,512,1,Hardware: Independent Flip,Application,622737198397,NA,1.51830000000000,4.86270000000000,0.18720000000000,14.08590000000000,17.6931,NA,622737185133,1.5136,1.3264,0.1872,14.1557,1.2566,1.2566,0.0000,NA,0.0000,3.6072,NA,NA
q2rtx.exe,39492,0x177137A1C80,DXGI,0,512,1,Hardware: Independent Flip,Application,622737200828,NA,0.24310000000000,4.89030000000000,0.10860000000000,14.21910000000000,22.3403,NA,622737200269,0.1645,0.0559,0.1086,13.8987,0.3763,0.3763,0.0000,NA,0.0000,8.1212,NA,NA
q2rtx.exe,39492,0x177137A1C80,DXGI,0,512,1,Hardware: Independent Flip,Application,622737330268,14.6801,12.94400000000000,5.32140000000000,0.18630000000000,14.52920000000000,14.7177,NA,622737201914,13.0217,12.8354,0.1863,14.1105,13.2541,13.2477,0.0064,-0.3943,18366.1475,0.1885,NA,NA
q2rtx.exe,39492,0x177137A1C80,DXGI,0,512,1,Hardware: Independent Flip,Application,622737340272,NA,1.00040000000000,4.78470000000000,0.35890000000000,14.77930000000000,18.5020,NA,622737332131,1.1730,0.8141,0.3589,14.3429,1.2505,1.2505,0.0000,NA,0.0000,3.7227,NA,NA
q2rtx.exe,39492,0x177137A1C80,DXGI,0,512,1,Hardware: Independent Flip,Application,622737344504,NA,0.42320000000000,4.94860000000000,0.11180000000000,14.57010000000000,23.0274,NA,622737343861,0.1761,0.0643,0.1118,14.4204,0.2140,0.2140,0.0000,NA,0.0000,8.4573,NA,NA
q2rtx.exe,39492,0x177137A1C80,DXGI,0,512,1,Hardware: Independent Flip,Application,622737476902,14.1289,13.23980000000000,5.11430000000000,0.17300000000000,14.63100000000000,14.9019,NA,622737345622,13.3010,13.1280,0.1730,14.4583,13.3007,13.2961,0.0046,-0.7187,18380.2764,0.2709,NA,NA
q2rtx.exe,39492,0x177137A1C80,DXGI,0,512,1,Hardware: Independent Flip,Application,622737489103,NA,1.22010000000000,4.59820000000000,0.21350000000000,14.66470000000000,18.2800,NA,622737478632,1.2606,1.0471,0.2135,14.4580,1.2538,1.2538,0.0000,NA,0.0000,3.6153,NA,NA
q2rtx.exe,39492,0x177137A1C80,DXGI,0,512,1,Hardware: Independent Flip,Application,622737491791,NA,0.26880000000000,4.84720000000000,0.11040000000000,14.61930000000000,22.8584,NA,622737491238,0.1657,0.0553,0.1104,14.4512,0.2234,0.2234,0.0000,NA,0.0000,8.2391,NA,NA
q2rtx.exe,39492,0x177137A1C80,DXGI,0,512,1,Hardware: Independent Flip,Application,622737624585,14.2264,13.27940000000000,5.01590000000000,0.17480000000000,14.59390000000000,14.5949,NA,622737492895,13.3438,13.1690,0.1748,14.5089,13.2540,13.2508,0.0032,-0.2349,18394.5028,0.0010,NA,NA
q2rtx.exe,39492,0x177137A1C80,DXGI,0,512,1,Hardware: Independent Flip,Application,622737636855,NA,1.22700000000000,4.83960000000000,0.22530000000000,14.78640000000000,18.2075,NA,622737626333,1.2775,1.0522,0.2253,14.4191,1.4195,1.4195,0.0000,NA,0.0000,3.4211,NA,NA
q2rtx.exe,39492,0x177137A1C80,DXGI,0,512,1,Hardware: Independent Flip,Application,622737639801,NA,0.29460000000000,4.79610000000000,0.22460000000000,14.70110000000000,22.7090,NA,622737639108,0.2939,0.0693,0.2246,14.5611,0.2093,0.2093,0.0000,NA,0.0000,8.0079,NA,NA
q2rtx.exe,39492,0x177137A1C80,DXGI,0,512,1,Hardware: Independent Flip,Application,622737771887,14.8815,13.20860000000000,5.38280000000000,0.20890000000000,14.79090000000000,14.8832,NA,622737642047,13.1929,12.9840,0.2089,14.4765,13.2984,13.2935,0.0049,-0.1370,18409.3843,0.0923,NA,NA
q2rtx.exe,39492,0x177137A1C80,DXGI,0,512,1,Hardware: Independent Flip,Application,622737786202,NA,1.43150000000000,4.89860000000000,0.21250000000000,14.62240000000000,18.3503,NA,622737773976,1.4351,1.2226,0.2125,14.5820,1.2630,1.2630,0.0000,NA,0.0000,3.7279,NA,NA
q2rtx.exe,39492,0x177137A1C80,DXGI,0,512,1,Hardware: Independent Flip,Application,622737788892,NA,0.26900000000000,4.95900000000000,0.11420000000000,14.55660000000000,23.0403,NA,622737788327,0.1707,0.0565,0.1142,14.4099,0.2032,0.2032,0.0000,NA,0.0000,8.4837,NA,NA
q2rtx.exe,39492,0x177137A1C80,DXGI,0,512,1,Hardware: Independent Flip,Application,622737920971,14.7370,13.20790000000000,4.75310000000000,0.16060000000000,14.42820000000000,14.5855,NA,622737790034,13.2543,13.0937,0.1606,14.4424,13.0795,13.0738,0.0057,0.1263,18424.1213,0.1573,NA,NA
q2rtx.exe,39492,0x177137A1C80,DXGI,0,512,1,Hardware: Independent Flip,Application,622737933424,NA,1.24530000000000,4.67250000000000,0.19510000000000,14.44950000000000,18.0127,NA,622737922577,1.2798,1.0847,0.1951,14.2676,1.2666,1.2666,0.0000,NA,0.0000,3.5632,NA,NA
q2rtx.exe,39492,0x177137A1C80,DXGI,0,512,1,Hardware: Independent Flip,Application,622737935928,NA,0.25040000000000,4.79930000000000,0.10540000000000,14.40680000000000,22.5616,NA,622737935375,0.1607,0.0553,0.1054,14.2544,0.2077,0.2077,0.0000,NA,0.0000,8.1548,NA,NA
q2rtx.exe,39492,0x177137A1C80,DXGI,0,512,1,Hardware: Independent Flip,Application,622738066750,14.5967,13.08220000000000,4.78140000000000,0.20450000000000,14.25970000000000,14.2608,NA,622737936982,13.1813,12.9768,0.2045,14.3014,12.9351,12.9320,0.0031,0.3435,18438.7180,0.0011,NA,NA
q2rtx.exe,39492,0x177137A1C80,DXGI,0,512,1,Hardware: Independent Flip,Application,622738079077,NA,1.23270000000000,4.95440000000000,0.18550000000000,14.29940000000000,17.9825,NA,622738068795,1.2137,1.0282,0.1855,14.0552,1.2724,1.2724,0.0000,NA,0.0000,3.6831,NA,NA
q2rtx.exe,39492,0x177137A1C80,DXGI,0,512,1,Hardware: Independent Flip,Application,622738081499,NA,0.24220000000000,4.53700000000000,0.10880000000000,14.24840000000000,22.2773,NA,622738080932,0.1655,0.0567,0.1088,14.1139,0.1912,0.1912,0.0000,NA,0.0000,8.0289,NA,NA
q2rtx.exe,39492,0x177137A1C80,DXGI,0,512,1,Hardware: Independent Flip,Application,622738211291,15.0259,12.97920000000000,5.38200000000000,0.19780000000000,14.55450000000000,14.6801,NA,622738082587,13.0682,12.8704,0.1978,14.1396,13.2853,13.2805,0.0048,0.1525,18453.7439,0.1256,NA,NA
q2rtx.exe,39492,0x177137A1C80,DXGI,0,512,1,Hardware: Independent Flip,Application,622738223256,NA,1.19650000000000,4.80790000000000,0.16980000000000,14.65940000000000,18.2915,NA,622738213269,1.1685,0.9987,0.1698,14.3567,1.3014,1.3014,0.0000,NA,0.0000,3.6321,NA,NA
q2rtx.exe,39492,0x177137A1C80,DXGI,0,512,1,Hardware: Independent Flip,Application,622738225525,NA,0.22690000000000,4.90100000000000,0.11460000000000,14.63770000000000,22.9656,NA,622738224954,0.1717,0.0571,0.1146,14.4896,0.2052,0.2052,0.0000,NA,0.0000,8.3279,NA,NA
q2rtx.exe,39492,0x177137A1C80,DXGI,0,512,1,Hardware: Independent Flip,Application,622738358084,14.6155,13.25590000000000,5.38630000000000,0.18120000000000,14.74780000000000,15.0960,NA,622738226671,13.3225,13.1413,0.1812,14.5231,13.3660,13.3591,0.0069,-0.4797,18468.3594,0.3482,NA,NA
q2rtx.exe,39492,0x177137A1C80,DXGI,0,512,1,Hardware: Independent Flip,Application,622738371041,NA,1.29570000000000,4.57630000000000,0.18370000000000,14.67370000000000,18.3766,NA,622738359896,1.2982,1.1145,0.1837,14.5666,1.2216,1.2216,0.0000,NA,0.0000,3.7029,NA,NA
q2rtx.exe,39492,0x177137A1C80,DXGI,0,512,1,Hardware: Independent Flip,Application,622738373512,NA,0.24710000000000,4.90570000000000,0.15130000000000,14.63580000000000,23.0352,NA,622738372878,0.2147,0.0634,0.1513,14.4900,0.2092,0.2092,0.0000,NA,0.0000,8.3994,NA,NA
q2rtx.exe,39492,0x177137A1C80,DXGI,0,512,1,Hardware: Independent Flip,Application,622738506820,14.3896,13.33080000000000,4.84000000000000,0.22280000000000,14.48320000000000,14.5444,NA,622738375025,13.4023,13.1795,0.2228,14.4845,13.1782,13.1744,0.0038,0.0676,18482.7490,0.0612,NA,NA
q2rtx.exe,39492,0x177137A1C80,DXGI,0,512,1,Hardware: Independent Flip,Application,622738518885,NA,1.20650000000000,4.70340000000000,0.18690000000000,14.54040000000000,18.0413,NA,622738509048,1.1706,0.9837,0.1869,14.2604,1.2637,1.2637,0.0000,NA,0.0000,3.5009,NA,NA
q2rtx.exe,39492,0x177137A1C80,DXGI,0,512,1,Hardware: Independent Flip,Application,622738521320,NA,0.24350000000000,4.73810000000000,0.11240000000000,14.50160000000000,22.5359,NA,622738520754,0.1690,0.0566,0.1124,14.3535,0.2047,0.2047,0.0000,NA,0.0000,8.0343,NA,NA
q2rtx.exe,39492,0x177137A1C80,DXGI,0,512,1,Hardware: Independent Flip,Application,622738653969,14.8645,13.26490000000000,5.26070000000000,0.20600000000000,14.53080000000000,14.5317,NA,622738522444,13.3585,13.1525,0.2060,14.3892,13.2941,13.2889,0.0052,0.1623,18497.6135,0.0009,NA,NA
q2rtx.exe,39492,0x177137A1C80,DXGI,0,512,1,Hardware: Independent Flip,Application,622738665451,NA,1.14820000000000,4.98180000000000,0.18310000000000,14.67080000000000,18.3653,NA,622738656029,1.1253,0.9422,0.1831,14.3248,1.2882,1.2882,0.0000,NA,0.0000,3.6945,NA,NA
q2rtx.exe,39492,0x177137A1C80,DXGI,0,512,1,Hardware: Independent Flip,Application,622738667846,NA,0.23950000000000,4.81640000000000,0.10990000000000,14.64830000000000,22.9422,NA,622738667282,0.1663,0.0564,0.1099,14.4877,0.2170,0.2170,0.0000,NA,0.0000,8.2939,NA,NA
q2rtx.exe,39492,0x177137A1C80,DXGI,0,512,1,Hardware: Independent Flip,Application,622738801070,14.8727,13.32240000000000,5.13420000000000,0.17420000000000,14.52770000000000,14.7540,NA,622738668945,13.3867,13.2125,0.1742,14.5384,13.2018,13.1964,0.0054,-0.0597,18512.4862,0.2263,NA,NA
q2rtx.exe,39492,0x177137A1C80,DXGI,0,512,1,Hardware: Independent Flip,Application,622738813573,NA,1.25030000000000,4.68580000000000,0.17010000000000,14.55110000000000,18.1895,NA,622738802812,1.2462,1.0761,0.1701,14.3535,1.2737,1.2737,0.0000,NA,0.0000,3.6384,NA,NA
q2rtx.exe,39492,0x177137A1C80,DXGI,0,512,1,Hardware: Independent Flip,Application,622738815840,NA,0.22670000000000,4.88480000000000,0.11120000000000,14.52930000000000,22.8476,NA,622738815274,0.1678,0.0566,0.1112,14.3810,0.2049,0.2049,0.0000,NA,0.0000,8.3183,NA,NA
q2rtx.exe,39492,0x177137A1C80,DXGI,0,512,1,Hardware: Independent Flip,Application,622738947468,14.5939,13.16280000000000,4.87050000000000,0.19350000000000,14.52080000000000,14.5553,NA,622738816952,13.2451,13.0516,0.1935,14.4181,13.1543,13.1502,0.0041,0.1528,18527.0801,0.0345,NA,NA
q2rtx.exe,39492,0x177137A1C80,DXGI,0,512,1,Hardware: Independent Flip,Application,622738960084,NA,1.26160000000000,4.78150000000000,0.20150000000000,14.54430000000000,18.0752,NA,622738949403,1.2696,1.0681,0.2015,14.3273,1.2851,1.2851,0.0000,NA,0.0000,3.5309,NA,NA
q2rtx.exe,39492,0x177137A1C80,DXGI,0,512,1,Hardware: Independent Flip,Application,622738962667,NA,0.25830000000000,4.78900000000000,0.10700000000000,14.49960000000000,22.6059,NA,622738962099,0.1638,0.0568,0.1070,14.3428,0.2136,0.2136,0.0000,NA,0.0000,8.1063,NA,NA
q2rtx.exe,39492,0x177137A1C80,DXGI,0,512,1,Hardware: Independent Flip,Application,622739093894,14.8409,13.12270000000000,5.05450000000000,0.16110000000000,14.52220000000000,14.5377,NA,622738963737,13.1768,13.0157,0.1611,14.3926,13.1453,13.1403,0.0050,0.2159,18541.9210,0.0155,NA,NA
q2rtx.exe,39492,0x177137A1C80,DXGI,0,512,1,Hardware: Independent Flip,Application,622739106630,NA,1.27360000000000,4.86550000000000,0.20480000000000,14.52710000000000,18.1296,NA,622739095505,1.3173,1.1125,0.2048,14.3611,1.2785,1.2785,0.0000,NA,0.0000,3.6025,NA,NA
q2rtx.exe,39492,0x177137A1C80,DXGI,0,512,1,Hardware: Independent Flip,Application,622739109241,NA,0.26110000000000,4.85220000000000,0.10930000000000,14.47620000000000,22.7207,NA,622739108678,0.1656,0.0563,0.1093,14.3223,0.2102,0.2102,0.0000,NA,0.0000,8.2445,NA,NA
q2rtx.exe,39492,0x177137A1C80,DXGI,0,512,1,Hardware: Independent Flip,Application,622739240830,14.8024,13.15890000000000,5.07830000000000,0.20090000000000,14.52440000000000,14.6401,NA,622739110334,13.2505,13.0496,0.2009,14.3669,13.2071,13.2006,0.0065,0.0064,18556.7234,0.1157,NA,NA
q2rtx.exe,39492,0x177137A1C80,DXGI,0,512,1,Hardware: Independent Flip,Application,622739253043,NA,1.22130000000000,4.78940000000000,0.18930000000000,14.58050000000000,18.2082,NA,622739242839,1.2097,1.0204,0.1893,14.3235,1.2774,1.2774,0.0000,NA,0.0000,3.6277,NA,NA
q2rtx.exe,39492,0x177137A1C80,DXGI,0,512,1,Hardware: Independent Flip,Application,622739255493,NA,0.24500000000000,4.87570000000000,0.11590000000000,14.54660000000000,22.8389,NA,622739254936,0.1716,0.0557,0.1159,14.3912,0.2111,0.2111,0.0000,NA,0.0000,8.2923,NA,NA
q2rtx.exe,39492,0x177137A1C80,DXGI,0,512,1,Hardware: Independent Flip,Application,622739387603,14.6342,13.21100000000000,4.97080000000000,0.22650000000000,14.56600000000000,14.5987,NA,622739256652,13.3216,13.0951,0.2265,14.4307,13.2304,13.2271,0.0033,-0.0017,18571.3576,0.0327,NA,NA
q2rtx.exe,39492,0x177137A1C80,DXGI,0,512,1,Hardware: Independent Flip,Application,622739400068,NA,1.24650000000000,4.83400000000000,0.18310000000000,14.55720000000000,18.1862,NA,622739389868,1.2031,1.0200,0.1831,14.3395,1.2377,1.2377,0.0000,NA,0.0000,3.6290,NA,NA
q2rtx.exe,39492,0x177137A1C80,DXGI,0,512,1,Hardware: Independent Flip,Application,622739402462,NA,0.23940000000000,4.86070000000000,0.11150000000000,14.52520000000000,22.8075,NA,622739401899,0.1678,0.0563,0.1115,14.3741,0.2074,0.2074,0.0000,NA,0.0000,8.2823,NA,NA
q2rtx.exe,39492,0x177137A1C80,DXGI,0,512,1,Hardware: Independent Flip,Application,622739534628,14.7141,13.21660000000000,4.98550000000000,0.16540000000000,14.55820000000000,14.5764,NA,622739403577,13.2705,13.1051,0.1654,14.4137,13.2496,13.2437,0.0059,0.0339,18586.0717,0.0182,NA,NA
q2rtx.exe,39492,0x177137A1C80,DXGI,0,512,1,Hardware: Independent Flip,Application,622739546759,NA,1.21310000000000,4.88680000000000,0.18080000000000,14.63590000000000,18.2501,NA,622739536282,1.2285,1.0477,0.1808,14.3928,1.2908,1.2908,0.0000,NA,0.0000,3.6142,NA,NA
q2rtx.exe,39492,0x177137A1C80,DXGI,0,512,1,Hardware: Independent Flip,Application,622739549132,NA,0.23730000000000,4.86970000000000,0.11420000000000,14.60330000000000,22.8825,NA,622739548567,0.1707,0.0565,0.1142,14.4551,0.2047,0.2047,0.0000,NA,0.0000,8.2792,NA,NA
q2rtx.exe,39492,0x177137A1C80,DXGI,0,512,1,Hardware: Independent Flip,Application,622739681601,14.7438,13.24690000000000,4.36410000000000,0.20300000000000,13.96020000000000,13.9997,NA,622739550274,13.3357,13.1327,0.2030,14.4891,12.6038,12.6007,0.0031,0.6232,18600.8155,0.0395,NA,NA
q2rtx.exe,39492,0x177137A1C80,DXGI,0,512,1,Hardware: Independent Flip,Application,622739694152,NA,1.25510000000000,4.67140000000000,0.18500000000000,14.01210000000000,17.4160,NA,622739683631,1.2371,1.0521,0.1850,13.7572,1.3070,1.3070,0.0000,NA,0.0000,3.4039,NA,NA
q2rtx.exe,39492,0x177137A1C80,DXGI,0,512,1,Hardware: Independent Flip,Application,622739696517,NA,0.23650000000000,4.68290000000000,0.09980000000000,14.00880000000000,21.8624,NA,622739696002,0.1513,0.0515,0.0998,13.8271,0.2332,0.2332,0.0000,NA,0.0000,7.8536,NA,NA
q2rtx.exe,39492,0x177137A1C80,DXGI,0,512,1,Hardware: Independent Flip,Application,622739822603,14.7167,12.60860000000000,5.56820000000000,0.27540000000000,14.82080000000000,14.8220,NA,622739697515,12.7842,12.5088,0.2754,13.9090,13.4206,13.4145,0.0061,-0.2058,18615.5322,0.0012,NA,NA
q2rtx.exe,39492,0x177137A1C80,DXGI,0,512,1,Hardware: Independent Flip,Application,622739835421,NA,1.28180000000000,5.26080000000000,0.21040000000000,14.90290000000000,18.8010,NA,622739825357,1.2168,1.0064,0.2104,14.5454,1.3639,1.3639,0.0000,NA,0.0000,3.8981,NA,NA
q2rtx.exe,39492,0x177137A1C80,DXGI,0,512,1,Hardware: Independent Flip,Application,622739838170,NA,0.27490000000000,4.67880000000000,0.13090000000000,14.86490000000000,23.2049,NA,622739837525,0.1954,0.0645,0.1309,14.6925,0.2369,0.2369,0.0000,NA,0.0000,8.3400,NA,NA
q2rtx.exe,39492,0x177137A1C80,DXGI,0,512,1,Hardware: Independent Flip,Application,622739971843,14.7596,13.36730000000000,5.52180000000000,0.18460000000000,14.90220000000000,15.3594,NA,622739839479,13.4210,13.2364,0.1846,14.7340,13.4046,13.3964,0.0082,-0.7018,18630.2918,0.4572,NA,NA
q2rtx.exe,39492,0x177137A1C80,DXGI,0,512,1,Hardware: Independent Flip,Application,622739985764,NA,1.39210000000000,4.55820000000000,0.20400000000000,14.79670000000000,18.5255,NA,622739973689,1.4115,1.2075,0.2040,14.7176,1.2866,1.2866,0.0000,NA,0.0000,3.7288,NA,NA
q2rtx.exe,39492,0x177137A1C80,DXGI,0,512,1,Hardware: Independent Flip,Application,622739988432,NA,0.26680000000000,4.99120000000000,0.12320000000000,14.74440000000000,23.2499,NA,622739987804,0.1860,0.0628,0.1232,14.5927,0.2145,0.2145,0.0000,NA,0.0000,8.5055,NA,NA
q2rtx.exe,39492,0x177137A1C80,DXGI,0,512,1,Hardware: Independent Flip,Application,622740122201,13.9775,13.37690000000000,4.98700000000000,0.17410000000000,14.66770000000000,14.8600,NA,622739989664,13.4278,13.2537,0.1741,14.6212,13.3002,13.2954,0.0048,-0.5589,18644.2693,0.1923,NA,NA
q2rtx.exe,39492,0x177137A1C80,DXGI,0,512,1,Hardware: Independent Flip,Application,622740134820,NA,1.26190000000000,4.60320000000000,0.20390000000000,14.68970000000000,18.2013,NA,622740123942,1.2917,1.0878,0.2039,14.4936,1.2839,1.2839,0.0000,NA,0.0000,3.5116,NA,NA
q2rtx.exe,39492,0x177137A1C80,DXGI,0,512,1,Hardware: Independent Flip,Application,622740137387,NA,0.25670000000000,4.76380000000000,0.10740000000000,14.64350000000000,22.7084,NA,622740136859,0.1602,0.0528,0.1074,14.4858,0.2105,0.2105,0.0000,NA,0.0000,8.0649,NA,NA
q2rtx.exe,39492,0x177137A1C80,DXGI,0,512,1,Hardware: Independent Flip,Application,622740270155,14.9088,13.27680000000000,5.31770000000000,0.17620000000000,14.74280000000000,14.7493,NA,622740138461,13.3456,13.1694,0.1762,14.5361,13.3761,13.3704,0.0057,0.2241,18659.1781,0.0065,NA,NA
q2rtx.exe,39492,0x177137A1C80,DXGI,0,512,1,Hardware: Independent Flip,Application,622740282726,NA,1.25710000000000,4.89880000000000,0.20040000000000,14.72760000000000,18.3910,NA,622740271917,1.2813,1.0809,0.2004,14.5666,1.2419,1.2419,0.0000,NA,0.0000,3.6634,NA,NA
q2rtx.exe,39492,0x177137A1C80,DXGI,0,512,1,Hardware: Independent Flip,Application,622740285275,NA,0.25490000000000,4.88010000000000,0.10910000000000,14.68470000000000,23.0162,NA,622740284730,0.1636,0.0545,0.1091,14.5272,0.2120,0.2120,0.0000,NA,0.0000,8.3315,NA,NA
q2rtx.exe,39492,0x177137A1C80,DXGI,0,512,1,Hardware: Independent Flip,Application,622740419492,15.0406,13.42170000000000,4.92890000000000,0.16470000000000,14.24980000000000,14.5234,NA,622740286366,13.4773,13.3126,0.1647,14.5756,12.9868,12.9818,0.0050,0.3328,18674.2187,0.2736,NA,NA
q2rtx.exe,39492,0x177137A1C80,DXGI,0,512,1,Hardware: Independent Flip,Application,622740431095,NA,1.16030000000000,4.54530000000000,0.20200000000000,14.32650000000000,17.9084,NA,622740421139,1.1976,0.9956,0.2020,14.0851,1.2370,1.2370,0.0000,NA,0.0000,3.5819,NA,NA
q2rtx.exe,39492,0x177137A1C80,DXGI,0,512,1,Hardware: Independent Flip,Application,622740433689,NA,0.25940000000000,4.79550000000000,0.11770000000000,14.28100000000000,22.4445,NA,622740433115,0.1751,0.0574,0.1177,14.1245,0.2139,0.2139,0.0000,NA,0.0000,8.1635,NA,NA
q2rtx.exe,39492,0x177137A1C80,DXGI,0,512,1,Hardware: Independent Flip,Application,622740563331,14.7552,12.96420000000000,4.93360000000000,0.17400000000000,14.41310000000000,14.4139,NA,622740434866,13.0205,12.8465,0.1740,14.1633,13.0963,13.0916,0.0047,0.4808,18688.9739,0.0008,NA,NA
q2rtx.exe,39492,0x177137A1C80,DXGI,0,512,1,Hardware: Independent Flip,Application,622740575684,NA,1.23530000000000,4.84440000000000,0.18180000000000,14.45100000000000,18.0230,NA,622740565071,1.2431,1.0613,0.1818,14.2391,1.2732,1.2732,0.0000,NA,0.0000,3.5720,NA,NA
q2rtx.exe,39492,0x177137A1C80,DXGI,0,512,1,Hardware: Independent Flip,Application,622740578083,NA,0.23990000000000,4.66600000000000,0.11710000000000,14.42300000000000,22.4491,NA,622740577502,0.1752,0.0581,0.1171,14.2692,0.2119,0.2119,0.0000,NA,0.0000,8.0261,NA,NA
q2rtx.exe,39492,0x177137A1C80,DXGI,0,512,1,Hardware: Independent Flip,Application,622740708834,14.9056,13.07510000000000,5.20700000000000,0.17670000000000,14.50560000000000,14.5810,NA,622740579254,13.1347,12.9580,0.1767,14.3059,13.1577,13.1523,0.0054,0.1882,18703.8795,0.0754,NA,NA
q2rtx.exe,39492,0x177137A1C80,DXGI,0,512,1,Hardware: Independent Flip,Application,622740721148,NA,1.23140000000000,4.81550000000000,0.18140000000000,14.63070000000000,18.1651,NA,622740710601,1.2361,1.0547,0.1814,14.3289,1.3565,1.3565,0.0000,NA,0.0000,3.5344,NA,NA
q2rtx.exe,39492,0x177137A1C80,DXGI,0,512,1,Hardware: Independent Flip,Application,622740723479,NA,0.23310000000000,4.86710000000000,0.10890000000000,14.61250000000000,22.7991,NA,622740722962,0.1606,0.0517,0.1089,14.4493,0.2149,0.2149,0.0000,NA,0.0000,8.1866,NA,NA
q2rtx.exe,39492,0x177137A1C80,DXGI,0,512,1,Hardware: Independent Flip,Application,622740855277,14.5039,13.17980000000000,5.09900000000000,0.18470000000000,14.59330000000000,14.7183,NA,622740724568,13.2556,13.0709,0.1847,14.5036,13.1606,13.1563,0.0043,-0.2777,18718.3834,0.1250,NA,NA
q2rtx.exe,39492,0x177137A1C80,DXGI,0,512,1,Hardware: Independent Flip,Application,622740868403,NA,1.31260000000000,4.77090000000000,0.21570000000000,14.51840000000000,18.1766,NA,622740857124,1.3436,1.1279,0.2157,14.4086,1.2377,1.2377,0.0000,NA,0.0000,3.6582,NA,NA
q2rtx.exe,39492,0x177137A1C80,DXGI,0,512,1,Hardware: Independent Flip,Application,622740871080,NA,0.26770000000000,4.87140000000000,0.10670000000000,14.45860000000000,22.7803,NA,622740870560,0.1587,0.0520,0.1067,14.3027,0.2079,0.2079,0.0000,NA,0.0000,8.3217,NA,NA
q2rtx.exe,39492,0x177137A1C80,DXGI,0,512,1,Hardware: Independent Flip,Application,622741002658,14.5232,13.15780000000000,4.53320000000000,0.17470000000000,14.11000000000000,14.1557,NA,622740872147,13.2258,13.0511,0.1747,14.3519,12.8092,12.8057,0.0035,0.3477,18732.9066,0.0457,NA,NA
q2rtx.exe,39492,0x177137A1C80,DXGI,0,512,1,Hardware: Independent Flip,Application,622741014616,NA,1.19580000000000,4.68060000000000,0.19890000000000,14.29760000000000,17.6405,NA,622741004405,1.2200,1.0211,0.1989,13.9353,1.3834,1.3834,0.0000,NA,0.0000,3.3429,NA,NA
q2rtx.exe,39492,0x177137A1C80,DXGI,0,512,1,Hardware: Independent Flip,Application,622741017160,NA,0.25440000000000,4.69160000000000,0.11040000000000,14.25230000000000,22.0777,NA,622741016605,0.1659,0.0555,0.1104,14.0987,0.2091,0.2091,0.0000,NA,0.0000,7.8254,NA,NA
q2rtx.exe,39492,0x177137A1C80,DXGI,0,512,1,Hardware: Independent Flip,Application,622741145209,14.6883,12.80490000000000,5.56490000000000,0.33130000000000,14.75430000000000,14.8377,NA,622741018264,13.0258,12.6945,0.3313,14.1419,13.3069,13.2972,0.0097,-0.2488,18747.5949,0.0834,NA,NA
q2rtx.exe,39492,0x177137A1C80,DXGI,0,512,1,Hardware: Independent Flip,Application,622741158751,NA,1.35420000000000,4.99020000000000,0.21130000000000,14.62290000000000,18.4737,NA,622741148522,1.2342,1.0229,0.2113,14.4230,1.2228,1.2228,0.0000,NA,0.0000,3.8508,NA,NA
q2rtx.exe,39492,0x177137A1C80,DXGI,0,512,1,Hardware: Independent Flip,Application,622741161422,NA,0.26710000000000,4.81940000000000,0.11100000000000,14.56120000000000,23.0260,NA,622741160864,0.1668,0.0558,0.1110,14.4116,0.2054,0.2054,0.0000,NA,0.0000,8.4648,NA,NA
q2rtx.exe,39492,0x177137A1C80,DXGI,0,512,1,Hardware: Independent Flip,Application,622741294513,14.6926,13.30910000000000,4.95410000000000,0.20510000000000,14.27010000000000,14.6710,NA,622741162532,13.4032,13.1981,0.2051,14.4502,13.0180,13.0134,0.0046,-0.0711,18762.2875,0.4009,NA,NA
q2rtx.exe,39492,0x177137A1C80,DXGI,0,512,1,Hardware: Independent Flip,Application,622741306152,NA,1.16390000000000,4.42440000000000,0.20700000000000,14.36080000000000,17.9315,NA,622741296564,1.1658,0.9588,0.2070,14.0650,1.2546,1.2546,0.0000,NA,0.0000,3.5707,NA,NA
q2rtx.exe,39492,0x177137A1C80,DXGI,0,512,1,Hardware: Independent Flip,Application,622741308804,NA,0.26520000000000,4.79510000000000,0.11180000000000,14.30290000000000,22.4614,NA,622741308222,0.1700,0.0582,0.1118,14.1538,0.2073,0.2073,0.0000,NA,0.0000,8.1585,NA,NA
q2rtx.exe,39492,0x177137A1C80,DXGI,0,512,1,Hardware: Independent Flip,Application,622741438675,14.2043,12.98710000000000,4.80600000000000,0.17770000000000,14.27940000000000,14.2803,NA,622741309922,13.0530,12.8753,0.1777,14.1911,12.9636,12.9591,0.0045,0.1788,18776.4918,0.0009,NA,NA
q2rtx.exe,39492,0x177137A1C80,DXGI,0,512,1,Hardware: Independent Flip,Application,622741450853,NA,1.21780000000000,4.82030000000000,0.21920000000000,14.38320000000000,17.8828,NA,622741440452,1.2593,1.0401,0.2192,14.1017,1.3216,1.3216,0.0000,NA,0.0000,3.4996,NA,NA
q2rtx.exe,39492,0x177137A1C80,DXGI,0,512,1,Hardware: Independent Flip,Application,622741453596,NA,0.27430000000000,4.52730000000000,0.10810000000000,14.31950000000000,22.1358,NA,622741453045,0.1632,0.0551,0.1081,14.1640,0.2106,0.2106,0.0000,NA,0.0000,7.8163,NA,NA
q2rtx.exe,39492,0x177137A1C80,DXGI,0,512,1,Hardware: Independent Flip,Application,622741582964,14.7609,12.93680000000000,5.47030000000000,0.17300000000000,14.66010000000000,14.6693,NA,622741454677,13.0017,12.8287,0.1730,14.2114,13.2774,13.2710,0.0064,-0.0570,18791.2527,0.0092,NA,NA
q2rtx.exe,39492,0x177137A1C80,DXGI,0,512,1,Hardware: Independent Flip,Application,622741595681,NA,1.27170000000000,4.93780000000000,0.18000000000000,14.64220000000000,18.3354,NA,622741584694,1.2787,1.0987,0.1800,14.4871,1.2538,1.2538,0.0000,NA,0.0000,3.6932,NA,NA
q2rtx.exe,39492,0x177137A1C80,DXGI,0,512,1,Hardware: Independent Flip,Application,622741598009,NA,0.23280000000000,4.92440000000000,0.10830000000000,14.64660000000000,23.0270,NA,622741597481,0.1611,0.0528,0.1083,14.4622,0.2372,0.2372,0.0000,NA,0.0000,8.3804,NA,NA
q2rtx.exe,39492,0x177137A1C80,DXGI,0,512,1,Hardware: Independent Flip,Application,622741730857,14.5150,13.28480000000000,5.06760000000000,0.15740000000000,14.54230000000000,14.8098,NA,622741599092,13.3339,13.1765,0.1574,14.5383,13.1805,13.1747,0.0058,-0.4148,18805.7677,0.2675,NA,NA
q2rtx.exe,39492,0x177137A1C80,DXGI,0,512,1,Hardware: Independent Flip,Application,622741743216,NA,1.23590000000000,4.62350000000000,0.21460000000000,14.57790000000000,18.1974,NA,622741732431,1.2931,1.0785,0.2146,14.3849,1.2715,1.2715,0.0000,NA,0.0000,3.6195,NA,NA
q2rtx.exe,39492,0x177137A1C80,DXGI,0,512,1,Hardware: Independent Flip,Application,622741745929,NA,0.27130000000000,4.86990000000000,0.10810000000000,14.51270000000000,22.7960,NA,622741745362,0.1648,0.0567,0.1081,14.3633,0.2061,0.2061,0.0000,NA,0.0000,8.2833,NA,NA
q2rtx.exe,39492,0x177137A1C80,DXGI,0,512,1,Hardware: Independent Flip,Application,622741877856,14.3527,13.19270000000000,4.19540000000000,0.18620000000000,13.79790000000000,13.7987,NA,622741747010,13.2708,13.0846,0.1862,14.4046,12.4779,12.4748,0.0031,0.6639,18820.1204,0.0008,NA,NA
q2rtx.exe,39492,0x177137A1C80,DXGI,0,512,1,Hardware: Independent Flip,Application,622741890143,NA,1.22870000000000,4.64870000000000,0.21300000000000,13.81920000000000,17.2187,NA,622741879718,1.2555,1.0425,0.2130,13.6117,1.2500,1.2500,0.0000,NA,0.0000,3.3995,NA,NA
q2rtx.exe,39492,0x177137A1C80,DXGI,0,512,1,Hardware: Independent Flip,Application,622741892814,NA,0.26710000000000,4.47830000000000,0.10800000000000,13.75840000000000,21.4299,NA,622741892273,0.1621,0.0541,0.1080,13.6062,0.2063,0.2063,0.0000,NA,0.0000,7.6715,NA,NA
q2rtx.exe,39492,0x177137A1C80,DXGI,0,512,1,Hardware: Independent Flip,Application,622742017086,14.7986,12.42720000000000,5.52300000000000,0.23630000000000,14.52470000000000,14.5257,NA,622741893894,12.5555,12.3192,0.2363,13.6504,13.1935,13.1871,0.0064,0.1486,18834.9190,0.0010,NA,NA
q2rtx.exe,39492,0x177137A1C80,DXGI,0,512,1,Hardware: Independent Flip,Application,622742029357,NA,1.22710000000000,5.02790000000000,0.22630000000000,14.62260000000000,18.3265,NA,622742019449,1.2171,0.9908,0.2263,14.2884,1.3250,1.3175,0.0075,NA,0.0000,3.7039,NA,NA
q2rtx.exe,39492,0x177137A1C80,DXGI,0,512,1,Hardware: Independent Flip,Application,622742032153,NA,0.27960000000000,4.72700000000000,0.10420000000000,14.54530000000000,22.7739,NA,622742031620,0.1575,0.0533,0.1042,14.3963,0.2023,0.2023,0.0000,NA,0.0000,8.2286,NA,NA
q2rtx.exe,39492,0x177137A1C80,DXGI,0,512,1,Hardware: Independent Flip,Application,622742163439,14.6549,13.12860000000000,4.73220000000000,0.19650000000000,13.84640000000000,14.3775,NA,622742033195,13.2209,13.0244,0.1965,14.4411,12.4297,12.4260,0.0037,0.1678,18849.5739,0.5311,NA,NA
q2rtx.exe,39492,0x177137A1C80,DXGI,0,512,1,Hardware: Independent Flip,Application,622742176719,NA,1.32800000000000,4.13140000000000,0.21290000000000,13.86820000000000,17.1809,NA,622742165404,1.3444,1.1315,0.2129,13.6499,1.3498,1.3498,0.0000,NA,0.0000,3.3127,NA,NA
q2rtx.exe,39492,0x177137A1C80,DXGI,0,512,1,Hardware: Independent Flip,Application,622742179405,NA,0.26860000000000,4.63580000000000,0.10850000000000,13.81070000000000,21.5481,NA,622742178848,0.1642,0.0557,0.1085,13.6553,0.2111,0.2111,0.0000,NA,0.0000,7.7374,NA,NA
q2rtx.exe,39492,0x177137A1C80,DXGI,0,512,1,Hardware: Independent Flip,Application,622742303121,13.8229,12.37160000000000,5.46960000000000,0.18480000000000,14.64520000000000,14.6461,NA,622742180490,12.4479,12.2631,0.1848,13.7022,13.2061,13.1993,0.0068,-0.4139,18863.3968,0.0009,NA,NA
q2rtx.exe,39492,0x177137A1C80,DXGI,0,512,1,Hardware: Independent Flip,Application,622742316375,NA,1.32540000000000,4.97230000000000,0.23310000000000,14.68780000000000,18.2930,NA,622742304969,1.3737,1.1406,0.2331,14.4604,1.3680,1.3577,0.0103,NA,0.0000,3.6052,NA,NA
q2rtx.exe,39492,0x177137A1C80,DXGI,0,512,1,Hardware: Independent Flip,Application,622742319225,NA,0.28500000000000,4.58700000000000,0.11460000000000,14.72820000000000,22.5950,NA,622742318706,0.1665,0.0519,0.1146,14.4547,0.3254,0.3254,0.0000,NA,0.0000,7.8668,NA,NA
q2rtx.exe,39492,0x177137A1C80,DXGI,0,512,1,Hardware: Independent Flip,Application,622742451654,14.6362,13.24290000000000,4.86140000000000,0.20000000000000,13.79270000000000,14.2135,NA,622742320371,13.3283,13.1283,0.2000,14.6136,12.3074,12.3040,0.0034,0.2155,18878.0330,0.4208,NA,NA
q2rtx.exe,39492,0x177137A1C80,DXGI,0,512,1,Hardware: Independent Flip,Application,622742464603,NA,1.29490000000000,4.25520000000000,0.28430000000000,14.43760000000000,17.1738,NA,622742453654,1.3792,1.0949,0.2843,13.5927,1.9398,1.9398,0.0000,NA,0.0000,2.7362,NA,NA
q2rtx.exe,39492,0x177137A1C80,DXGI,0,512,1,Hardware: Independent Flip,Application,622742468003,NA,0.34000000000000,4.65070000000000,0.10970000000000,14.30480000000000,21.4845,NA,622742467446,0.1654,0.0557,0.1097,14.1533,0.2072,0.2072,0.0000,NA,0.0000,7.1797,NA,NA
q2rtx.exe,39492,0x177137A1C80,DXGI,0,512,1,Hardware: Independent Flip,Application,622742591138,13.8034,12.31350000000000,7.11970000000000,0.22280000000000,16.28980000000000,16.2907,NA,622742469100,12.4266,12.2038,0.2228,14.1951,14.2985,14.2925,0.0060,-2.2222,18891.8364,0.0009,NA,NA
q2rtx.exe,39492,0x177137A1C80,DXGI,0,512,1,Hardware: Independent Flip,Application,622742610145,NA,1.90070000000000,5.43270000000000,0.21270000000000,15.24600000000000,19.8227,NA,622742593366,1.8906,1.6779,0.2127,16.0670,0.8569,0.8569,0.0000,NA,0.0000,4.5767,NA,NA
q2rtx.exe,39492,0x177137A1C80,DXGI,0,512,1,Hardware: Independent Flip,Application,622742612839,NA,0.26940000000000,5.25060000000000,0.11300000000000,15.18660000000000,24.8039,NA,622742612272,0.1697,0.0567,0.1130,15.0333,0.2100,0.2100,0.0000,NA,0.0000,9.6173,NA,NA
q2rtx.exe,39492,0x177137A1C80,DXGI,0,512,1,Hardware: Independent Flip,Application,622742755845,14.7393,14.30060000000000,3.66110000000000,0.17860000000000,13.41250000000000,14.1644,NA,622742613969,14.3662,14.1876,0.1786,15.0736,12.5265,12.5265,0.0000,0.3949,18906.5757,0.7519,NA,NA
q2rtx.exe,39492,0x177137A1C80,DXGI,0,512,1,Hardware: Independent Flip,Application,622742763545,NA,0.77000000000000,3.78760000000000,0.17730000000000,14.74990000000000,17.1820,NA,622742757631,0.7687,0.5914,0.1773,13.2339,2.1074,2.1074,0.0000,NA,0.0000,2.4321,NA,NA
q2rtx.exe,39492,0x177137A1C80,DXGI,0,512,1,Hardware: Independent Flip,Application,622742765894,NA,0.23490000000000,5.00060000000000,0.10390000000000,14.72140000000000,21.9477,NA,622742765318,0.1615,0.0576,0.1039,14.5726,0.2064,0.2064,0.0000,NA,0.0000,7.2263,NA,NA
q2rtx.exe,39492,0x177137A1C80,DXGI,0,512,1,Hardware: Independent Flip,Application,622742891583,13.7992,12.56890000000000,6.18860000000000,0.24590000000000,15.56640000000000,15.5674,NA,622742766933,12.7109,12.4650,0.2459,14.6175,13.4139,13.4095,0.0044,-1.1776,18920.3749,0.0010,NA,NA
q2rtx.exe,39492,0x177137A1C80,DXGI,0,512,1,Hardware: Independent Flip,Application,622742912137,NA,2.05540000000000,5.98410000000000,0.22050000000000,14.39970000000000,19.4961,NA,622742894042,2.0300,1.8095,0.2205,15.3205,0.8887,0.8887,0.0000,NA,0.0000,5.0964,NA,NA
q2rtx.exe,39492,0x177137A1C80,DXGI,0,512,1,Hardware: Independent Flip,Application,622742914895,NA,0.27580000000000,3.99490000000000,0.10920000000000,14.33270000000000,23.2152,NA,622742914342,0.1645,0.0553,0.1092,14.1792,0.2088,0.2088,0.0000,NA,0.0000,8.8825,NA,NA
q2rtx.exe,39492,0x177137A1C80,DXGI,0,512,1,Hardware: Independent Flip,Application,622743048975,16.4630,13.40800000000000,4.39890000000000,0.18190000000000,13.44920000000000,14.2061,NA,622742915987,13.4807,13.2988,0.1819,14.2235,12.5245,12.5206,0.0039,2.0851,18936.8379,0.7569,NA,NA
q2rtx.exe,39492,0x177137A1C80,DXGI,0,512,1,Hardware: Independent Flip,Application,622743057327,NA,0.83520000000000,3.78190000000000,0.21010000000000,14.88900000000000,17.1528,NA,622743050794,0.8634,0.6533,0.2101,13.2673,2.2750,2.2633,0.0117,NA,0.0000,2.2638,NA,NA
q2rtx.exe,39492,0x177137A1C80,DXGI,0,512,1,Hardware: Independent Flip,Application,622743059999,NA,0.26720000000000,4.69890000000000,0.11290000000000,14.81700000000000,21.5845,NA,622743059428,0.1700,0.0571,0.1129,14.6789,0.1952,0.1952,0.0000,NA,0.0000,6.7675,NA,NA
q2rtx.exe,39492,0x177137A1C80,DXGI,0,512,1,Hardware: Independent Flip,Application,622743184889,13.4664,12.48900000000000,5.70660000000000,0.23100000000000,14.80140000000000,14.8021,NA,622743061128,12.6071,12.3761,0.2310,14.7041,12.4734,12.4699,0.0035,-0.7210,18950.3043,0.0007,NA,NA
q2rtx.exe,39492,0x177137A1C80,DXGI,0,512,1,Hardware: Independent Flip,Application,622743207687,NA,2.27980000000000,5.34880000000000,0.20540000000000,13.82700000000000,17.8711,NA,622743187199,2.2542,2.0488,0.2054,14.5704,1.3054,1.3054,0.0000,NA,0.0000,4.0441,NA,NA
q2rtx.exe,39492,0x177137A1C80,DXGI,0,512,1,Hardware: Independent Flip,Application,622743210304,NA,0.26170000000000,4.10410000000000,0.11050000000000,13.77110000000000,21.7135,NA,622743209741,0.1668,0.0563,0.1105,13.6216,0.2058,0.2058,0.0000,NA,0.0000,7.9424,NA,NA
q2rtx.exe,39492,0x177137A1C80,DXGI,0,512,1,Hardware: Independent Flip,Application,622743334985,15.8796,12.46810000000000,6.87860000000000,0.18760000000000,15.60360000000000,16.1240,NA,622743211409,12.5452,12.3576,0.1876,13.6606,14.3006,14.2943,0.0063,-0.4519,18966.1839,0.5204,NA,NA
q2rtx.exe,39492,0x177137A1C80,DXGI,0,512,1,Hardware: Independent Flip,Application,622743346945,NA,1.19600000000000,4.76110000000000,0.18820000000000,15.27300000000000,19.6891,NA,622743336861,1.1966,1.0084,0.1882,15.4160,0.8654,0.8654,0.0000,NA,0.0000,4.4161,NA,NA
q2rtx.exe,39492,0x177137A1C80,DXGI,0,512,1,Hardware: Independent Flip,Application,622743349360,NA,0.24150000000000,5.25670000000000,0.10940000000000,15.24300000000000,24.7043,NA,622743348827,0.1627,0.0533,0.1094,15.0848,0.2115,0.2115,0.0000,NA,0.0000,9.4613,NA,NA
q2rtx.exe,39492,0x177137A1C80,DXGI,0,512,1,Hardware: Independent Flip,Application,622743492366,13.6289,14.30060000000000,3.52680000000000,0.23080000000000,13.38870000000000,13.9305,NA,622743350454,14.4220,14.1912,0.2308,15.1336,12.4463,12.4432,0.0031,0.0843,18979.8128,0.5418,NA,NA
q2rtx.exe,39492,0x177137A1C80,DXGI,0,512,1,Hardware: Independent Flip,Application,622743500801,NA,0.84350000000000,3.80460000000000,0.22450000000000,14.43190000000000,16.8916,NA,622743494674,0.8372,0.6127,0.2245,13.1579,1.8867,1.8867,0.0000,NA,0.0000,2.4597,NA,NA
q2rtx.exe,39492,0x177137A1C80,DXGI,0,512,1,Hardware: Independent Flip,Application,622743503624,NA,0.28230000000000,4.31830000000000,0.11660000000000,14.36230000000000,20.9276,NA,622743503046,0.1744,0.0578,0.1166,14.2074,0.2127,0.2127,0.0000,NA,0.0000,6.5653,NA,NA
q2rtx.exe,39492,0x177137A1C80,DXGI,0,512,1,Hardware: Independent Flip,Application,622743627582,14.9606,12.39580000000000,7.18460000000000,0.17040000000000,15.71550000000000,15.7164,NA,622743504790,12.4496,12.2792,0.1704,14.2457,13.7490,13.7445,0.0045,-0.3469,18994.7734,0.0009,NA,NA
q2rtx.exe,39492,0x177137A1C80,DXGI,0,512,1,Hardware: Independent Flip,Application,622743646296,NA,1.87140000000000,6.15090000000000,0.21720000000000,14.73840000000000,19.9959,NA,622743629286,1.9182,1.7010,0.2172,15.5451,0.8943,0.8943,0.0000,NA,0.0000,5.2575,NA,NA
q2rtx.exe,39492,0x177137A1C80,DXGI,0,512,1,Hardware: Independent Flip,Application,622743649027,NA,0.27310000000000,4.04860000000000,0.10790000000000,14.66970000000000,23.7714,NA,622743648468,0.1638,0.0559,0.1079,14.5212,0.2044,0.2044,0.0000,NA,0.0000,9.1017,NA,NA
q2rtx.exe,39492,0x177137A1C80,DXGI,0,512,1,Hardware: Independent Flip,Application,622743786248,15.9748,13.72210000000000,4.12390000000000,0.17220000000000,13.42350000000000,14.1732,NA,622743650106,13.7864,13.6142,0.1722,14.5618,12.4759,12.4722,0.0037,1.6514,19010.7482,0.7497,NA,NA
q2rtx.exe,39492,0x177137A1C80,DXGI,0,512,1,Hardware: Independent Flip,Application,622743794711,NA,0.84630000000000,3.79150000000000,0.22010000000000,14.23140000000000,17.1184,NA,622743787970,0.8942,0.6741,0.2201,13.2513,1.6542,1.6542,0.0000,NA,0.0000,2.8870,NA,NA
q2rtx.exe,39492,0x177137A1C80,DXGI,0,512,1,Hardware: Independent Flip,Application,622743797427,NA,0.27160000000000,5.44250000000000,0.10100000000000,14.16580000000000,22.2893,NA,622743796912,0.1525,0.0515,0.1010,14.0113,0.2060,0.2060,0.0000,NA,0.0000,8.1235,NA,NA
q2rtx.exe,39492,0x177137A1C80,DXGI,0,512,1,Hardware: Independent Flip,Application,622743921691,13.6018,12.42640000000000,5.17470000000000,0.19930000000000,15.03690000000000,15.0376,NA,622743798437,12.5247,12.3254,0.1993,14.0648,13.2975,13.2933,0.0042,-0.8069,19024.3500,0.0007,NA,NA
q2rtx.exe,39492,0x177137A1C80,DXGI,0,512,1,Hardware: Independent Flip,Application,622743938139,NA,1.64480000000000,5.61360000000000,0.21610000000000,14.75980000000000,19.0064,NA,622743923684,1.6616,1.4455,0.2161,14.8376,1.3677,1.3677,0.0000,NA,0.0000,4.2466,NA,NA
q2rtx.exe,39492,0x177137A1C80,DXGI,0,512,1,Hardware: Independent Flip,Application,622743940849,NA,0.27100000000000,3.97220000000000,0.12000000000000,14.71750000000000,22.7076,NA,622743940300,0.1749,0.0549,0.1200,14.5437,0.2287,0.2287,0.0000,NA,0.0000,7.9901,NA,NA
q2rtx.exe,39492,0x177137A1C80,DXGI,0,512,1,Hardware: Independent Flip,Application,622744073160,15.7913,13.23110000000000,5.65090000000000,0.15980000000000,14.52620000000000,15.1274,NA,622743942049,13.2709,13.1111,0.1598,14.5975,13.0398,13.0352,0.0046,0.5546,19040.1413,0.6012,NA,NA
q2rtx.exe,39492,0x177137A1C80,DXGI,0,512,1,Hardware: Independent Flip,Application,622744086902,NA,1.37420000000000,4.29280000000000,0.21450000000000,14.45030000000000,18.0460,NA,622744074758,1.4289,1.2144,0.2145,14.3664,1.2983,1.2983,0.0000,NA,0.0000,3.5957,NA,NA
q2rtx.exe,39492,0x177137A1C80,DXGI,0,512,1,Hardware: Independent Flip,Application,622744089597,NA,0.26950000000000,4.87020000000000,0.16810000000000,14.39250000000000,22.6467,NA,622744089047,0.2231,0.0550,0.1681,14.2358,0.2117,0.2117,0.0000,NA,0.0000,8.2542,NA,NA
q2rtx.exe,39492,0x177137A1C80,DXGI,0,512,1,Hardware: Independent Flip,Application,622744219712,13.6369,13.01150000000000,5.48950000000000,0.16720000000000,14.58990000000000,15.1247,NA,622744091278,13.0106,12.8434,0.1672,14.2244,13.2089,13.2049,0.0040,-1.0156,19053.7782,0.5348,NA,NA
q2rtx.exe,39492,0x177137A1C80,DXGI,0,512,1,Hardware: Independent Flip,Application,622744232397,NA,1.26850000000000,4.18090000000000,0.17870000000000,14.54030000000000,18.0371,NA,622744221384,1.2800,1.1013,0.1787,14.4227,1.2189,1.2189,0.0000,NA,0.0000,3.4968,NA,NA
q2rtx.exe,39492,0x177137A1C80,DXGI,0,512,1,Hardware: Independent Flip,Application,622744234696,NA,0.22990000000000,4.68920000000000,0.10330000000000,14.51610000000000,22.4964,NA,622744234184,0.1545,0.0512,0.1033,14.3616,0.2057,0.2057,0.0000,NA,0.0000,7.9803,NA,NA
q2rtx.exe,39492,0x177137A1C80,DXGI,0,512,1,Hardware: Independent Flip,Application,622744367141,15.3121,13.24450000000000,5.31530000000000,0.20530000000000,14.44370000000000,14.5672,NA,622744235729,13.3465,13.1412,0.2053,14.4128,13.1721,13.1671,0.0050,1.1267,19069.0903,0.1235,NA,NA
q2rtx.exe,39492,0x177137A1C80,DXGI,0,512,1,Hardware: Independent Flip,Application,622744378960,NA,1.18190000000000,4.56990000000000,0.18850000000000,14.50260000000000,17.9552,NA,622744369194,1.1651,0.9766,0.1885,14.2384,1.2408,1.2408,0.0000,NA,0.0000,3.4526,NA,NA
q2rtx.exe,39492,0x177137A1C80,DXGI,0,512,1,Hardware: Independent Flip,Application,622744381397,NA,0.24370000000000,4.66910000000000,0.11080000000000,14.46430000000000,22.3806,NA,622744380845,0.1660,0.0552,0.1108,14.3141,0.2054,0.2054,0.0000,NA,0.0000,7.9163,NA,NA
q2rtx.exe,39492,0x177137A1C80,DXGI,0,512,1,Hardware: Independent Flip,Application,622744512928,14.7651,13.15310000000000,4.73370000000000,0.20970000000000,13.72150000000000,13.9612,NA,622744382505,13.2520,13.0423,0.2097,14.3535,12.4103,12.4070,0.0033,0.7924,19083.8554,0.2397,NA,NA
q2rtx.exe,39492,0x177137A1C80,DXGI,0,512,1,Hardware: Independent Flip,Application,622744525132,NA,1.22040000000000,4.35370000000000,0.20870000000000,13.76220000000000,17.0945,NA,622744515025,1.2194,1.0107,0.2087,13.5118,1.2611,1.2611,0.0000,NA,0.0000,3.3323,NA,NA
q2rtx.exe,39492,0x177137A1C80,DXGI,0,512,1,Hardware: Independent Flip,Application,622744527798,NA,0.26660000000000,4.56340000000000,0.11920000000000,13.69930000000000,21.3913,NA,622744527219,0.1771,0.0579,0.1192,13.5535,0.2037,0.2037,0.0000,NA,0.0000,7.6920,NA,NA
q2rtx.exe,39492,0x177137A1C80,DXGI,0,512,1,Hardware: Independent Flip,Application,622744653363,14.7493,12.55650000000000,5.91490000000000,0.20360000000000,14.74890000000000,14.7497,NA,622744528990,12.6409,12.4373,0.2036,13.5801,13.6061,13.6014,0.0047,-0.0827,19098.6047,0.0008,NA,NA
q2rtx.exe,39492,0x177137A1C80,DXGI,0,512,1,Hardware: Independent Flip,Application,622744663874,NA,1.05110000000000,4.99890000000000,0.21500000000000,14.72290000000000,18.6975,NA,622744655399,1.0625,0.8475,0.2150,14.5453,1.0251,1.0251,0.0000,NA,0.0000,3.9746,NA,NA
q2rtx.exe,39492,0x177137A1C80,DXGI,0,512,1,Hardware: Independent Flip,Application,622744666574,NA,0.27000000000000,4.89090000000000,0.10450000000000,14.67890000000000,23.3184,NA,622744666024,0.1595,0.0550,0.1045,14.5079,0.2260,0.2260,0.0000,NA,0.0000,8.6395,NA,NA
q2rtx.exe,39492,0x177137A1C80,DXGI,0,512,1,Hardware: Independent Flip,Application,622744802154,14.7212,13.55800000000000,4.54680000000000,0.15790000000000,13.62830000000000,14.3072,NA,622744667619,13.6114,13.4535,0.1579,14.5744,12.5074,12.5041,0.0033,0.2846,19113.3259,0.6789,NA,NA
q2rtx.exe,39492,0x177137A1C80,DXGI,0,512,1,Hardware: Independent Flip,Application,622744812207,NA,1.00530000000000,3.91680000000000,0.23180000000000,14.23780000000000,17.2187,NA,622744803733,1.0792,0.8474,0.2318,13.4704,1.6148,1.6148,0.0000,NA,0.0000,2.9809,NA,NA
q2rtx.exe,39492,0x177137A1C80,DXGI,0,512,1,Hardware: Independent Flip,Application,622744815080,NA,0.28730000000000,4.57140000000000,0.10680000000000,14.18120000000000,21.5028,NA,622744814525,0.1623,0.0555,0.1068,14.0060,0.2307,0.2307,0.0000,NA,0.0000,7.3216,NA,NA
q2rtx.exe,39492,0x177137A1C80,DXGI,0,512,1,Hardware: Independent Flip,Application,622744940587,13.9051,12.55070000000000,6.22270000000000,0.27760000000000,15.17390000000000,15.1748,NA,622744816148,12.7215,12.4439,0.2776,14.0744,13.5434,13.5391,0.0043,-0.8058,19127.2310,0.0009,NA,NA
q2rtx.exe,39492,0x177137A1C80,DXGI,0,512,1,Hardware: Independent Flip,Application,622744955963,NA,1.53760000000000,5.27210000000000,0.18990000000000,14.56750000000000,18.9093,NA,622744943363,1.4499,1.2600,0.1899,14.8963,0.9312,0.9312,0.0000,NA,0.0000,4.3418,NA,NA
q2rtx.exe,39492,0x177137A1C80,DXGI,0,512,1,Hardware: Independent Flip,Application,622744958417,NA,0.24540000000000,4.53150000000000,0.10590000000000,14.53260000000000,23.1954,NA,622744957862,0.1614,0.0555,0.1059,14.3776,0.2105,0.2105,0.0000,NA,0.0000,8.6628,NA,NA
q2rtx.exe,39492,0x177137A1C80,DXGI,0,512,1,Hardware: Independent Flip,Application,622745093778,15.0800,13.53610000000000,4.52140000000000,0.16390000000000,13.43110000000000,14.1807,NA,622744959476,13.5941,13.4302,0.1639,14.4267,12.4346,12.4315,0.0031,0.7550,19142.3110,0.7496,NA,NA
q2rtx.exe,39492,0x177137A1C80,DXGI,0,512,1,Hardware: Independent Flip,Application,622745102726,NA,0.89480000000000,3.78950000000000,0.22680000000000,13.86740000000000,17.0754,NA,622745095417,0.9577,0.7309,0.2268,13.2672,1.3311,1.3311,0.0000,NA,0.0000,3.2080,NA,NA
q2rtx.exe,39492,0x177137A1C80,DXGI,0,512,1,Hardware: Independent Flip,Application,622745105609,NA,0.28830000000000,4.59170000000000,0.11220000000000,13.79120000000000,21.3788,NA,622745104994,0.1737,0.0615,0.1122,13.6406,0.2121,0.2121,0.0000,NA,0.0000,7.5876,NA,NA
q2rtx.exe,39492,0x177137A1C80,DXGI,0,512,1,Hardware: Independent Flip,Application,622745229401,13.6238,12.37920000000000,6.13890000000000,0.26160000000000,15.13770000000000,15.1385,NA,622745106731,12.5286,12.2670,0.2616,13.6790,13.7257,13.7216,0.0041,-0.8963,19155.9348,0.0008,NA,NA
q2rtx.exe,39492,0x177137A1C80,DXGI,0,512,1,Hardware: Independent Flip,Application,622745242343,NA,1.29420000000000,5.30950000000000,0.23460000000000,14.91790000000000,19.1538,NA,622745232017,1.2672,1.0326,0.2346,14.8761,1.0744,1.0744,0.0000,NA,0.0000,4.2359,NA,NA
q2rtx.exe,39492,0x177137A1C80,DXGI,0,512,1,Hardware: Independent Flip,Application,622745245287,NA,0.29440000000000,4.36700000000000,0.12730000000000,14.83220000000000,23.2264,NA,622745244689,0.1871,0.0598,0.1273,14.6833,0.2087,0.2087,0.0000,NA,0.0000,8.3942,NA,NA
q2rtx.exe,39492,0x177137A1C80,DXGI,0,512,1,Hardware: Independent Flip,Application,622745382429,15.4608,13.71420000000000,4.89110000000000,0.17470000000000,13.62630000000000,14.4033,NA,622745246560,13.7616,13.5869,0.1747,14.7049,12.5083,12.5051,0.0032,0.8932,19171.3956,0.7770,NA,NA
q2rtx.exe,39492,0x177137A1C80,DXGI,0,512,1,Hardware: Independent Flip,Application,622745392590,NA,1.01610000000000,3.83270000000000,0.22780000000000,14.04140000000000,17.2199,NA,622745384176,1.0692,0.8414,0.2278,13.4516,1.4312,1.4312,0.0000,NA,0.0000,3.1785,NA,NA
q2rtx.exe,39492,0x177137A1C80,DXGI,0,512,1,Hardware: Independent Flip,Application,622745395523,NA,0.29330000000000,4.58390000000000,0.12900000000000,13.95980000000000,21.5105,NA,622745394868,0.1945,0.0655,0.1290,13.8136,0.2117,0.2117,0.0000,NA,0.0000,7.5507,NA,NA
q2rtx.exe,39492,0x177137A1C80,DXGI,0,512,1,Hardware: Independent Flip,Application,622745519905,13.4374,12.43820000000000,6.43610000000000,0.20910000000000,15.50760000000000,15.5084,NA,622745396813,12.5183,12.3092,0.2091,13.8308,13.9860,13.9814,0.0046,-1.4153,19184.8330,0.0008,NA,NA
q2rtx.exe,39492,0x177137A1C80,DXGI,0,512,1,Hardware: Independent Flip,Application,622745534212,NA,1.43070000000000,5.19680000000000,0.21230000000000,14.95780000000000,19.2745,NA,622745521996,1.4339,1.2216,0.2123,15.2985,0.8809,0.8809,0.0000,NA,0.0000,4.3167,NA,NA
q2rtx.exe,39492,0x177137A1C80,DXGI,0,512,1,Hardware: Independent Flip,Application,622745536892,NA,0.26800000000000,4.69630000000000,0.10780000000000,14.91600000000000,23.7028,NA,622745536335,0.1635,0.0557,0.1078,14.7455,0.2262,0.2262,0.0000,NA,0.0000,8.7868,NA,NA
q2rtx.exe,39492,0x177137A1C80,DXGI,0,512,1,Hardware: Independent Flip,Application,622745676562,15.2179,13.96700000000000,4.43730000000000,0.17090000000000,13.42270000000000,14.1731,NA,622745537970,14.0301,13.8592,0.1709,14.8082,12.4737,12.4662,0.0075,0.8875,19200.0509,0.7504,NA,NA
q2rtx.exe,39492,0x177137A1C80,DXGI,0,512,1,Hardware: Independent Flip,Application,622745684716,NA,0.81540000000000,3.78670000000000,0.33710000000000,14.09510000000000,17.1444,NA,622745678271,0.9816,0.6445,0.3371,13.2518,1.4878,1.4878,0.0000,NA,0.0000,3.0493,NA,NA
q2rtx.exe,39492,0x177137A1C80,DXGI,0,512,1,Hardware: Independent Flip,Application,622745688607,NA,0.38910000000000,4.69310000000000,0.10300000000000,13.91640000000000,21.4484,NA,622745688087,0.1550,0.0520,0.1030,13.7580,0.2104,0.2104,0.0000,NA,0.0000,7.5320,NA,NA
q2rtx.exe,39492,0x177137A1C80,DXGI,0,512,1,Hardware: Independent Flip,Application,622745812193,13.7055,12.35860000000000,5.80230000000000,0.23910000000000,14.89140000000000,14.8921,NA,622745689637,12.4947,12.2556,0.2391,13.8134,13.3336,13.3266,0.0070,-0.5766,19213.7564,0.0007,NA,NA
q2rtx.exe,39492,0x177137A1C80,DXGI,0,512,1,Hardware: Independent Flip,Application,622745826813,NA,1.46200000000000,5.37870000000000,0.21350000000000,14.88520000000000,18.8088,NA,622745814584,1.4364,1.2229,0.2135,14.6523,1.4558,1.4558,0.0000,NA,0.0000,3.9236,NA,NA
q2rtx.exe,39492,0x177137A1C80,DXGI,0,512,1,Hardware: Independent Flip,Application,622745829624,NA,0.28110000000000,4.14240000000000,0.13360000000000,14.82380000000000,22.6701,NA,622745828948,0.2012,0.0676,0.1336,14.6717,0.2197,0.2197,0.0000,NA,0.0000,7.8463,NA,NA
q2rtx.exe,39492,0x177137A1C80,DXGI,0,512,1,Hardware: Independent Flip,Application,622745964127,15.6232,13.45030000000000,5.80200000000000,0.17010000000000,14.46210000000000,15.0218,NA,622745830960,13.4868,13.3167,0.1701,14.6902,13.0886,13.0841,0.0045,0.3001,19229.3796,0.5597,NA,NA
q2rtx.exe,39492,0x177137A1C80,DXGI,0,512,1,Hardware: Independent Flip,Application,622745976981,NA,1.28540000000000,4.37220000000000,0.20170000000000,14.43980000000000,18.1086,NA,622745965828,1.3170,1.1153,0.2017,14.2920,1.2631,1.2631,0.0000,NA,0.0000,3.6688,NA,NA
q2rtx.exe,39492,0x177137A1C80,DXGI,0,512,1,Hardware: Independent Flip,Application,622745979574,NA,0.25930000000000,4.90440000000000,0.11940000000000,14.38850000000000,22.7537,NA,622745978998,0.1770,0.0576,0.1194,14.2381,0.2080,0.2080,0.0000,NA,0.0000,8.3652,NA,NA
q2rtx.exe,39492,0x177137A1C80,DXGI,0,512,1,Hardware: Independent Flip,Application,622746110400,13.5203,13.08260000000000,4.91710000000000,0.22890000000000,14.42800000000000,14.5882,NA,622745980768,13.1921,12.9632,0.2289,14.2691,13.1221,13.1191,0.0030,-0.6734,19242.8999,0.1602,NA,NA
q2rtx.exe,39492,0x177137A1C80,DXGI,0,512,1,Hardware: Independent Flip,Application,622746122598,NA,1.21980000000000,4.53070000000000,0.19780000000000,14.49170000000000,17.8991,NA,622746112689,1.1887,0.9909,0.1978,14.1991,1.2835,1.2835,0.0000,NA,0.0000,3.4074,NA,NA
q2rtx.exe,39492,0x177137A1C80,DXGI,0,512,1,Hardware: Independent Flip,Application,622746125162,NA,0.25640000000000,4.66340000000000,0.12520000000000,14.44550000000000,22.3061,NA,622746124576,0.1838,0.0586,0.1252,14.2939,0.2102,0.2102,0.0000,NA,0.0000,7.8606,NA,NA
q2rtx.exe,39492,0x177137A1C80,DXGI,0,512,1,Hardware: Independent Flip,Application,622746255954,15.0127,13.07920000000000,5.47580000000000,0.16130000000000,14.70170000000000,14.7027,NA,622746126414,13.1153,12.9540,0.1613,14.3203,13.3354,13.3280,0.0074,0.3428,19257.9126,0.0010,NA,NA
q2rtx.exe,39492,0x177137A1C80,DXGI,0,512,1,Hardware: Independent Flip,Application,622746268934,NA,1.29800000000000,4.97940000000000,0.16790000000000,14.65080000000000,18.3841,NA,622746257567,1.3046,1.1367,0.1679,14.5404,1.2471,1.2471,0.0000,NA,0.0000,3.7333,NA,NA
q2rtx.exe,39492,0x177137A1C80,DXGI,0,512,1,Hardware: Independent Flip,Application,622746271172,NA,0.22380000000000,4.78790000000000,0.11140000000000,14.63320000000000,22.9482,NA,622746270613,0.1673,0.0559,0.1114,14.4829,0.2062,0.2062,0.0000,NA,0.0000,8.3150,NA,NA
q2rtx.exe,39492,0x177137A1C80,DXGI,0,512,1,Hardware: Independent Flip,Application,622746404678,14.6792,13.35060000000000,5.27170000000000,0.18590000000000,14.51830000000000,14.8693,NA,622746272286,13.4251,13.2392,0.1859,14.5218,13.2357,13.2315,0.0042,-0.3598,19272.5918,0.3510,NA,NA
q2rtx.exe,39492,0x177137A1C80,DXGI,0,512,1,Hardware: Independent Flip,Application,622746416601,NA,1.19230000000000,4.56880000000000,0.19050000000000,14.61900000000000,18.2458,NA,622746406537,1.1969,1.0064,0.1905,14.3324,1.2930,1.2930,0.0000,NA,0.0000,3.6268,NA,NA
q2rtx.exe,39492,0x177137A1C80,DXGI,0,512,1,Hardware: Independent Flip,Application,622746419094,NA,0.24930000000000,4.88050000000000,0.11210000000000,14.59600000000000,22.8770,NA,622746418506,0.1709,0.0588,0.1121,14.4285,0.2263,0.2263,0.0000,NA,0.0000,8.2810,NA,NA
q2rtx.exe,39492,0x177137A1C80,DXGI,0,512,1,Hardware: Independent Flip,Application,622746551088,14.5623,13.19940000000000,4.58400000000000,0.16380000000000,14.20230000000000,14.2616,NA,622746420215,13.2511,13.0873,0.1638,14.4839,12.8057,12.8008,0.0049,0.5290,19287.1541,0.0593,NA,NA
q2rtx.exe,39492,0x177137A1C80,DXGI,0,512,1,Hardware: Independent Flip,Application,622746563981,NA,1.28930000000000,4.60940000000000,0.22710000000000,14.12530000000000,17.5817,NA,622746552726,1.3526,1.1255,0.2271,14.0385,1.2123,1.2123,0.0000,NA,0.0000,3.4564,NA,NA
q2rtx.exe,39492,0x177137A1C80,DXGI,0,512,1,Hardware: Independent Flip,Application,622746566809,NA,0.28280000000000,4.64250000000000,0.10850000000000,14.04860000000000,21.9414,NA,622746566252,0.1642,0.0557,0.1085,13.8982,0.2061,0.2061,0.0000,NA,0.0000,7.8928,NA,NA
q2rtx.exe,39492,0x177137A1C80,DXGI,0,512,1,Hardware: Independent Flip,Application,622746695378,14.8551,12.85690000000000,5.34350000000000,0.18270000000000,14.42700000000000,14.4280,NA,622746567894,12.9311,12.7484,0.1827,13.9401,13.2353,13.2309,0.0044,0.2597,19302.0092,0.0010,NA,NA
q2rtx.exe,39492,0x177137A1C80,DXGI,0,512,1,Hardware: Independent Flip,Application,622746706355,NA,1.09770000000000,4.93940000000000,0.18860000000000,14.60960000000000,18.2697,NA,622746697205,1.1036,0.9150,0.1886,14.2443,1.2803,1.2803,0.0000,NA,0.0000,3.6601,NA,NA
q2rtx.exe,39492,0x177137A1C80,DXGI,0,512,1,Hardware: Independent Flip,Application,622746708786,NA,0.24310000000000,4.78510000000000,0.10900000000000,14.57520000000000,22.8117,NA,622746708241,0.1635,0.0545,0.1090,14.4210,0.2087,0.2087,0.0000,NA,0.0000,8.2365,NA,NA
q2rtx.exe,39492,0x177137A1C80,DXGI,0,512,1,Hardware: Independent Flip,Application,622746840989,14.8048,13.22030000000000,5.35180000000000,0.15790000000000,14.58500000000000,14.9432,NA,622746709876,13.2692,13.1113,0.1579,14.4662,13.2301,13.2253,0.0048,-0.2715,19316.8140,0.3582,NA,NA
q2rtx.exe,39492,0x177137A1C80,DXGI,0,512,1,Hardware: Independent Flip,Application,622746853569,NA,1.25800000000000,4.55740000000000,0.19600000000000,14.61020000000000,18.2426,NA,622746842568,1.2961,1.1001,0.1960,14.4271,1.2832,1.2832,0.0000,NA,0.0000,3.6324,NA,NA
q2rtx.exe,39492,0x177137A1C80,DXGI,0,512,1,Hardware: Independent Flip,Application,622746856127,NA,0.25580000000000,4.88960000000000,0.11150000000000,14.55940000000000,22.8764,NA,622746855529,0.1713,0.0598,0.1115,14.4142,0.2050,0.2050,0.0000,NA,0.0000,8.3170,NA,NA
q2rtx.exe,39492,0x177137A1C80,DXGI,0,512,1,Hardware: Independent Flip,Application,622746988396,14.2521,13.22690000000000,4.79420000000000,0.21430000000000,14.40240000000000,14.4437,NA,622746857242,13.3297,13.1154,0.2143,14.4479,13.0699,13.0667,0.0032,0.0109,19331.0661,0.0413,NA,NA
q2rtx.exe,39492,0x177137A1C80,DXGI,0,512,1,Hardware: Independent Flip,Application,622747000970,NA,1.25740000000000,4.70260000000000,0.17150000000000,14.50560000000000,17.8889,NA,622746990539,1.2146,1.0431,0.1715,14.1881,1.3606,1.3606,0.0000,NA,0.0000,3.3833,NA,NA
q2rtx.exe,39492,0x177137A1C80,DXGI,0,512,1,Hardware: Independent Flip,Application,622747003210,NA,0.22400000000000,4.72640000000000,0.10300000000000,14.48980000000000,22.3913,NA,622747002685,0.1555,0.0525,0.1030,14.3341,0.2082,0.2082,0.0000,NA,0.0000,7.9015,NA,NA
q2rtx.exe,39492,0x177137A1C80,DXGI,0,512,1,Hardware: Independent Flip,Application,622747133940,14.7650,13.07300000000000,5.04850000000000,0.19140000000000,14.36600000000000,14.3668,NA,622747004240,13.1614,12.9700,0.1914,14.3868,12.9492,12.9437,0.0055,0.2875,19345.8311,0.0008,NA,NA
q2rtx.exe,39492,0x177137A1C80,DXGI,0,512,1,Hardware: Independent Flip,Application,622747147244,NA,1.33040000000000,4.91430000000000,0.19390000000000,14.31660000000000,17.9507,NA,622747135854,1.3329,1.1390,0.1939,14.1746,1.2810,1.2810,0.0000,NA,0.0000,3.6341,NA,NA
q2rtx.exe,39492,0x177137A1C80,DXGI,0,512,1,Hardware: Independent Flip,Application,622747149769,NA,0.25250000000000,4.73440000000000,0.11490000000000,14.27440000000000,22.4326,NA,622747149183,0.1735,0.0586,0.1149,14.1227,0.2103,0.2103,0.0000,NA,0.0000,8.1582,NA,NA
q2rtx.exe,39492,0x177137A1C80,DXGI,0,512,1,Hardware: Independent Flip,Application,622747278920,14.7680,12.91510000000000,4.48370000000000,0.16090000000000,13.83840000000000,14.0012,NA,622747150918,12.9611,12.8002,0.1609,14.1595,12.4791,12.4724,0.0067,0.6356,19360.5991,0.1628,NA,NA
q2rtx.exe,39492,0x177137A1C80,DXGI,0,512,1,Hardware: Independent Flip,Application,622747291373,NA,1.24530000000000,4.50980000000000,0.17990000000000,13.87170000000000,17.2657,NA,622747280529,1.2643,1.0844,0.1799,13.6775,1.2786,1.2786,0.0000,NA,0.0000,3.3940,NA,NA
q2rtx.exe,39492,0x177137A1C80,DXGI,0,512,1,Hardware: Independent Flip,Application,622747293716,NA,0.23430000000000,4.63880000000000,0.10980000000000,13.84760000000000,21.6702,NA,622747293172,0.1642,0.0544,0.1098,13.6918,0.2102,0.2102,0.0000,NA,0.0000,7.8226,NA,NA
q2rtx.exe,39492,0x177137A1C80,DXGI,0,512,1,Hardware: Independent Flip,Application,622747419557,14.5638,12.58410000000000,5.48180000000000,0.18800000000000,14.56710000000000,14.5679,NA,622747294814,12.6623,12.4743,0.1880,13.7378,13.3036,13.2976,0.0060,-0.0666,19375.1629,0.0008,NA,NA
q2rtx.exe,39492,0x177137A1C80,DXGI,0,512,1,Hardware: Independent Flip,Application,622747431366,NA,1.18090000000000,5.09880000000000,0.18430000000000,14.82800000000000,18.4858,NA,622747421437,1.1772,0.9929,0.1843,14.3791,1.4418,1.4418,0.0000,NA,0.0000,3.6578,NA,NA
q2rtx.exe,39492,0x177137A1C80,DXGI,0,512,1,Hardware: Independent Flip,Application,622747433761,NA,0.23950000000000,4.64620000000000,0.11970000000000,14.79620000000000,22.8925,NA,622747433209,0.1749,0.0552,0.1197,14.6437,0.2077,0.2077,0.0000,NA,0.0000,8.0963,NA,NA
q2rtx.exe,39492,0x177137A1C80,DXGI,0,512,1,Hardware: Independent Flip,Application,622747567286,14.6111,13.35250000000000,5.42370000000000,0.23220000000000,14.53930000000000,14.9637,NA,622747434958,13.4650,13.2328,0.2322,14.6765,13.0956,13.0908,0.0048,-0.5576,19389.7740,0.4244,NA,NA
q2rtx.exe,39492,0x177137A1C80,DXGI,0,512,1,Hardware: Independent Flip,Application,622747581212,NA,1.39260000000000,4.50070000000000,0.24670000000000,14.42930000000000,18.0718,NA,622747569608,1.4071,1.1604,0.2467,14.3071,1.2826,1.2826,0.0000,NA,0.0000,3.6425,NA,NA
q2rtx.exe,39492,0x177137A1C80,DXGI,0,512,1,Hardware: Independent Flip,Application,622747584256,NA,0.30440000000000,4.89920000000000,0.11330000000000,14.33770000000000,22.6666,NA,622747583679,0.1710,0.0577,0.1133,14.1826,0.2128,0.2128,0.0000,NA,0.0000,8.3289,NA,NA
q2rtx.exe,39492,0x177137A1C80,DXGI,0,512,1,Hardware: Independent Flip,Application,622747714135,13.8111,12.98790000000000,4.88930000000000,0.23870000000000,14.40000000000000,14.5680,NA,622747585389,13.1133,12.8746,0.2387,14.2244,13.0502,13.0462,0.0040,-0.4781,19403.5851,0.1680,NA,NA
q2rtx.exe,39492,0x177137A1C80,DXGI,0,512,1,Hardware: Independent Flip,Application,622747726485,NA,1.23500000000000,4.54660000000000,0.21180000000000,14.45540000000000,17.8796,NA,622747716522,1.2081,0.9963,0.2118,14.1613,1.2904,1.2904,0.0000,NA,0.0000,3.4242,NA,NA
q2rtx.exe,39492,0x177137A1C80,DXGI,0,512,1,Hardware: Independent Flip,Application,622747729253,NA,0.27680000000000,4.69300000000000,0.11690000000000,14.39030000000000,22.2958,NA,622747728603,0.1819,0.0650,0.1169,14.2436,0.2117,0.2117,0.0000,NA,0.0000,7.9055,NA,NA
q2rtx.exe,39492,0x177137A1C80,DXGI,0,512,1,Hardware: Independent Flip,Application,622747859429,14.8115,13.01760000000000,5.37530000000000,0.16470000000000,14.65020000000000,14.6535,NA,622747730422,13.0654,12.9007,0.1647,14.2734,13.2775,13.2736,0.0039,0.1966,19418.3966,0.0033,NA,NA
q2rtx.exe,39492,0x177137A1C80,DXGI,0,512,1,Hardware: Independent Flip,Application,622747872307,NA,1.28780000000000,4.88150000000000,0.15100000000000,14.64920000000000,18.2472,NA,622747861076,1.2741,1.1231,0.1510,14.4855,1.2868,1.2868,0.0000,NA,0.0000,3.5980,NA,NA
q2rtx.exe,39492,0x177137A1C80,DXGI,0,512,1,Hardware: Independent Flip,Application,622747874380,NA,0.20730000000000,4.85500000000000,0.10500000000000,14.64630000000000,22.8949,NA,622747873817,0.1613,0.0563,0.1050,14.4982,0.2044,0.2044,0.0000,NA,0.0000,8.2486,NA,NA
q2rtx.exe,39492,0x177137A1C80,DXGI,0,512,1,Hardware: Independent Flip,Application,622748007658,14.6765,13.32780000000000,5.17490000000000,0.19140000000000,14.40040000000000,14.7420,NA,622747875430,13.4142,13.2228,0.1914,14.5413,13.0819,13.0772,0.0047,-0.2349,19433.0731,0.3416,NA,NA
q2rtx.exe,39492,0x177137A1C80,DXGI,0,512,1,Hardware: Independent Flip,Application,622748019950,NA,1.22920000000000,4.54030000000000,0.18550000000000,14.41690000000000,18.0531,NA,622748009572,1.2233,1.0378,0.1855,14.2090,1.2457,1.2457,0.0000,NA,0.0000,3.6362,NA,NA
q2rtx.exe,39492,0x177137A1C80,DXGI,0,512,1,Hardware: Independent Flip,Application,622748022380,NA,0.24300000000000,4.82670000000000,0.11000000000000,14.36840000000000,22.6368,NA,622748021805,0.1675,0.0575,0.1100,14.2314,0.1945,0.1945,0.0000,NA,0.0000,8.2684,NA,NA
q2rtx.exe,39492,0x177137A1C80,DXGI,0,512,1,Hardware: Independent Flip,Application,622748153038,14.3845,13.06580000000000,4.59390000000000,0.19290000000000,14.16400000000000,14.1649,NA,622748023480,13.1487,12.9558,0.1929,14.2584,12.8614,12.8581,0.0033,0.4236,19447.4576,0.0009,NA,NA
q2rtx.exe,39492,0x177137A1C80,DXGI,0,512,1,Hardware: Independent Flip,Application,622748165328,NA,1.22900000000000,4.65870000000000,0.16810000000000,14.24060000000000,17.5946,NA,622748154967,1.2042,1.0361,0.1681,13.9711,1.3056,1.3056,0.0000,NA,0.0000,3.3540,NA,NA
q2rtx.exe,39492,0x177137A1C80,DXGI,0,512,1,Hardware: Independent Flip,Application,622748167616,NA,0.22880000000000,4.61490000000000,0.11350000000000,14.21540000000000,21.9807,NA,622748167009,0.1742,0.0607,0.1135,14.0725,0.2036,0.2036,0.0000,NA,0.0000,7.7653,NA,NA
q2rtx.exe,39492,0x177137A1C80,DXGI,0,512,1,Hardware: Independent Flip,Application,622748296245,14.8468,12.86290000000000,4.62450000000000,0.18460000000000,13.74160000000000,13.7423,NA,622748168751,12.9340,12.7494,0.1846,14.1019,12.3891,12.3860,0.0031,0.9487,19462.3044,0.0007,NA,NA
q2rtx.exe,39492,0x177137A1C80,DXGI,0,512,1,Hardware: Independent Flip,Application,622748308791,NA,1.25460000000000,4.76120000000000,0.18240000000000,13.79380000000000,17.2489,NA,622748298091,1.2524,1.0700,0.1824,13.5570,1.3068,1.3068,0.0000,NA,0.0000,3.4551,NA,NA
q2rtx.exe,39492,0x177137A1C80,DXGI,0,512,1,Hardware: Independent Flip,Application,622748311140,NA,0.23490000000000,4.59020000000000,0.10450000000000,13.85450000000000,21.6042,NA,622748310615,0.1570,0.0525,0.1045,13.6114,0.2956,0.2956,0.0000,NA,0.0000,7.7497,NA,NA
q2rtx.exe,39492,0x177137A1C80,DXGI,0,512,1,Hardware: Independent Flip,Application,622748437990,14.5929,12.68500000000000,5.34340000000000,0.18780000000000,14.19420000000000,14.2626,NA,622748312185,12.7683,12.5805,0.1878,13.7500,13.0247,13.0205,0.0042,-0.1019,19476.8973,0.0684,NA,NA
q2rtx.exe,39492,0x177137A1C80,DXGI,0,512,1,Hardware: Independent Flip,Application,622748447715,NA,0.97250000000000,4.81700000000000,0.28890000000000,14.61560000000000,18.1071,NA,622748439868,1.0736,0.7847,0.2889,14.0064,1.3939,1.3939,0.0000,NA,0.0000,3.4915,NA,NA
q2rtx.exe,39492,0x177137A1C80,DXGI,0,512,1,Hardware: Independent Flip,Application,622748451284,NA,0.35690000000000,4.85870000000000,0.11840000000000,14.47330000000000,22.6089,NA,622748450604,0.1864,0.0680,0.1184,14.3267,0.2146,0.2146,0.0000,NA,0.0000,8.1356,NA,NA
q2rtx.exe,39492,0x177137A1C80,DXGI,0,512,1,Hardware: Independent Flip,Application,622748580979,14.2997,12.96950000000000,5.48080000000000,0.17620000000000,14.70370000000000,15.1202,NA,622748452468,13.0273,12.8511,0.1762,14.3549,13.1999,13.1954,0.0045,-0.8568,19491.1970,0.4165,NA,NA
q2rtx.exe,39492,0x177137A1C80,DXGI,0,512,1,Hardware: Independent Flip,Application,622748595165,NA,1.41860000000000,4.50480000000000,0.18220000000000,14.55850000000000,18.2064,NA,622748582741,1.4246,1.2424,0.1822,14.5275,1.2734,1.2734,0.0000,NA,0.0000,3.6479,NA,NA
q2rtx.exe,39492,0x177137A1C80,DXGI,0,512,1,Hardware: Independent Flip,Application,622748597565,NA,0.24000000000000,4.89760000000000,0.11040000000000,14.52470000000000,22.8640,NA,622748596987,0.1682,0.0578,0.1104,14.3763,0.2062,0.2062,0.0000,NA,0.0000,8.3393,NA,NA
q2rtx.exe,39492,0x177137A1C80,DXGI,0,512,1,Hardware: Independent Flip,Application,622748729450,13.8472,13.18850000000000,4.75140000000000,0.18220000000000,14.35440000000000,14.4269,NA,622748598669,13.2603,13.0781,0.1822,14.4143,13.0182,13.0152,0.0030,-0.3066,19505.0442,0.0725,NA,NA
q2rtx.exe,39492,0x177137A1C80,DXGI,0,512,1,Hardware: Independent Flip,Application,622748741895,NA,1.24450000000000,4.63700000000000,0.18480000000000,14.35340000000000,17.8194,NA,622748731272,1.2471,1.0623,0.1848,14.1722,1.2435,1.2435,0.0000,NA,0.0000,3.4660,NA,NA
q2rtx.exe,39492,0x177137A1C80,DXGI,0,512,1,Hardware: Independent Flip,Application,622748744296,NA,0.24010000000000,4.67750000000000,0.10950000000000,14.32120000000000,22.2568,NA,622748743743,0.1648,0.0553,0.1095,14.1686,0.2079,0.2079,0.0000,NA,0.0000,7.9356,NA,NA
q2rtx.exe,39492,0x177137A1C80,DXGI,0,512,1,Hardware: Independent Flip,Application,622748874193,14.6716,12.98970000000000,5.29210000000000,0.15880000000000,14.55840000000000,14.5592,NA,622748745391,13.0390,12.8802,0.1588,14.2117,13.2269,13.2205,0.0064,0.0650,19519.7158,0.0008,NA,NA
q2rtx.exe,39492,0x177137A1C80,DXGI,0,512,1,Hardware: Independent Flip,Application,622748886499,NA,1.23060000000000,4.99680000000000,0.19770000000000,14.61650000000000,18.3254,NA,622748875781,1.2695,1.0718,0.1977,14.3996,1.2887,1.2887,0.0000,NA,0.0000,3.7089,NA,NA
q2rtx.exe,39492,0x177137A1C80,DXGI,0,512,1,Hardware: Independent Flip,Application,622748889010,NA,0.25110000000000,4.73350000000000,0.10330000000000,14.57640000000000,22.8078,NA,622748888476,0.1567,0.0534,0.1033,14.4188,0.2110,0.2110,0.0000,NA,0.0000,8.2314,NA,NA
q2rtx.exe,39492,0x177137A1C80,DXGI,0,512,1,Hardware: Independent Flip,Application,622749021188,14.8321,13.21780000000000,5.19220000000000,0.20500000000000,14.49730000000000,14.7822,NA,622748890043,13.3195,13.1145,0.2050,14.4731,13.1387,13.1344,0.0043,-0.0904,19534.5479,0.2849,NA,NA
q2rtx.exe,39492,0x177137A1C80,DXGI,0,512,1,Hardware: Independent Flip,Application,622749033828,NA,1.26400000000000,4.60770000000000,0.19350000000000,14.52670000000000,18.1259,NA,622749023238,1.2525,1.0590,0.1935,14.2923,1.2934,1.2934,0.0000,NA,0.0000,3.5992,NA,NA
q2rtx.exe,39492,0x177137A1C80,DXGI,0,512,1,Hardware: Independent Flip,Application,622749036322,NA,0.24940000000000,4.86740000000000,0.10980000000000,14.49130000000000,22.7439,NA,622749035763,0.1657,0.0559,0.1098,14.3332,0.2140,0.2140,0.0000,NA,0.0000,8.2526,NA,NA
q2rtx.exe,39492,0x177137A1C80,DXGI,0,512,1,Hardware: Independent Flip,Application,622749167437,14.4468,13.11150000000000,4.97250000000000,0.17250000000000,14.52350000000000,14.6049,NA,622749037420,13.1742,13.0017,0.1725,14.3815,13.1437,13.1400,0.0037,-0.0008,19548.9947,0.0814,NA,NA
q2rtx.exe,39492,0x177137A1C80,DXGI,0,512,1,Hardware: Independent Flip,Application,622749180114,NA,1.26770000000000,4.71060000000000,0.17680000000000,14.52480000000000,18.0478,NA,622749169162,1.2720,1.0952,0.1768,14.3510,1.2690,1.2690,0.0000,NA,0.0000,3.5230,NA,NA
q2rtx.exe,39492,0x177137A1C80,DXGI,0,512,1,Hardware: Independent Flip,Application,622749182415,NA,0.23010000000000,4.77250000000000,0.10390000000000,14.50530000000000,22.5902,NA,622749181882,0.1572,0.0533,0.1039,14.3480,0.2106,0.2106,0.0000,NA,0.0000,8.0849,NA,NA
q2rtx.exe,39492,0x177137A1C80,DXGI,0,512,1,Hardware: Independent Flip,Application,622749313913,14.6952,13.14980000000000,5.18060000000000,0.16420000000000,14.57340000000000,14.6210,NA,622749183454,13.2101,13.0459,0.1642,14.4014,13.2179,13.2137,0.0042,0.0315,19563.6899,0.0476,NA,NA
q2rtx.exe,39492,0x177137A1C80,DXGI,0,512,1,Hardware: Independent Flip,Application,622749326498,NA,1.25850000000000,4.83830000000000,0.19440000000000,14.59380000000000,18.2008,NA,622749315555,1.2887,1.0943,0.1944,14.4092,1.2789,1.2789,0.0000,NA,0.0000,3.6070,NA,NA
q2rtx.exe,39492,0x177137A1C80,DXGI,0,512,1,Hardware: Independent Flip,Application,622749328997,NA,0.24990000000000,4.86020000000000,0.11190000000000,14.55940000000000,22.8111,NA,622749328442,0.1674,0.0555,0.1119,14.3994,0.2155,0.2155,0.0000,NA,0.0000,8.2517,NA,NA
q2rtx.exe,39492,0x177137A1C80,DXGI,0,512,1,Hardware: Independent Flip,Application,622749460966,14.7001,13.19690000000000,5.19910000000000,0.16260000000000,14.64040000000000,14.8133,NA,622749330116,13.2476,13.0850,0.1626,14.4475,13.2779,13.2717,0.0062,-0.1975,19578.3900,0.1729,NA,NA
q2rtx.exe,39492,0x177137A1C80,DXGI,0,512,1,Hardware: Independent Flip,Application,622749473572,NA,1.26060000000000,4.74950000000000,0.20040000000000,14.68640000000000,18.3022,NA,622749462592,1.2984,1.0980,0.2004,14.4778,1.3066,1.3066,0.0000,NA,0.0000,3.6158,NA,NA
q2rtx.exe,39492,0x177137A1C80,DXGI,0,512,1,Hardware: Independent Flip,Application,622749476125,NA,0.25530000000000,4.89630000000000,0.10910000000000,14.65690000000000,22.9432,NA,622749475576,0.1640,0.0549,0.1091,14.4860,0.2258,0.2258,0.0000,NA,0.0000,8.2863,NA,NA
q2rtx.exe,39492,0x177137A1C80,DXGI,0,512,1,Hardware: Independent Flip,Application,622749608750,14.7428,13.26250000000000,4.90230000000000,0.17940000000000,14.52520000000000,14.5830,NA,622749477216,13.3328,13.1534,0.1794,14.5478,13.1308,13.1275,0.0033,0.1947,19593.1328,0.0578,NA,NA
q2rtx.exe,39492,0x177137A1C80,DXGI,0,512,1,Hardware: Independent Flip,Application,622749621696,NA,1.29460000000000,4.78640000000000,0.24860000000000,14.47570000000000,18.0748,NA,622749610544,1.3638,1.1152,0.2486,14.3458,1.2451,1.2451,0.0000,NA,0.0000,3.5991,NA,NA
q2rtx.exe,39492,0x177137A1C80,DXGI,0,512,1,Hardware: Independent Flip,Application,622749624921,NA,0.32250000000000,4.83960000000000,0.10680000000000,14.44410000000000,22.5919,NA,622749624182,0.1807,0.0739,0.1068,14.2271,0.2909,0.2909,0.0000,NA,0.0000,8.1478,NA,NA
q2rtx.exe,39492,0x177137A1C80,DXGI,0,512,1,Hardware: Independent Flip,Application,622749755327,14.7745,13.04060000000000,4.89500000000000,0.16340000000000,14.44530000000000,14.4463,NA,622749625989,13.0972,12.9338,0.1634,14.3373,13.0418,13.0370,0.0048,0.2535,19607.9073,0.0010,NA,NA
q2rtx.exe,39492,0x177137A1C80,DXGI,0,512,1,Hardware: Independent Flip,Application,622749767572,NA,1.22450000000000,4.88830000000000,0.22840000000000,14.47040000000000,18.1101,NA,622749756961,1.2895,1.0611,0.2284,14.2819,1.2496,1.2496,0.0000,NA,0.0000,3.6397,NA,NA
q2rtx.exe,39492,0x177137A1C80,DXGI,0,512,1,Hardware: Independent Flip,Application,622749770411,NA,0.28390000000000,4.78710000000000,0.11100000000000,14.38220000000000,22.6133,NA,622749769856,0.1665,0.0555,0.1110,14.2420,0.1957,0.1957,0.0000,NA,0.0000,8.2311,NA,NA
q2rtx.exe,39492,0x177137A1C80,DXGI,0,512,1,Hardware: Independent Flip,Application,622749901239,14.8445,13.08280000000000,4.91130000000000,0.16080000000000,14.37330000000000,14.4418,NA,622749771521,13.1326,12.9718,0.1608,14.2712,13.0739,13.0702,0.0037,0.2578,19622.7518,0.0685,NA,NA
q2rtx.exe,39492,0x177137A1C80,DXGI,0,512,1,Hardware: Independent Flip,Application,622749913369,NA,1.21300000000000,4.76900000000000,0.18590000000000,14.49770000000000,17.9978,NA,622749902847,1.2381,1.0522,0.1859,14.2125,1.3374,1.3374,0.0000,NA,0.0000,3.5001,NA,NA
q2rtx.exe,39492,0x177137A1C80,DXGI,0,512,1,Hardware: Independent Flip,Application,622749915779,NA,0.24100000000000,4.82130000000000,0.10900000000000,14.46810000000000,22.5781,NA,622749915228,0.1641,0.0551,0.1090,14.3118,0.2114,0.2114,0.0000,NA,0.0000,8.1100,NA,NA
q2rtx.exe,39492,0x177137A1C80,DXGI,0,512,1,Hardware: Independent Flip,Application,622750047231,14.6692,13.14520000000000,4.96780000000000,0.15530000000000,14.38950000000000,14.4007,NA,622749916869,13.1915,13.0362,0.1553,14.3591,13.0666,13.0618,0.0048,0.1111,19637.4210,0.0112,NA,NA
q2rtx.exe,39492,0x177137A1C80,DXGI,0,512,1,Hardware: Independent Flip,Application,622750059440,NA,1.22090000000000,4.85110000000000,0.20470000000000,14.59670000000000,18.0309,NA,622750048784,1.2703,1.0656,0.2047,14.2342,1.4281,1.4281,0.0000,NA,0.0000,3.4342,NA,NA
q2rtx.exe,39492,0x177137A1C80,DXGI,0,512,1,Hardware: Independent Flip,Application,622750062060,NA,0.26200000000000,4.83690000000000,0.11130000000000,14.54480000000000,22.6058,NA,622750061487,0.1686,0.0573,0.1113,14.3920,0.2101,0.2101,0.0000,NA,0.0000,8.0610,NA,NA
q2rtx.exe,39492,0x177137A1C80,DXGI,0,512,1,Hardware: Independent Flip,Application,622750193047,14.6720,13.09870000000000,5.09280000000000,0.16770000000000,14.54420000000000,14.5999,NA,622750063173,13.1551,12.9874,0.1677,14.4335,13.0981,13.0930,0.0051,-0.1088,19652.0930,0.0557,NA,NA
q2rtx.exe,39492,0x177137A1C80,DXGI,0,512,1,Hardware: Independent Flip,Application,622750206563,NA,1.35160000000000,4.86000000000000,0.19100000000000,14.42740000000000,18.1083,NA,622750194724,1.3749,1.1839,0.1910,14.3765,1.2348,1.2348,0.0000,NA,0.0000,3.6809,NA,NA
q2rtx.exe,39492,0x177137A1C80,DXGI,0,512,1,Hardware: Independent Flip,Application,622750209026,NA,0.24630000000000,4.89790000000000,0.11080000000000,14.39820000000000,22.7599,NA,622750208473,0.1661,0.0553,0.1108,14.2364,0.2171,0.2171,0.0000,NA,0.0000,8.3617,NA,NA
q2rtx.exe,39492,0x177137A1C80,DXGI,0,512,1,Hardware: Independent Flip,Application,622750339882,14.5055,13.08560000000000,4.82350000000000,0.17350000000000,14.40700000000000,14.4978,NA,622750210134,13.1483,12.9748,0.1735,14.2874,13.0944,13.0897,0.0047,-0.0759,19666.5985,0.0908,NA,NA
q2rtx.exe,39492,0x177137A1C80,DXGI,0,512,1,Hardware: Independent Flip,Application,622750351975,NA,1.20930000000000,4.74380000000000,0.20160000000000,14.49290000000000,18.0323,NA,622750341617,1.2374,1.0358,0.2016,14.2335,1.2952,1.2952,0.0000,NA,0.0000,3.5394,NA,NA
q2rtx.exe,39492,0x177137A1C80,DXGI,0,512,1,Hardware: Independent Flip,Application,622750354550,NA,0.25750000000000,4.81670000000000,0.11330000000000,14.44650000000000,22.5915,NA,622750353991,0.1692,0.0559,0.1133,14.2913,0.2111,0.2111,0.0000,NA,0.0000,8.1450,NA,NA
q2rtx.exe,39492,0x177137A1C80,DXGI,0,512,1,Hardware: Independent Flip,Application,622750485268,14.6646,13.07180000000000,4.94430000000000,0.16090000000000,14.46330000000000,14.4640,NA,622750355683,13.1194,12.9585,0.1609,14.3332,13.0886,13.0838,0.0048,0.1598,19681.2631,0.0007,NA,NA
q2rtx.exe,39492,0x177137A1C80,DXGI,0,512,1,Hardware: Independent Flip,Application,622750498037,NA,1.27690000000000,4.90010000000000,0.20960000000000,14.60300000000000,18.0872,NA,622750486877,1.3256,1.1160,0.2096,14.3024,1.4166,1.4166,0.0000,NA,0.0000,3.4842,NA,NA
q2rtx.exe,39492,0x177137A1C80,DXGI,0,512,1,Hardware: Independent Flip,Application,622750500675,NA,0.26380000000000,4.77100000000000,0.10370000000000,14.55310000000000,22.5944,NA,622750500133,0.1579,0.0542,0.1037,14.3934,0.2139,0.2139,0.0000,NA,0.0000,8.0413,NA,NA
q2rtx.exe,39492,0x177137A1C80,DXGI,0,512,1,Hardware: Independent Flip,Application,622750631234,14.7232,13.05590000000000,5.24550000000000,0.15390000000000,14.71190000000000,14.7840,NA,622750501712,13.1061,12.9522,0.1539,14.4494,13.2147,13.2100,0.0047,-0.1934,19695.9863,0.0721,NA,NA
q2rtx.exe,39492,0x177137A1C80,DXGI,0,512,1,Hardware: Independent Flip,Application,622750644995,NA,1.37610000000000,4.89620000000000,0.17350000000000,14.64770000000000,18.3041,NA,622750632773,1.3957,1.2222,0.1735,14.5580,1.3119,1.3119,0.0000,NA,0.0000,3.6564,NA,NA
q2rtx.exe,39492,0x177137A1C80,DXGI,0,512,1,Hardware: Independent Flip,Application,622750647243,NA,0.22480000000000,4.93230000000000,0.10360000000000,14.63150000000000,23.0116,NA,622750646730,0.1549,0.0513,0.1036,14.4742,0.2086,0.2086,0.0000,NA,0.0000,8.3801,NA,NA
q2rtx.exe,39492,0x177137A1C80,DXGI,0,512,1,Hardware: Independent Flip,Application,622750779632,14.5868,13.23890000000000,4.91120000000000,0.19320000000000,14.57110000000000,14.6839,NA,622750648279,13.3285,13.1353,0.1932,14.5279,13.1785,13.1730,0.0055,-0.1529,19710.5731,0.1128,NA,NA
q2rtx.exe,39492,0x177137A1C80,DXGI,0,512,1,Hardware: Independent Flip,Application,622750792696,NA,1.30640000000000,4.77620000000000,0.18850000000000,14.56440000000000,18.1537,NA,622750781564,1.3017,1.1132,0.1885,14.3779,1.2997,1.2997,0.0000,NA,0.0000,3.5893,NA,NA
q2rtx.exe,39492,0x177137A1C80,DXGI,0,512,1,Hardware: Independent Flip,Application,622750795153,NA,0.24570000000000,4.86020000000000,0.10760000000000,14.52630000000000,22.7682,NA,622750794581,0.1648,0.0572,0.1076,14.3759,0.2076,0.2076,0.0000,NA,0.0000,8.2419,NA,NA
q2rtx.exe,39492,0x177137A1C80,DXGI,0,512,1,Hardware: Independent Flip,Application,622750926683,14.5556,13.15300000000000,4.66080000000000,0.23660000000000,14.27490000000000,14.2760,NA,622750796229,13.2820,13.0454,0.2366,14.4187,12.9016,12.8985,0.0031,0.2584,19725.1287,0.0011,NA,NA
q2rtx.exe,39492,0x177137A1C80,DXGI,0,512,1,Hardware: Independent Flip,Application,622750939491,NA,1.28080000000000,4.83630000000000,0.19620000000000,14.31630000000000,17.8315,NA,622750929049,1.2404,1.0442,0.1962,14.0383,1.3222,1.3222,0.0000,NA,0.0000,3.5152,NA,NA
q2rtx.exe,39492,0x177137A1C80,DXGI,0,512,1,Hardware: Independent Flip,Application,622750942022,NA,0.25310000000000,4.67180000000000,0.11060000000000,14.27190000000000,22.2502,NA,622750941453,0.1675,0.0569,0.1106,14.1201,0.2087,0.2087,0.0000,NA,0.0000,7.9783,NA,NA
q2rtx.exe,39492,0x177137A1C80,DXGI,0,512,1,Hardware: Independent Flip,Application,622751071142,14.8766,12.91200000000000,5.09000000000000,0.21550000000000,14.42630000000000,14.4282,NA,622750943128,13.0169,12.8014,0.2155,14.1613,13.0664,13.0603,0.0061,0.2785,19740.0053,0.0019,NA,NA
q2rtx.exe,39492,0x177137A1C80,DXGI,0,512,1,Hardware: Independent Flip,Application,622751083896,NA,1.27540000000000,4.88060000000000,0.18080000000000,14.52770000000000,18.0334,NA,622751073297,1.2407,1.0599,0.1808,14.2108,1.3768,1.3768,0.0000,NA,0.0000,3.5057,NA,NA
q2rtx.exe,39492,0x177137A1C80,DXGI,0,512,1,Hardware: Independent Flip,Application,622751086305,NA,0.24090000000000,4.85290000000000,0.11460000000000,14.49430000000000,22.6454,NA,622751085704,0.1747,0.0601,0.1146,14.3469,0.2075,0.2075,0.0000,NA,0.0000,8.1511,NA,NA
q2rtx.exe,39492,0x177137A1C80,DXGI,0,512,1,Hardware: Independent Flip,Application,622751217121,14.7185,13.08160000000000,5.11290000000000,0.21350000000000,14.46630000000000,14.6767,NA,622751087451,13.1805,12.9670,0.2135,14.3797,13.0536,13.0493,0.0043,-0.1279,19754.7238,0.2104,NA,NA
q2rtx.exe,39492,0x177137A1C80,DXGI,0,512,1,Hardware: Independent Flip,Application,622751230300,NA,1.31790000000000,4.68280000000000,0.19090000000000,14.49230000000000,18.0416,NA,622751219256,1.2953,1.1044,0.1909,14.2528,1.3439,1.3439,0.0000,NA,0.0000,3.5493,NA,NA
q2rtx.exe,39492,0x177137A1C80,DXGI,0,512,1,Hardware: Independent Flip,Application,622751232759,NA,0.24590000000000,4.86230000000000,0.10810000000000,14.45750000000000,22.6580,NA,622751232209,0.1631,0.0550,0.1081,14.3014,0.2111,0.2111,0.0000,NA,0.0000,8.2005,NA,NA
q2rtx.exe,39492,0x177137A1C80,DXGI,0,512,1,Hardware: Independent Flip,Application,622751365197,14.3432,13.24380000000000,4.94870000000000,0.16810000000000,14.35280000000000,14.3629,NA,622751233840,13.3038,13.1357,0.1681,14.3494,13.1391,13.1358,0.0033,-0.1506,19769.0670,0.0101,NA,NA
q2rtx.exe,39492,0x177137A1C80,DXGI,0,512,1,Hardware: Independent Flip,Application,622751376478,NA,1.12810000000000,4.82310000000000,0.16430000000000,14.49120000000000,18.0579,NA,622751366878,1.1243,0.9600,0.1643,14.1847,1.2665,1.2665,0.0000,NA,0.0000,3.5667,NA,NA
q2rtx.exe,39492,0x177137A1C80,DXGI,0,512,1,Hardware: Independent Flip,Application,622751378667,NA,0.21890000000000,4.81060000000000,0.10860000000000,14.47670000000000,22.6496,NA,622751378121,0.1632,0.0546,0.1086,14.3269,0.2044,0.2044,0.0000,NA,0.0000,8.1729,NA,NA
q2rtx.exe,39492,0x177137A1C80,DXGI,0,512,1,Hardware: Independent Flip,Application,622751510347,14.6357,13.16800000000000,5.06590000000000,0.20720000000000,14.51150000000000,14.5475,NA,622751379753,13.2666,13.0594,0.2072,14.3681,13.2028,13.1973,0.0055,-0.0639,19783.7027,0.0360,NA,NA
q2rtx.exe,39492,0x177137A1C80,DXGI,0,512,1,Hardware: Independent Flip,Application,622751522460,NA,1.21130000000000,4.86520000000000,0.19350000000000,14.55190000000000,18.2014,NA,622751512419,1.1976,1.0041,0.1935,14.3043,1.2517,1.2517,0.0000,NA,0.0000,3.6495,NA,NA
q2rtx.exe,39492,0x177137A1C80,DXGI,0,512,1,Hardware: Independent Flip,Application,622751524943,NA,0.24830000000000,4.88000000000000,0.10970000000000,14.53230000000000,22.8331,NA,622751524395,0.1645,0.0548,0.1097,14.3584,0.2287,0.2287,0.0000,NA,0.0000,8.3008,NA,NA
q2rtx.exe,39492,0x177137A1C80,DXGI,0,512,1,Hardware: Independent Flip,Application,622751656646,14.6364,13.17030000000000,4.85680000000000,0.16350000000000,14.44940000000000,14.5196,NA,622751526040,13.2241,13.0606,0.1635,14.4226,13.0874,13.0843,0.0031,0.0344,19798.3391,0.0702,NA,NA
q2rtx.exe,39492,0x177137A1C80,DXGI,0,512,1,Hardware: Independent Flip,Application,622751669116,NA,1.24700000000000,4.78500000000000,0.20830000000000,14.48200000000000,18.0576,NA,622751658281,1.2918,1.0835,0.2083,14.2859,1.2796,1.2796,0.0000,NA,0.0000,3.5756,NA,NA
q2rtx.exe,39492,0x177137A1C80,DXGI,0,512,1,Hardware: Independent Flip,Application,622751671766,NA,0.26500000000000,4.82740000000000,0.11160000000000,14.42930000000000,22.6200,NA,622751671199,0.1683,0.0567,0.1116,14.2737,0.2123,0.2123,0.0000,NA,0.0000,8.1907,NA,NA
q2rtx.exe,39492,0x177137A1C80,DXGI,0,512,1,Hardware: Independent Flip,Application,622751802385,14.6134,13.06190000000000,5.04200000000000,0.16470000000000,14.59940000000000,14.6001,NA,622751672882,13.1150,12.9503,0.1647,14.3177,13.2320,13.2267,0.0053,-0.0410,19812.9525,0.0007,NA,NA
q2rtx.exe,39492,0x177137A1C80,DXGI,0,512,1,Hardware: Independent Flip,Application,622751815057,NA,1.26720000000000,4.93440000000000,0.19820000000000,14.55390000000000,18.2673,NA,622751804032,1.3007,1.1025,0.1982,14.4347,1.2217,1.2217,0.0000,NA,0.0000,3.7134,NA,NA
q2rtx.exe,39492,0x177137A1C80,DXGI,0,512,1,Hardware: Independent Flip,Application,622751817592,NA,0.25350000000000,4.81040000000000,0.11270000000000,14.50880000000000,22.8242,NA,622751817039,0.1680,0.0553,0.1127,14.3557,0.2084,0.2084,0.0000,NA,0.0000,8.3154,NA,NA
q2rtx.exe,39492,0x177137A1C80,DXGI,0,512,1,Hardware: Independent Flip,Application,622751949717,14.7049,13.21250000000000,4.76760000000000,0.19480000000000,14.26530000000000,14.3793,NA,622751818719,13.2946,13.0998,0.1948,14.3961,12.9690,12.9656,0.0034,0.1925,19827.6574,0.1140,NA,NA
q2rtx.exe,39492,0x177137A1C80,DXGI,0,512,1,Hardware: Independent Flip,Application,622751961776,NA,1.20590000000000,4.69210000000000,0.18590000000000,14.42280000000000,17.8655,NA,622751951665,1.1970,1.0111,0.1859,14.0705,1.3634,1.3634,0.0000,NA,0.0000,3.4427,NA,NA
q2rtx.exe,39492,0x177137A1C80,DXGI,0,512,1,Hardware: Independent Flip,Application,622751964201,NA,0.24250000000000,4.78340000000000,0.11280000000000,14.38780000000000,22.4064,NA,622751963635,0.1694,0.0566,0.1128,14.2369,0.2075,0.2075,0.0000,NA,0.0000,8.0186,NA,NA
q2rtx.exe,39492,0x177137A1C80,DXGI,0,512,1,Hardware: Independent Flip,Application,622752093780,14.5125,12.95790000000000,4.93280000000000,0.20040000000000,14.38040000000000,14.3813,NA,622751965329,13.0455,12.8451,0.2004,14.2750,12.9505,12.9462,0.0043,0.1042,19842.1699,0.0009,NA,NA
q2rtx.exe,39492,0x177137A1C80,DXGI,0,512,1,Hardware: Independent Flip,Application,622752107191,NA,1.34110000000000,4.91210000000000,0.18040000000000,14.36120000000000,17.9523,NA,622752095784,1.3211,1.1407,0.1804,14.1800,1.3219,1.3219,0.0000,NA,0.0000,3.5911,NA,NA
q2rtx.exe,39492,0x177137A1C80,DXGI,0,512,1,Hardware: Independent Flip,Application,622752109560,NA,0.23690000000000,4.69360000000000,0.10820000000000,14.33690000000000,22.4090,NA,622752108995,0.1647,0.0565,0.1082,14.1808,0.2126,0.2126,0.0000,NA,0.0000,8.0721,NA,NA
q2rtx.exe,39492,0x177137A1C80,DXGI,0,512,1,Hardware: Independent Flip,Application,622752238899,14.7240,12.93390000000000,5.09050000000000,0.19320000000000,14.44140000000000,14.5656,NA,622752110642,13.0189,12.8257,0.1932,14.2287,13.0384,13.0318,0.0066,0.0278,19856.8939,0.1242,NA,NA
q2rtx.exe,39492,0x177137A1C80,DXGI,0,512,1,Hardware: Independent Flip,Application,622752251937,NA,1.30380000000000,4.75020000000000,0.19990000000000,14.53360000000000,18.0120,NA,622752240831,1.3105,1.1106,0.1999,14.2482,1.3960,1.3960,0.0000,NA,0.0000,3.4784,NA,NA
q2rtx.exe,39492,0x177137A1C80,DXGI,0,512,1,Hardware: Independent Flip,Application,622752254480,NA,0.25430000000000,4.83840000000000,0.10900000000000,14.47860000000000,22.5961,NA,622752253936,0.1634,0.0544,0.1090,14.3337,0.1993,0.1993,0.0000,NA,0.0000,8.1175,NA,NA
q2rtx.exe,39492,0x177137A1C80,DXGI,0,512,1,Hardware: Independent Flip,Application,622752384532,14.3542,13.00520000000000,4.52150000000000,0.17230000000000,13.98730000000000,14.1124,NA,622752255570,13.0685,12.8962,0.1723,14.3696,12.5139,12.5111,0.0028,0.2441,19871.2481,0.1251,NA,NA
q2rtx.exe,39492,0x177137A1C80,DXGI,0,512,1,Hardware: Independent Flip,Application,622752398366,NA,1.38340000000000,4.54550000000000,0.19610000000000,13.83670000000000,17.2745,NA,622752386255,1.4072,1.2111,0.1961,13.8150,1.2328,1.2328,0.0000,NA,0.0000,3.4378,NA,NA
q2rtx.exe,39492,0x177137A1C80,DXGI,0,512,1,Hardware: Independent Flip,Application,622752400882,NA,0.25160000000000,4.64700000000000,0.11170000000000,13.78650000000000,21.6699,NA,622752400327,0.1672,0.0555,0.1117,13.6406,0.2014,0.2014,0.0000,NA,0.0000,7.8834,NA,NA
q2rtx.exe,39492,0x177137A1C80,DXGI,0,512,1,Hardware: Independent Flip,Application,622752525770,14.5681,12.48880000000000,5.05260000000000,0.26480000000000,14.23260000000000,14.2337,NA,622752401999,12.6419,12.3771,0.2648,13.6748,12.9349,12.9306,0.0043,0.3230,19885.8162,0.0011,NA,NA
q2rtx.exe,39492,0x177137A1C80,DXGI,0,512,1,Hardware: Independent Flip,Application,622752537798,NA,1.20280000000000,4.88760000000000,0.16420000000000,14.27190000000000,17.9185,NA,622752528418,1.1022,0.9380,0.1642,13.9678,1.2421,1.2421,0.0000,NA,0.0000,3.6466,NA,NA
q2rtx.exe,39492,0x177137A1C80,DXGI,0,512,1,Hardware: Independent Flip,Application,622752539984,NA,0.21860000000000,4.59880000000000,0.10690000000000,14.25670000000000,22.2987,NA,622752539440,0.1613,0.0544,0.1069,14.1077,0.2034,0.2034,0.0000,NA,0.0000,8.0420,NA,NA
q2rtx.exe,39492,0x177137A1C80,DXGI,0,512,1,Hardware: Independent Flip,Application,622752671373,14.5664,13.13890000000000,5.19330000000000,0.17300000000000,14.14330000000000,14.3531,NA,622752541053,13.2050,13.0320,0.1730,14.1498,13.0255,13.0222,0.0033,-0.1133,19900.3826,0.2098,NA,NA
q2rtx.exe,39492,0x177137A1C80,DXGI,0,512,1,Hardware: Independent Flip,Application,622752681707,NA,1.03340000000000,4.62660000000000,0.18920000000000,14.53600000000000,17.9463,NA,622752673103,1.0496,0.8604,0.1892,13.9703,1.4261,1.4261,0.0000,NA,0.0000,3.4103,NA,NA
q2rtx.exe,39492,0x177137A1C80,DXGI,0,512,1,Hardware: Independent Flip,Application,622752684167,NA,0.24600000000000,4.81490000000000,0.11430000000000,14.51830000000000,22.5152,NA,622752683599,0.1711,0.0568,0.1143,14.3468,0.2283,0.2283,0.0000,NA,0.0000,7.9969,NA,NA
q2rtx.exe,39492,0x177137A1C80,DXGI,0,512,1,Hardware: Independent Flip,Application,622752814029,13.9209,12.98620000000000,5.28180000000000,0.17960000000000,14.73170000000000,14.8108,NA,622752685310,13.0515,12.8719,0.1796,14.4040,13.1996,13.1931,0.0065,-0.8024,19914.3035,0.0791,NA,NA
q2rtx.exe,39492,0x177137A1C80,DXGI,0,512,1,Hardware: Independent Flip,Application,622752828243,NA,1.42140000000000,4.80820000000000,0.19520000000000,14.63510000000000,18.1976,NA,622752815825,1.4370,1.2418,0.1952,14.5521,1.3248,1.3248,0.0000,NA,0.0000,3.5625,NA,NA
q2rtx.exe,39492,0x177137A1C80,DXGI,0,512,1,Hardware: Independent Flip,Application,622752830772,NA,0.25290000000000,4.86290000000000,0.11070000000000,14.57920000000000,22.8076,NA,622752830195,0.1684,0.0577,0.1107,14.4399,0.1970,0.1970,0.0000,NA,0.0000,8.2284,NA,NA
q2rtx.exe,39492,0x177137A1C80,DXGI,0,512,1,Hardware: Independent Flip,Application,622752962651,14.4201,13.18790000000000,4.34010000000000,0.16840000000000,13.77340000000000,13.9598,NA,622752831879,13.2456,13.0772,0.1684,14.4685,12.3821,12.3788,0.0033,0.4089,19928.7236,0.1864,NA,NA
q2rtx.exe,39492,0x177137A1C80,DXGI,0,512,1,Hardware: Independent Flip,Application,622752975638,NA,1.29870000000000,4.42180000000000,0.18300000000000,14.20410000000000,17.0829,NA,622752964335,1.3133,1.1303,0.1830,13.6050,1.7294,1.7192,0.0102,NA,0.0000,2.8788,NA,NA
q2rtx.exe,39492,0x177137A1C80,DXGI,0,512,1,Hardware: Independent Flip,Application,622752978001,NA,0.23630000000000,4.60910000000000,0.10130000000000,14.16270000000000,21.4557,NA,622752977468,0.1546,0.0533,0.1013,14.0211,0.1949,0.1949,0.0000,NA,0.0000,7.2930,NA,NA
q2rtx.exe,39492,0x177137A1C80,DXGI,0,512,1,Hardware: Independent Flip,Application,622753101817,14.4027,12.38160000000000,5.13850000000000,0.18180000000000,14.21170000000000,14.2126,NA,622752979014,12.4621,12.2803,0.1818,14.0614,12.4306,12.4275,0.0031,0.2333,19943.1263,0.0009,NA,NA
q2rtx.exe,39492,0x177137A1C80,DXGI,0,512,1,Hardware: Independent Flip,Application,622753119918,NA,1.81010000000000,4.96400000000000,0.16630000000000,13.69940000000000,17.3665,NA,622753103635,1.7946,1.6283,0.1663,14.0299,1.2978,1.2978,0.0000,NA,0.0000,3.6671,NA,NA
q2rtx.exe,39492,0x177137A1C80,DXGI,0,512,1,Hardware: Independent Flip,Application,622753122097,NA,0.21790000000000,4.47800000000000,0.10250000000000,13.68570000000000,21.6266,NA,622753121581,0.1541,0.0516,0.1025,13.5331,0.2042,0.2042,0.0000,NA,0.0000,7.9409,NA,NA
q2rtx.exe,39492,0x177137A1C80,DXGI,0,512,1,Hardware: Independent Flip,Application,622753245764,14.6578,12.36670000000000,5.33760000000000,0.22560000000000,14.31710000000000,14.5975,NA,622753123122,12.4898,12.2642,0.2256,13.5832,12.9981,12.9929,0.0052,-0.1218,19957.7841,0.2804,NA,NA
q2rtx.exe,39492,0x177137A1C80,DXGI,0,512,1,Hardware: Independent Flip,Application,622753258311,NA,1.25470000000000,4.56470000000000,0.21200000000000,14.35820000000000,17.9075,NA,622753248020,1.2411,1.0291,0.2120,14.0915,1.2958,1.2958,0.0000,NA,0.0000,3.5493,NA,NA
q2rtx.exe,39492,0x177137A1C80,DXGI,0,512,1,Hardware: Independent Flip,Application,622753261053,NA,0.27420000000000,4.81960000000000,0.11500000000000,14.29510000000000,22.4529,NA,622753260431,0.1772,0.0622,0.1150,14.1462,0.2111,0.2111,0.0000,NA,0.0000,8.1578,NA,NA
q2rtx.exe,39492,0x177137A1C80,DXGI,0,512,1,Hardware: Independent Flip,Application,622753390298,13.7186,12.92450000000000,5.03200000000000,0.20110000000000,14.44910000000000,14.5604,NA,622753262203,13.0106,12.8095,0.2011,14.1801,13.0785,13.0752,0.0033,-0.6977,19971.5027,0.1113,NA,NA
q2rtx.exe,39492,0x177137A1C80,DXGI,0,512,1,Hardware: Independent Flip,Application,622753403172,NA,1.28740000000000,4.66290000000000,0.18280000000000,14.44970000000000,17.9359,NA,622753392309,1.2691,1.0863,0.1828,14.2480,1.2880,1.2880,0.0000,NA,0.0000,3.4862,NA,NA
q2rtx.exe,39492,0x177137A1C80,DXGI,0,512,1,Hardware: Independent Flip,Application,622753405533,NA,0.23610000000000,4.75570000000000,0.10290000000000,14.40550000000000,22.4555,NA,622753405000,0.1562,0.0533,0.1029,14.2669,0.1919,0.1919,0.0000,NA,0.0000,8.0500,NA,NA
q2rtx.exe,39492,0x177137A1C80,DXGI,0,512,1,Hardware: Independent Flip,Application,622753536111,14.2209,13.05780000000000,4.35530000000000,0.16800000000000,13.71230000000000,13.7530,NA,622753406562,13.1229,12.9549,0.1680,14.3026,12.3646,12.3615,0.0031,0.4470,19985.7236,0.0407,NA,NA
q2rtx.exe,39492,0x177137A1C80,DXGI,0,512,1,Hardware: Independent Flip,Application,622753548755,NA,1.26440000000000,4.55540000000000,0.15650000000000,13.84910000000000,17.0440,NA,622753537791,1.2529,1.0964,0.1565,13.5443,1.4012,1.4012,0.0000,NA,0.0000,3.1949,NA,NA
q2rtx.exe,39492,0x177137A1C80,DXGI,0,512,1,Hardware: Independent Flip,Application,622753550889,NA,0.21340000000000,4.56900000000000,0.11400000000000,13.84900000000000,21.3996,NA,622753550320,0.1709,0.0569,0.1140,13.6926,0.2133,0.2133,0.0000,NA,0.0000,7.5506,NA,NA
q2rtx.exe,39492,0x177137A1C80,DXGI,0,512,1,Hardware: Independent Flip,Application,622753674475,14.5241,12.35860000000000,5.62030000000000,0.18310000000000,14.66050000000000,14.6613,NA,622753552029,12.4277,12.2446,0.1831,13.7350,13.1701,13.1660,0.0041,-0.2206,20000.2477,0.0008,NA,NA
q2rtx.exe,39492,0x177137A1C80,DXGI,0,512,1,Hardware: Independent Flip,Application,622753688367,NA,1.38920000000000,5.05760000000000,0.23780000000000,14.36840000000000,18.3297,NA,622753676306,1.4439,1.2061,0.2378,14.4774,1.0971,1.0971,0.0000,NA,0.0000,3.9613,NA,NA
q2rtx.exe,39492,0x177137A1C80,DXGI,0,512,1,Hardware: Independent Flip,Application,622753691367,NA,0.30000000000000,4.77270000000000,0.10510000000000,14.30000000000000,22.8024,NA,622753690745,0.1673,0.0622,0.1051,14.1306,0.2316,0.2316,0.0000,NA,0.0000,8.5024,NA,NA
q2rtx.exe,39492,0x177137A1C80,DXGI,0,512,1,Hardware: Independent Flip,Application,622753822485,14.5430,13.11180000000000,5.20300000000000,0.16000000000000,14.35070000000000,14.8936,NA,622753692418,13.1667,13.0067,0.1600,14.1949,13.1625,13.1566,0.0059,-0.4903,20014.7907,0.5429,NA,NA
q2rtx.exe,39492,0x177137A1C80,DXGI,0,512,1,Hardware: Independent Flip,Application,622753833519,NA,1.10340000000000,4.30030000000000,0.23580000000000,14.55250000000000,18.0905,NA,622753824085,1.1792,0.9434,0.2358,14.1907,1.3052,1.3052,0.0000,NA,0.0000,3.5380,NA,NA
q2rtx.exe,39492,0x177137A1C80,DXGI,0,512,1,Hardware: Independent Flip,Application,622753836446,NA,0.29270000000000,4.81650000000000,0.11010000000000,14.47210000000000,22.6143,NA,622753835877,0.1670,0.0569,0.1101,14.3167,0.2123,0.2123,0.0000,NA,0.0000,8.1422,NA,NA
q2rtx.exe,39492,0x177137A1C80,DXGI,0,512,1,Hardware: Independent Flip,Application,622753967625,13.7334,13.11790000000000,4.72300000000000,0.19060000000000,14.21840000000000,14.2194,NA,622753837547,13.1984,13.0078,0.1906,14.3620,12.8642,12.8610,0.0032,-0.1064,20028.5241,0.0010,NA,NA
q2rtx.exe,39492,0x177137A1C80,DXGI,0,512,1,Hardware: Independent Flip,Application,622753980107,NA,1.24820000000000,4.70960000000000,0.20870000000000,14.24180000000000,17.6808,NA,622753969531,1.2663,1.0576,0.2087,14.0278,1.2716,1.2716,0.0000,NA,0.0000,3.4390,NA,NA
q2rtx.exe,39492,0x177137A1C80,DXGI,0,512,1,Hardware: Independent Flip,Application,622753982732,NA,0.26250000000000,4.51170000000000,0.10870000000000,14.18520000000000,21.9300,NA,622753982194,0.1625,0.0538,0.1087,14.0331,0.2059,0.2059,0.0000,NA,0.0000,7.7448,NA,NA
q2rtx.exe,39492,0x177137A1C80,DXGI,0,512,1,Hardware: Independent Flip,Application,622754111301,14.7189,12.85690000000000,5.17880000000000,0.21730000000000,14.25100000000000,14.2519,NA,622753983819,12.9655,12.7482,0.2173,14.0765,12.9227,12.9177,0.0050,0.3188,20043.2430,0.0009,NA,NA
q2rtx.exe,39492,0x177137A1C80,DXGI,0,512,1,Hardware: Independent Flip,Application,622754123556,NA,1.22550000000000,4.85190000000000,0.17200000000000,14.26200000000000,17.8783,NA,622754113474,1.1802,1.0082,0.1720,14.0337,1.2365,1.2365,0.0000,NA,0.0000,3.6163,NA,NA
q2rtx.exe,39492,0x177137A1C80,DXGI,0,512,1,Hardware: Independent Flip,Application,622754125797,NA,0.22410000000000,4.74460000000000,0.10760000000000,14.24860000000000,22.3988,NA,622754125276,0.1597,0.0521,0.1076,14.0900,0.2107,0.2107,0.0000,NA,0.0000,8.1502,NA,NA
q2rtx.exe,39492,0x177137A1C80,DXGI,0,512,1,Hardware: Independent Flip,Application,622754255235,14.5015,12.94380000000000,5.15430000000000,0.16430000000000,14.38610000000000,14.6093,NA,622754126873,13.0005,12.8362,0.1643,14.1410,13.0813,13.0734,0.0079,-0.2493,20057.7445,0.2232,NA,NA
q2rtx.exe,39492,0x177137A1C80,DXGI,0,512,1,Hardware: Independent Flip,Application,622754267291,NA,1.20560000000000,4.63340000000000,0.17630000000000,14.43600000000000,18.0371,NA,622754256878,1.2176,1.0413,0.1763,14.2218,1.2555,1.2555,0.0000,NA,0.0000,3.6011,NA,NA
q2rtx.exe,39492,0x177137A1C80,DXGI,0,512,1,Hardware: Independent Flip,Application,622754269633,NA,0.23420000000000,4.82910000000000,0.10840000000000,14.41570000000000,22.6320,NA,622754269054,0.1663,0.0579,0.1084,14.2597,0.2139,0.2139,0.0000,NA,0.0000,8.2163,NA,NA
q2rtx.exe,39492,0x177137A1C80,DXGI,0,512,1,Hardware: Independent Flip,Application,622754400792,14.3459,13.11590000000000,4.81920000000000,0.21950000000000,14.24860000000000,14.3353,NA,622754270717,13.2270,13.0075,0.2195,14.3073,12.9488,12.9457,0.0031,0.0642,20072.0904,0.0867,NA,NA
q2rtx.exe,39492,0x177137A1C80,DXGI,0,512,1,Hardware: Independent Flip,Application,622754412813,NA,1.20210000000000,4.65430000000000,0.20890000000000,14.29160000000000,17.7875,NA,622754402987,1.1915,0.9826,0.2089,14.0291,1.2451,1.2451,0.0000,NA,0.0000,3.4959,NA,NA
q2rtx.exe,39492,0x177137A1C80,DXGI,0,512,1,Hardware: Independent Flip,Application,622754415445,NA,0.26320000000000,4.71540000000000,0.11130000000000,14.24700000000000,22.2397,NA,622754414902,0.1656,0.0543,0.1113,14.0827,0.2186,0.2186,0.0000,NA,0.0000,7.9927,NA,NA
q2rtx.exe,39492,0x177137A1C80,DXGI,0,512,1,Hardware: Independent Flip,Application,622754544496,14.4760,12.90510000000000,5.08970000000000,0.16740000000000,14.42330000000000,14.4243,NA,622754416558,12.9612,12.7938,0.1674,14.1357,13.0814,13.0768,0.0046,0.0166,20086.5664,0.0010,NA,NA
q2rtx.exe,39492,0x177137A1C80,DXGI,0,512,1,Hardware: Independent Flip,Application,622754556804,NA,1.23080000000000,4.83050000000000,0.22060000000000,14.44870000000000,18.0240,NA,622754546170,1.2840,1.0634,0.2206,14.2559,1.2562,1.2562,0.0000,NA,0.0000,3.5753,NA,NA
q2rtx.exe,39492,0x177137A1C80,DXGI,0,512,1,Hardware: Independent Flip,Application,622754559550,NA,0.27460000000000,4.80710000000000,0.10640000000000,14.38200000000000,22.5565,NA,622754559010,0.1604,0.0540,0.1064,14.2281,0.2079,0.2079,0.0000,NA,0.0000,8.1745,NA,NA
q2rtx.exe,39492,0x177137A1C80,DXGI,0,512,1,Hardware: Independent Flip,Application,622754690239,14.6140,13.06890000000000,5.19420000000000,0.19730000000000,14.49150000000000,14.6818,NA,622754560614,13.1598,12.9625,0.1973,14.2756,13.1784,13.1745,0.0039,-0.2178,20101.1804,0.1903,NA,NA
q2rtx.exe,39492,0x177137A1C80,DXGI,0,512,1,Hardware: Independent Flip,Application,622754702437,NA,1.21980000000000,4.70160000000000,0.21800000000000,14.53510000000000,18.1636,NA,622754692212,1.2405,1.0225,0.2180,14.2942,1.2634,1.2634,0.0000,NA,0.0000,3.6285,NA,NA
q2rtx.exe,39492,0x177137A1C80,DXGI,0,512,1,Hardware: Independent Flip,Application,622754705258,NA,0.28210000000000,4.86840000000000,0.12650000000000,14.47020000000000,22.7499,NA,622754704617,0.1906,0.0641,0.1265,14.3171,0.2172,0.2172,0.0000,NA,0.0000,8.2797,NA,NA
q2rtx.exe,39492,0x177137A1C80,DXGI,0,512,1,Hardware: Independent Flip,Application,622754836371,14.4346,13.11130000000000,4.64600000000000,0.17930000000000,14.22320000000000,14.2846,NA,622754706523,13.1641,12.9848,0.1793,14.3437,12.8643,12.8617,0.0026,0.2186,20115.6150,0.0614,NA,NA
q2rtx.exe,39492,0x177137A1C80,DXGI,0,512,1,Hardware: Independent Flip,Application,622754848741,NA,1.23700000000000,4.66840000000000,0.18470000000000,14.28820000000000,17.7160,NA,622754838164,1.2424,1.0577,0.1847,14.0439,1.3020,1.3020,0.0000,NA,0.0000,3.4278,NA,NA
q2rtx.exe,39492,0x177137A1C80,DXGI,0,512,1,Hardware: Independent Flip,Application,622754851095,NA,0.23540000000000,4.70750000000000,0.11010000000000,14.27040000000000,22.1881,NA,622754850588,0.1608,0.0507,0.1101,14.1035,0.2176,0.2176,0.0000,NA,0.0000,7.9177,NA,NA
q2rtx.exe,39492,0x177137A1C80,DXGI,0,512,1,Hardware: Independent Flip,Application,622754979880,14.6168,12.87850000000000,5.31850000000000,0.17330000000000,14.62760000000000,14.6281,NA,622754852196,12.9417,12.7684,0.1733,14.1603,13.2357,13.2283,0.0074,-0.0776,20130.2318,0.0005,NA,NA
q2rtx.exe,39492,0x177137A1C80,DXGI,0,512,1,Hardware: Independent Flip,Application,622754992693,NA,1.28130000000000,5.05840000000000,0.23570000000000,14.63220000000000,18.4052,NA,622754981613,1.3437,1.1080,0.2357,14.4543,1.2859,1.2859,0.0000,NA,0.0000,3.7730,NA,NA
q2rtx.exe,39492,0x177137A1C80,DXGI,0,512,1,Hardware: Independent Flip,Application,622754995692,NA,0.29990000000000,4.73220000000000,0.12710000000000,14.53890000000000,22.8375,NA,622754995050,0.1913,0.0642,0.1271,14.3965,0.2066,0.2066,0.0000,NA,0.0000,8.2986,NA,NA
q2rtx.exe,39492,0x177137A1C80,DXGI,0,512,1,Hardware: Independent Flip,Application,622755127739,14.7289,13.20470000000000,5.09100000000000,0.19820000000000,14.42560000000000,14.7238,NA,622754996963,13.2758,13.0776,0.1982,14.4118,13.0914,13.0869,0.0045,-0.1527,20144.9607,0.2982,NA,NA
q2rtx.exe,39492,0x177137A1C80,DXGI,0,512,1,Hardware: Independent Flip,Application,622755140131,NA,1.23920000000000,4.57620000000000,0.21960000000000,14.43560000000000,18.0608,NA,622755129721,1.2606,1.0410,0.2196,14.2274,1.2492,1.2492,0.0000,NA,0.0000,3.6252,NA,NA
q2rtx.exe,39492,0x177137A1C80,DXGI,0,512,1,Hardware: Independent Flip,Application,622755142921,NA,0.27900000000000,4.84460000000000,0.11110000000000,14.36080000000000,22.6264,NA,622755142327,0.1705,0.0594,0.1111,14.2160,0.2042,0.2042,0.0000,NA,0.0000,8.2656,NA,NA
q2rtx.exe,39492,0x177137A1C80,DXGI,0,512,1,Hardware: Independent Flip,Application,622755273308,14.3466,13.03870000000000,4.49590000000000,0.18260000000000,14.06300000000000,14.0836,NA,622755144032,13.1102,12.9276,0.1826,14.2497,12.7409,12.7377,0.0032,0.4299,20159.3073,0.0206,NA,NA
q2rtx.exe,39492,0x177137A1C80,DXGI,0,512,1,Hardware: Independent Flip,Application,622755285459,NA,1.21510000000000,4.62360000000000,0.22450000000000,14.09430000000000,17.4921,NA,622755275134,1.2570,1.0325,0.2245,13.8804,1.2464,1.2464,0.0000,NA,0.0000,3.3978,NA,NA
q2rtx.exe,39492,0x177137A1C80,DXGI,0,512,1,Hardware: Independent Flip,Application,622755288241,NA,0.27820000000000,4.61860000000000,0.11210000000000,14.02110000000000,21.8325,NA,622755287704,0.1658,0.0537,0.1121,13.8698,0.2050,0.2050,0.0000,NA,0.0000,7.8114,NA,NA
q2rtx.exe,39492,0x177137A1C80,DXGI,0,512,1,Hardware: Independent Flip,Application,622755415351,14.7994,12.71100000000000,5.10340000000000,0.19850000000000,14.22410000000000,14.2249,NA,622755289362,12.7974,12.5989,0.1985,13.9090,12.9140,12.9092,0.0048,0.4538,20174.1067,0.0008,NA,NA
q2rtx.exe,39492,0x177137A1C80,DXGI,0,512,1,Hardware: Independent Flip,Application,622755427391,NA,1.20400000000000,4.83260000000000,0.17940000000000,14.41770000000000,17.8535,NA,622755417336,1.1849,1.0055,0.1794,14.0256,1.3976,1.3976,0.0000,NA,0.0000,3.4358,NA,NA
q2rtx.exe,39492,0x177137A1C80,DXGI,0,512,1,Hardware: Independent Flip,Application,622755429708,NA,0.23170000000000,4.69490000000000,0.10720000000000,14.32720000000000,22.3167,NA,622755429185,0.1595,0.0523,0.1072,14.2383,0.1412,0.1412,0.0000,NA,0.0000,7.9895,NA,NA
q2rtx.exe,39492,0x177137A1C80,DXGI,0,512,1,Hardware: Independent Flip,Application,622755558858,14.6875,12.91500000000000,4.64270000000000,0.16500000000000,13.80560000000000,14.0444,NA,622755430780,12.9728,12.8078,0.1650,14.2200,12.3934,12.3888,0.0046,0.5173,20188.7942,0.2388,NA,NA
q2rtx.exe,39492,0x177137A1C80,DXGI,0,512,1,Hardware: Independent Flip,Application,622755573368,NA,1.45100000000000,4.41130000000000,0.14930000000000,13.98940000000000,17.0047,NA,622755560508,1.4353,1.2860,0.1493,13.6406,1.6348,1.6348,0.0000,NA,0.0000,3.0153,NA,NA
q2rtx.exe,39492,0x177137A1C80,DXGI,0,512,1,Hardware: Independent Flip,Application,622755575420,NA,0.20520000000000,4.64660000000000,0.10300000000000,13.95800000000000,21.4461,NA,622755574861,0.1589,0.0559,0.1030,13.8401,0.1738,0.1738,0.0000,NA,0.0000,7.4881,NA,NA
q2rtx.exe,39492,0x177137A1C80,DXGI,0,512,1,Hardware: Independent Flip,Application,622755698502,14.2304,12.30820000000000,5.39430000000000,0.33240000000000,14.53090000000000,14.5322,NA,622755576450,12.5376,12.2052,0.3324,13.8550,12.8811,12.8763,0.0048,-0.2218,20203.0246,0.0013,NA,NA
q2rtx.exe,39492,0x177137A1C80,DXGI,0,512,1,Hardware: Independent Flip,Application,622755714402,NA,1.59000000000000,4.94700000000000,0.28880000000000,14.20910000000000,17.8892,NA,622755701826,1.5464,1.2576,0.2888,14.1985,1.2682,1.2682,0.0000,NA,0.0000,3.6801,NA,NA
q2rtx.exe,39492,0x177137A1C80,DXGI,0,512,1,Hardware: Independent Flip,Application,622755717986,NA,0.35840000000000,4.67400000000000,0.11480000000000,14.05800000000000,22.2048,NA,622755717290,0.1844,0.0696,0.1148,13.9203,0.2073,0.2073,0.0000,NA,0.0000,8.1468,NA,NA
q2rtx.exe,39492,0x177137A1C80,DXGI,0,512,1,Hardware: Independent Flip,Application,622755844897,14.4377,12.69110000000000,5.35420000000000,0.22460000000000,14.47960000000000,14.8679,NA,622755719134,12.8009,12.5763,0.2246,13.9432,13.1127,13.1066,0.0061,-0.5375,20217.4623,0.3883,NA,NA
q2rtx.exe,39492,0x177137A1C80,DXGI,0,512,1,Hardware: Independent Flip,Application,622755857688,NA,1.27910000000000,4.48730000000000,0.20510000000000,14.51040000000000,18.0761,NA,622755847143,1.2596,1.0545,0.2051,14.2550,1.3099,1.3099,0.0000,NA,0.0000,3.5657,NA,NA
q2rtx.exe,39492,0x177137A1C80,DXGI,0,512,1,Hardware: Independent Flip,Application,622755860368,NA,0.26800000000000,4.84760000000000,0.13660000000000,14.44980000000000,22.6557,NA,622755859739,0.1995,0.0629,0.1366,14.3053,0.2074,0.2074,0.0000,NA,0.0000,8.2059,NA,NA
q2rtx.exe,39492,0x177137A1C80,DXGI,0,512,1,Hardware: Independent Flip,Application,622755991102,13.8428,13.07340000000000,4.78300000000000,0.17840000000000,14.31680000000000,14.3653,NA,622755861734,13.1152,12.9368,0.1784,14.3132,12.9404,12.9345,0.0059,-0.2751,20231.3051,0.0485,NA,NA
q2rtx.exe,39492,0x177137A1C80,DXGI,0,512,1,Hardware: Independent Flip,Application,622756003819,NA,1.27170000000000,4.64940000000000,0.22460000000000,14.30920000000000,17.7430,NA,622755992886,1.3179,1.0933,0.2246,14.1384,1.2641,1.2641,0.0000,NA,0.0000,3.4338,NA,NA
q2rtx.exe,39492,0x177137A1C80,DXGI,0,512,1,Hardware: Independent Flip,Application,622756006618,NA,0.27990000000000,4.68660000000000,0.10800000000000,14.25350000000000,22.1497,NA,622756006065,0.1633,0.0553,0.1080,14.0846,0.2242,0.2242,0.0000,NA,0.0000,7.8962,NA,NA
q2rtx.exe,39492,0x177137A1C80,DXGI,0,512,1,Hardware: Independent Flip,Application,622756135484,14.7777,12.88660000000000,4.99950000000000,0.15710000000000,14.26180000000000,14.2626,NA,622756007698,12.9357,12.7786,0.1571,14.1455,12.8949,12.8898,0.0051,0.4422,20246.0828,0.0008,NA,NA
q2rtx.exe,39492,0x177137A1C80,DXGI,0,512,1,Hardware: Independent Flip,Application,622756149822,NA,1.43380000000000,4.84960000000000,0.16360000000000,14.10750000000000,17.6784,NA,622756137055,1.4403,1.2767,0.1636,14.1047,1.2795,1.2795,0.0000,NA,0.0000,3.5709,NA,NA
q2rtx.exe,39492,0x177137A1C80,DXGI,0,512,1,Hardware: Independent Flip,Application,622756152292,NA,0.24700000000000,4.70470000000000,0.11310000000000,14.07710000000000,22.1361,NA,622756151458,0.1965,0.0834,0.1131,13.9439,0.2166,0.2166,0.0000,NA,0.0000,8.0590,NA,NA
q2rtx.exe,39492,0x177137A1C80,DXGI,0,512,1,Hardware: Independent Flip,Application,622756279485,14.6310,12.71930000000000,5.06330000000000,0.16620000000000,14.31870000000000,14.4801,NA,622756153423,12.7724,12.6062,0.1662,13.9640,12.9609,12.9563,0.0046,0.0134,20260.7138,0.1614,NA,NA
q2rtx.exe,39492,0x177137A1C80,DXGI,0,512,1,Hardware: Independent Flip,Application,622756292045,NA,1.25600000000000,4.66570000000000,0.20970000000000,14.52830000000000,17.8898,NA,622756281147,1.2995,1.0898,0.2097,14.1525,1.4656,1.4656,0.0000,NA,0.0000,3.3615,NA,NA
q2rtx.exe,39492,0x177137A1C80,DXGI,0,512,1,Hardware: Independent Flip,Application,622756294720,NA,0.26750000000000,4.80680000000000,0.11410000000000,14.47860000000000,22.4291,NA,622756294142,0.1719,0.0578,0.1141,14.3186,0.2178,0.2178,0.0000,NA,0.0000,7.9505,NA,NA
q2rtx.exe,39492,0x177137A1C80,DXGI,0,512,1,Hardware: Independent Flip,Application,622756424012,14.4247,12.92920000000000,4.80630000000000,0.17300000000000,14.21170000000000,14.3062,NA,622756295861,12.9881,12.8151,0.1730,14.3645,12.6623,12.6590,0.0033,0.1459,20275.1385,0.0945,NA,NA
q2rtx.exe,39492,0x177137A1C80,DXGI,0,512,1,Hardware: Independent Flip,Application,622756438296,NA,1.42840000000000,4.64530000000000,0.18850000000000,14.19130000000000,17.5231,NA,622756425742,1.4439,1.2554,0.1885,14.0387,1.4080,1.4080,0.0000,NA,0.0000,3.3318,NA,NA
q2rtx.exe,39492,0x177137A1C80,DXGI,0,512,1,Hardware: Independent Flip,Application,622756440698,NA,0.24020000000000,4.71210000000000,0.10490000000000,14.16580000000000,21.9950,NA,622756440181,0.1566,0.0517,0.1049,14.0028,0.2147,0.2147,0.0000,NA,0.0000,7.8292,NA,NA
q2rtx.exe,39492,0x177137A1C80,DXGI,0,512,1,Hardware: Independent Flip,Application,622756567470,14.4435,12.67720000000000,5.36960000000000,0.20020000000000,14.68660000000000,14.6874,NA,622756441747,12.7725,12.5723,0.2002,14.0609,13.1980,13.1933,0.0047,-0.2835,20289.5820,0.0008,NA,NA
q2rtx.exe,39492,0x177137A1C80,DXGI,0,512,1,Hardware: Independent Flip,Application,622756581136,NA,1.36660000000000,4.93100000000000,0.23890000000000,14.58790000000000,18.2518,NA,622756569472,1.4053,1.1664,0.2389,14.4864,1.2679,1.2679,0.0000,NA,0.0000,3.6639,NA,NA
q2rtx.exe,39492,0x177137A1C80,DXGI,0,512,1,Hardware: Independent Flip,Application,622756584055,NA,0.29190000000000,4.88650000000000,0.11210000000000,14.51250000000000,22.8464,NA,622756583525,0.1651,0.0530,0.1121,14.3490,0.2165,0.2165,0.0000,NA,0.0000,8.3339,NA,NA
q2rtx.exe,39492,0x177137A1C80,DXGI,0,512,1,Hardware: Independent Flip,Application,622756716135,14.5056,13.20800000000000,5.07860000000000,0.17870000000000,14.38520000000000,14.7170,NA,622756585176,13.2746,13.0959,0.1787,14.4004,13.0807,13.0766,0.0041,-0.3905,20304.0876,0.3318,NA,NA
q2rtx.exe,39492,0x177137A1C80,DXGI,0,512,1,Hardware: Independent Flip,Application,622756728470,NA,1.23350000000000,4.53600000000000,0.18980000000000,14.39720000000000,18.0195,NA,622756717922,1.2446,1.0548,0.1898,14.2065,1.2455,1.2455,0.0000,NA,0.0000,3.6223,NA,NA
q2rtx.exe,39492,0x177137A1C80,DXGI,0,512,1,Hardware: Independent Flip,Application,622756730938,NA,0.24680000000000,4.84610000000000,0.10890000000000,14.38840000000000,22.6188,NA,622756730368,0.1659,0.0570,0.1089,14.2074,0.2380,0.2380,0.0000,NA,0.0000,8.2304,NA,NA
q2rtx.exe,39492,0x177137A1C80,DXGI,0,512,1,Hardware: Independent Flip,Application,622756861205,14.2656,13.02670000000000,4.49680000000000,0.17390000000000,14.08800000000000,14.0889,NA,622756732027,13.0917,12.9178,0.1739,14.2795,12.7263,12.7231,0.0032,0.3867,20318.3532,0.0009,NA,NA
q2rtx.exe,39492,0x177137A1C80,DXGI,0,512,1,Hardware: Independent Flip,Application,622756873647,NA,1.24420000000000,4.69190000000000,0.22310000000000,14.24070000000000,17.5366,NA,622756862944,1.2934,1.0703,0.2231,13.9141,1.3969,1.3969,0.0000,NA,0.0000,3.2959,NA,NA
q2rtx.exe,39492,0x177137A1C80,DXGI,0,512,1,Hardware: Independent Flip,Application,622756876522,NA,0.28750000000000,4.55350000000000,0.13090000000000,14.16200000000000,21.8026,NA,622756875878,0.1953,0.0644,0.1309,14.0176,0.2088,0.2088,0.0000,NA,0.0000,7.6406,NA,NA
q2rtx.exe,39492,0x177137A1C80,DXGI,0,512,1,Hardware: Independent Flip,Application,622757003527,14.8603,12.70050000000000,5.41850000000000,0.17480000000000,14.51980000000000,14.5206,NA,622756877831,12.7444,12.5696,0.1748,14.0311,13.0583,13.0518,0.0065,0.1964,20333.2135,0.0008,NA,NA
q2rtx.exe,39492,0x177137A1C80,DXGI,0,512,1,Hardware: Independent Flip,Application,622757016959,NA,1.34320000000000,5.06300000000000,0.18320000000000,14.55750000000000,18.2404,NA,622757005275,1.3516,1.1684,0.1832,14.3450,1.3809,1.3809,0.0000,NA,0.0000,3.6829,NA,NA
q2rtx.exe,39492,0x177137A1C80,DXGI,0,512,1,Hardware: Independent Flip,Application,622757019294,NA,0.23350000000000,4.70690000000000,0.10540000000000,14.52240000000000,22.7138,NA,622757018791,0.1557,0.0503,0.1054,14.3743,0.1984,0.1984,0.0000,NA,0.0000,8.1914,NA,NA
q2rtx.exe,39492,0x177137A1C80,DXGI,0,512,1,Hardware: Independent Flip,Application,622757150160,14.6219,13.08660000000000,5.23230000000000,0.23350000000000,14.50190000000000,14.8595,NA,622757020348,13.2147,12.9812,0.2335,14.4170,13.0661,13.0618,0.0043,-0.3803,20347.8354,0.3576,NA,NA
q2rtx.exe,39492,0x177137A1C80,DXGI,0,512,1,Hardware: Independent Flip,Application,622757163708,NA,1.35480000000000,4.53800000000000,0.20880000000000,14.41010000000000,18.0427,NA,622757152495,1.3301,1.1213,0.2088,14.2684,1.2630,1.2630,0.0000,NA,0.0000,3.6326,NA,NA
q2rtx.exe,39492,0x177137A1C80,DXGI,0,512,1,Hardware: Independent Flip,Application,622757166354,NA,0.26460000000000,4.86630000000000,0.10920000000000,14.35220000000000,22.6444,NA,622757165796,0.1650,0.0558,0.1092,14.2013,0.2067,0.2067,0.0000,NA,0.0000,8.2922,NA,NA
q2rtx.exe,39492,0x177137A1C80,DXGI,0,512,1,Hardware: Independent Flip,Application,622757296518,14.1923,13.01640000000000,4.81820000000000,0.16340000000000,14.37170000000000,14.4462,NA,622757167446,13.0706,12.9072,0.1634,14.2430,13.0359,13.0327,0.0032,-0.0302,20362.0277,0.0745,NA,NA
q2rtx.exe,39492,0x177137A1C80,DXGI,0,512,1,Hardware: Independent Flip,Application,622757308845,NA,1.23270000000000,4.65700000000000,0.17390000000000,14.42090000000000,17.8705,NA,622757298152,1.2432,1.0693,0.1739,14.2083,1.2819,1.2819,0.0000,NA,0.0000,3.4496,NA,NA
q2rtx.exe,39492,0x177137A1C80,DXGI,0,512,1,Hardware: Independent Flip,Application,622757311095,NA,0.22500000000000,4.69800000000000,0.10460000000000,14.40700000000000,22.3435,NA,622757310584,0.1557,0.0511,0.1046,14.2470,0.2111,0.2111,0.0000,NA,0.0000,7.9365,NA,NA
q2rtx.exe,39492,0x177137A1C80,DXGI,0,512,1,Hardware: Independent Flip,Application,622757441632,14.6871,13.05370000000000,5.67020000000000,0.22460000000000,14.94590000000000,14.9600,NA,622757312141,13.1737,12.9491,0.2246,14.3024,13.5926,13.5886,0.0040,-0.3381,20376.7148,0.0141,NA,NA
q2rtx.exe,39492,0x177137A1C80,DXGI,0,512,1,Hardware: Independent Flip,Application,622757454502,NA,1.28700000000000,4.98960000000000,0.18360000000000,14.61030000000000,18.6626,NA,622757443878,1.2460,1.0624,0.1836,14.7213,0.9514,0.9514,0.0000,NA,0.0000,4.0523,NA,NA
q2rtx.exe,39492,0x177137A1C80,DXGI,0,512,1,Hardware: Independent Flip,Application,622757456894,NA,0.23920000000000,5.06990000000000,0.10860000000000,14.66420000000000,23.4933,NA,622757456338,0.1642,0.0556,0.1086,14.4267,0.2931,0.2931,0.0000,NA,0.0000,8.8291,NA,NA
q2rtx.exe,39492,0x177137A1C80,DXGI,0,512,1,Hardware: Independent Flip,Application,622757592577,14.6787,13.56830000000000,3.94560000000000,0.18540000000000,13.40170000000000,13.8706,NA,622757457980,13.6451,13.4597,0.1854,14.5556,12.3058,12.3015,0.0043,0.6736,20391.3935,0.4689,NA,NA
q2rtx.exe,39492,0x177137A1C80,DXGI,0,512,1,Hardware: Independent Flip,Application,622757601803,NA,0.92260000000000,4.05310000000000,0.26530000000000,14.29490000000000,17.0011,NA,622757594431,1.0025,0.7372,0.2653,13.2163,1.8158,1.8158,0.0000,NA,0.0000,2.7062,NA,NA
q2rtx.exe,39492,0x177137A1C80,DXGI,0,512,1,Hardware: Independent Flip,Application,622757605022,NA,0.32190000000000,4.49730000000000,0.10940000000000,14.17100000000000,21.1765,NA,622757604456,0.1660,0.0566,0.1094,14.0296,0.1980,0.1980,0.0000,NA,0.0000,7.0055,NA,NA
q2rtx.exe,39492,0x177137A1C80,DXGI,0,512,1,Hardware: Independent Flip,Application,622757728367,14.4839,12.33450000000000,6.47200000000000,0.22560000000000,15.31320000000000,15.3140,NA,622757606116,12.4507,12.2251,0.2256,14.0616,13.4767,13.4726,0.0041,-0.5385,20405.8774,0.0008,NA,NA
q2rtx.exe,39492,0x177137A1C80,DXGI,0,512,1,Hardware: Independent Flip,Application,622757745925,NA,1.75580000000000,5.50440000000000,0.19520000000000,14.42820000000000,19.0626,NA,622757730623,1.7254,1.5302,0.1952,15.0876,0.8708,0.8708,0.0000,NA,0.0000,4.6344,NA,NA
q2rtx.exe,39492,0x177137A1C80,DXGI,0,512,1,Hardware: Independent Flip,Application,622757748644,NA,0.27190000000000,4.50980000000000,0.13730000000000,14.36580000000000,23.3005,NA,622757747877,0.2140,0.0767,0.1373,14.2330,0.2095,0.2095,0.0000,NA,0.0000,8.9347,NA,NA
q2rtx.exe,39492,0x177137A1C80,DXGI,0,512,1,Hardware: Independent Flip,Application,622757883061,15.0204,13.44170000000000,4.16110000000000,0.15920000000000,13.29150000000000,14.0199,NA,622757750017,13.4636,13.3044,0.1592,14.2285,12.3674,12.3642,0.0032,0.8451,20420.8978,0.7284,NA,NA
q2rtx.exe,39492,0x177137A1C80,DXGI,0,512,1,Hardware: Independent Flip,Application,622757891228,NA,0.81670000000000,3.76780000000000,0.22080000000000,13.98010000000000,16.9710,NA,622757884653,0.8783,0.6575,0.2208,13.1323,1.5053,1.5053,0.0000,NA,0.0000,2.9909,NA,NA
q2rtx.exe,39492,0x177137A1C80,DXGI,0,512,1,Hardware: Independent Flip,Application,622757893979,NA,0.27510000000000,4.73300000000000,0.10660000000000,13.91800000000000,21.4289,NA,622757893436,0.1609,0.0543,0.1066,13.7593,0.2130,0.2130,0.0000,NA,0.0000,7.5109,NA,NA
q2rtx.exe,39492,0x177137A1C80,DXGI,0,512,1,Hardware: Independent Flip,Application,622758017243,13.5076,12.32640000000000,5.86150000000000,0.16630000000000,14.96310000000000,14.9640,NA,622757895045,12.3861,12.2198,0.1663,13.8114,13.3715,13.3675,0.0040,-0.8547,20434.4054,0.0009,NA,NA
q2rtx.exe,39492,0x177137A1C80,DXGI,0,512,1,Hardware: Independent Flip,Application,622758032274,NA,1.50310000000000,5.57890000000000,0.20440000000000,14.68440000000000,19.0398,NA,622758018906,1.5412,1.3368,0.2044,14.7968,1.2244,1.2244,0.0000,NA,0.0000,4.3554,NA,NA
q2rtx.exe,39492,0x177137A1C80,DXGI,0,512,1,Hardware: Independent Flip,Application,622758034842,NA,0.25680000000000,3.97820000000000,0.10200000000000,14.63570000000000,22.7612,NA,622758034318,0.1544,0.0524,0.1020,14.4800,0.2081,0.2081,0.0000,NA,0.0000,8.1255,NA,NA
q2rtx.exe,39492,0x177137A1C80,DXGI,0,512,1,Hardware: Independent Flip,Application,622758168001,15.5718,13.31590000000000,5.57290000000000,0.16880000000000,14.44790000000000,15.0182,NA,622758035862,13.3827,13.2139,0.1688,14.5337,13.1281,13.1237,0.0044,0.4418,20449.9772,0.5703,NA,NA
q2rtx.exe,39492,0x177137A1C80,DXGI,0,512,1,Hardware: Independent Flip,Application,622758180098,NA,1.20970000000000,4.29580000000000,0.17770000000000,14.47520000000000,18.1043,NA,622758169689,1.2186,1.0409,0.1777,14.2791,1.2370,1.2370,0.0000,NA,0.0000,3.6291,NA,NA
q2rtx.exe,39492,0x177137A1C80,DXGI,0,512,1,Hardware: Independent Flip,Application,622758182445,NA,0.23470000000000,4.84270000000000,0.10690000000000,14.44930000000000,22.7123,NA,622758181875,0.1639,0.0570,0.1069,14.2975,0.2088,0.2088,0.0000,NA,0.0000,8.2630,NA,NA
q2rtx.exe,39492,0x177137A1C80,DXGI,0,512,1,Hardware: Independent Flip,Application,622758313823,13.3829,13.13780000000000,4.64410000000000,0.18440000000000,14.14680000000000,14.2186,NA,622758183514,13.2153,13.0309,0.1844,14.3424,12.8353,12.8323,0.0030,-0.3997,20463.3601,0.0718,NA,NA
q2rtx.exe,39492,0x177137A1C80,DXGI,0,512,1,Hardware: Independent Flip,Application,622758325819,NA,1.19960000000000,4.51620000000000,0.17730000000000,14.26560000000000,17.5352,NA,622758315667,1.1925,1.0152,0.1773,13.9624,1.3184,1.3184,0.0000,NA,0.0000,3.2696,NA,NA
q2rtx.exe,39492,0x177137A1C80,DXGI,0,512,1,Hardware: Independent Flip,Application,622758328094,NA,0.22750000000000,4.54940000000000,0.11850000000000,14.23610000000000,21.8571,NA,622758327592,0.1687,0.0502,0.1185,14.0883,0.1980,0.1980,0.0000,NA,0.0000,7.6210,NA,NA
q2rtx.exe,39492,0x177137A1C80,DXGI,0,512,1,Hardware: Independent Flip,Application,622758456560,14.9802,12.84660000000000,5.61310000000000,0.20230000000000,14.62290000000000,14.6236,NA,622758329279,12.9304,12.7281,0.2023,14.1176,13.2334,13.2286,0.0048,0.3015,20478.3403,0.0007,NA,NA
q2rtx.exe,39492,0x177137A1C80,DXGI,0,512,1,Hardware: Independent Flip,Application,622758469512,NA,1.29520000000000,5.04040000000000,0.21240000000000,14.63620000000000,18.3688,NA,622758458583,1.3053,1.0929,0.2124,14.4206,1.3085,1.3085,0.0000,NA,0.0000,3.7326,NA,NA
q2rtx.exe,39492,0x177137A1C80,DXGI,0,512,1,Hardware: Independent Flip,Application,622758472173,NA,0.26610000000000,4.73650000000000,0.10740000000000,14.57660000000000,22.8392,NA,622758471636,0.1611,0.0537,0.1074,14.4238,0.2065,0.2065,0.0000,NA,0.0000,8.2626,NA,NA
q2rtx.exe,39492,0x177137A1C80,DXGI,0,512,1,Hardware: Independent Flip,Application,622758604424,14.6347,13.22510000000000,5.40790000000000,0.18480000000000,14.57660000000000,15.0220,NA,622758473247,13.3025,13.1177,0.1848,14.4692,13.2251,13.2172,0.0079,-0.5501,20492.9750,0.4454,NA,NA
q2rtx.exe,39492,0x177137A1C80,DXGI,0,512,1,Hardware: Independent Flip,Application,622758616950,NA,1.25260000000000,4.47880000000000,0.21150000000000,14.58910000000000,18.2482,NA,622758606272,1.2793,1.0678,0.2115,14.3918,1.2651,1.2651,0.0000,NA,0.0000,3.6591,NA,NA
q2rtx.exe,39492,0x177137A1C80,DXGI,0,512,1,Hardware: Independent Flip,Application,622758619611,NA,0.26610000000000,4.89970000000000,0.10490000000000,14.57090000000000,22.8818,NA,622758619065,0.1595,0.0546,0.1049,14.3776,0.2479,0.2479,0.0000,NA,0.0000,8.3109,NA,NA
q2rtx.exe,39492,0x177137A1C80,DXGI,0,512,1,Hardware: Independent Flip,Application,622758751588,14.2286,13.19770000000000,4.52310000000000,0.17780000000000,14.10370000000000,14.2072,NA,622758620660,13.2706,13.0928,0.1778,14.4660,12.7305,12.7269,0.0036,0.3270,20507.2036,0.1035,NA,NA
q2rtx.exe,39492,0x177137A1C80,DXGI,0,512,1,Hardware: Independent Flip,Application,622758764318,NA,1.27300000000000,4.50460000000000,0.18690000000000,14.07570000000000,17.4388,NA,622758753366,1.2821,1.0952,0.1869,13.9259,1.2450,1.2450,0.0000,NA,0.0000,3.3631,NA,NA
q2rtx.exe,39492,0x177137A1C80,DXGI,0,512,1,Hardware: Independent Flip,Application,622758766795,NA,0.24770000000000,4.58540000000000,0.12210000000000,14.04290000000000,21.7765,NA,622758766187,0.1829,0.0608,0.1221,13.8888,0.2149,0.2149,0.0000,NA,0.0000,7.7336,NA,NA
q2rtx.exe,39492,0x177137A1C80,DXGI,0,512,1,Hardware: Independent Flip,Application,622758893989,14.7657,12.71940000000000,5.42100000000000,0.18630000000000,14.47730000000000,14.4781,NA,622758768016,12.7836,12.5973,0.1863,13.9208,13.1538,13.1495,0.0043,0.2547,20521.9693,0.0008,NA,NA
q2rtx.exe,39492,0x177137A1C80,DXGI,0,512,1,Hardware: Independent Flip,Application,622758906415,NA,1.24260000000000,4.93930000000000,0.19220000000000,14.48860000000000,18.1748,NA,622758895852,1.2485,1.0563,0.1922,14.2910,1.2539,1.2539,0.0000,NA,0.0000,3.6862,NA,NA
q2rtx.exe,39492,0x177137A1C80,DXGI,0,512,1,Hardware: Independent Flip,Application,622758908953,NA,0.25380000000000,4.73380000000000,0.12660000000000,14.45760000000000,22.6548,NA,622758908337,0.1882,0.0616,0.1266,14.2964,0.2228,0.2228,0.0000,NA,0.0000,8.1972,NA,NA
q2rtx.exe,39492,0x177137A1C80,DXGI,0,512,1,Hardware: Independent Flip,Application,622759040164,14.7008,13.12110000000000,5.43390000000000,0.17590000000000,14.54460000000000,14.9676,NA,622758910219,13.1704,12.9945,0.1759,14.3310,13.2081,13.2033,0.0048,-0.4062,20536.6701,0.4230,NA,NA
q2rtx.exe,39492,0x177137A1C80,DXGI,0,512,1,Hardware: Independent Flip,Application,622759052587,NA,1.24230000000000,4.48030000000000,0.20690000000000,14.58690000000000,18.2056,NA,622759041923,1.2733,1.0664,0.2069,14.3687,1.2846,1.2846,0.0000,NA,0.0000,3.6187,NA,NA
q2rtx.exe,39492,0x177137A1C80,DXGI,0,512,1,Hardware: Independent Flip,Application,622759055177,NA,0.25900000000000,4.88240000000000,0.10190000000000,14.54330000000000,22.8290,NA,622759054656,0.1540,0.0521,0.1019,14.3800,0.2154,0.2154,0.0000,NA,0.0000,8.2857,NA,NA
q2rtx.exe,39492,0x177137A1C80,DXGI,0,512,1,Hardware: Independent Flip,Application,622759187013,14.3951,13.18360000000000,4.63750000000000,0.17470000000000,14.22390000000000,14.2829,NA,622759056196,13.2564,13.0817,0.1747,14.4414,12.8642,12.8610,0.0032,0.3949,20551.0652,0.0590,NA,NA
q2rtx.exe,39492,0x177137A1C80,DXGI,0,512,1,Hardware: Independent Flip,Application,622759199691,NA,1.26780000000000,4.59760000000000,0.21170000000000,14.19050000000000,17.6127,NA,622759188760,1.3048,1.0931,0.2117,14.0492,1.2344,1.2344,0.0000,NA,0.0000,3.4222,NA,NA
q2rtx.exe,39492,0x177137A1C80,DXGI,0,512,1,Hardware: Independent Flip,Application,622759202427,NA,0.27360000000000,4.63330000000000,0.12730000000000,14.12050000000000,21.9724,NA,622759201808,0.1892,0.0619,0.1273,13.9788,0.2036,0.2036,0.0000,NA,0.0000,7.8519,NA,NA
q2rtx.exe,39492,0x177137A1C80,DXGI,0,512,1,Hardware: Independent Flip,Application,622759330440,14.6587,12.80130000000000,5.29940000000000,0.16640000000000,14.46950000000000,14.4705,NA,622759203700,12.8404,12.6740,0.1664,13.9932,13.1503,13.1445,0.0058,0.1284,20565.7239,0.0010,NA,NA
q2rtx.exe,39492,0x177137A1C80,DXGI,0,512,1,Hardware: Independent Flip,Application,622759342794,NA,1.23540000000000,5.01570000000000,0.15100000000000,14.60590000000000,18.2508,NA,622759332104,1.2200,1.0690,0.1510,14.3031,1.3718,1.3718,0.0000,NA,0.0000,3.6449,NA,NA
q2rtx.exe,39492,0x177137A1C80,DXGI,0,512,1,Hardware: Independent Flip,Application,622759344821,NA,0.20270000000000,4.66850000000000,0.10010000000000,14.61490000000000,22.7166,NA,622759344304,0.1518,0.0517,0.1001,14.4549,0.2117,0.2117,0.0000,NA,0.0000,8.1017,NA,NA
q2rtx.exe,39492,0x177137A1C80,DXGI,0,512,1,Hardware: Independent Flip,Application,622759476839,14.7412,13.20180000000000,5.17260000000000,0.19390000000000,14.36590000000000,14.6874,NA,622759345822,13.2956,13.1017,0.1939,14.5148,12.9528,12.9472,0.0056,-0.1156,20580.4651,0.3215,NA,NA
q2rtx.exe,39492,0x177137A1C80,DXGI,0,512,1,Hardware: Independent Flip,Application,622759489910,NA,1.30710000000000,4.52790000000000,0.17990000000000,14.30570000000000,17.9082,NA,622759478778,1.2931,1.1132,0.1799,14.1720,1.2469,1.2469,0.0000,NA,0.0000,3.6025,NA,NA
q2rtx.exe,39492,0x177137A1C80,DXGI,0,512,1,Hardware: Independent Flip,Application,622759492264,NA,0.23540000000000,4.83700000000000,0.11520000000000,14.28970000000000,22.5098,NA,622759491709,0.1707,0.0555,0.1152,14.1258,0.2194,0.2194,0.0000,NA,0.0000,8.2201,NA,NA
q2rtx.exe,39492,0x177137A1C80,DXGI,0,512,1,Hardware: Independent Flip,Application,622759621977,14.3404,12.97130000000000,4.74990000000000,0.19200000000000,14.20570000000000,14.2884,NA,622759493416,13.0481,12.8561,0.1920,14.1745,12.8873,12.8843,0.0030,0.2256,20594.8055,0.0827,NA,NA
q2rtx.exe,39492,0x177137A1C80,DXGI,0,512,1,Hardware: Independent Flip,Application,622759634209,NA,1.22320000000000,4.58780000000000,0.20630000000000,14.40740000000000,17.6530,NA,622759623897,1.2375,1.0312,0.2063,14.0137,1.4249,1.4249,0.0000,NA,0.0000,3.2456,NA,NA
q2rtx.exe,39492,0x177137A1C80,DXGI,0,512,1,Hardware: Independent Flip,Application,622759636857,NA,0.26480000000000,4.65910000000000,0.11670000000000,14.35310000000000,22.0473,NA,622759636272,0.1752,0.0585,0.1167,14.2011,0.2105,0.2105,0.0000,NA,0.0000,7.6942,NA,NA
q2rtx.exe,39492,0x177137A1C80,DXGI,0,512,1,Hardware: Independent Flip,Application,622759766532,14.6369,12.96750000000000,5.52460000000000,0.17230000000000,14.60360000000000,14.6044,NA,622759638024,13.0231,12.8508,0.1723,14.2364,13.2180,13.2134,0.0046,-0.1346,20609.4424,0.0008,NA,NA
q2rtx.exe,39492,0x177137A1C80,DXGI,0,512,1,Hardware: Independent Flip,Application,622759780594,NA,1.40620000000000,4.94270000000000,0.17450000000000,14.43980000000000,18.1409,NA,622759768255,1.4084,1.2339,0.1745,14.4313,1.2424,1.2424,0.0000,NA,0.0000,3.7011,NA,NA
q2rtx.exe,39492,0x177137A1C80,DXGI,0,512,1,Hardware: Independent Flip,Application,622759782916,NA,0.23220000000000,4.90670000000000,0.10800000000000,14.41800000000000,22.8154,NA,622759782339,0.1657,0.0577,0.1080,14.2653,0.2104,0.2104,0.0000,NA,0.0000,8.3974,NA,NA
q2rtx.exe,39492,0x177137A1C80,DXGI,0,512,1,Hardware: Independent Flip,Application,622759913912,14.5881,13.09960000000000,5.15010000000000,0.15990000000000,14.42520000000000,14.8659,NA,622759783996,13.1515,12.9916,0.1599,14.3100,13.1068,13.1017,0.0051,-0.4114,20624.0305,0.4407,NA,NA
q2rtx.exe,39492,0x177137A1C80,DXGI,0,512,1,Hardware: Independent Flip,Application,622759926008,NA,1.20960000000000,4.42000000000000,0.20700000000000,14.45930000000000,18.0763,NA,622759915511,1.2567,1.0497,0.2070,14.2653,1.2437,1.2437,0.0000,NA,0.0000,3.6170,NA,NA
q2rtx.exe,39492,0x177137A1C80,DXGI,0,512,1,Hardware: Independent Flip,Application,622759928605,NA,0.25970000000000,4.83790000000000,0.10950000000000,14.40530000000000,22.6545,NA,622759928078,0.1622,0.0527,0.1095,14.2523,0.2057,0.2057,0.0000,NA,0.0000,8.2492,NA,NA
q2rtx.exe,39492,0x177137A1C80,DXGI,0,512,1,Hardware: Independent Flip,Application,622760059459,14.2805,13.08540000000000,4.53540000000000,0.16920000000000,14.10340000000000,14.1045,NA,622759929700,13.1451,12.9759,0.1692,14.2958,12.7835,12.7801,0.0034,0.4872,20638.3110,0.0011,NA,NA
q2rtx.exe,39492,0x177137A1C80,DXGI,0,512,1,Hardware: Independent Flip,Application,622760071543,NA,1.20840000000000,4.66330000000000,0.18000000000000,14.22780000000000,17.5594,NA,622760061151,1.2192,1.0392,0.1800,13.9342,1.3328,1.3328,0.0000,NA,0.0000,3.3316,NA,NA
q2rtx.exe,39492,0x177137A1C80,DXGI,0,512,1,Hardware: Independent Flip,Application,622760073892,NA,0.23490000000000,4.50460000000000,0.10290000000000,14.19840000000000,21.8291,NA,622760073343,0.1578,0.0549,0.1029,14.0478,0.2055,0.2055,0.0000,NA,0.0000,7.6307,NA,NA
q2rtx.exe,39492,0x177137A1C80,DXGI,0,512,1,Hardware: Independent Flip,Application,622760202081,14.9079,12.81890000000000,5.41390000000000,0.22780000000000,14.42330000000000,14.4241,NA,622760074921,12.9438,12.7160,0.2278,14.0955,13.0438,13.0375,0.0063,0.3261,20653.2189,0.0008,NA,NA
q2rtx.exe,39492,0x177137A1C80,DXGI,0,512,1,Hardware: Independent Flip,Application,622760214772,NA,1.26910000000000,5.03280000000000,0.22910000000000,14.51720000000000,18.1878,NA,622760204359,1.2704,1.0413,0.2291,14.1955,1.3630,1.3630,0.0000,NA,0.0000,3.6706,NA,NA
q2rtx.exe,39492,0x177137A1C80,DXGI,0,512,1,Hardware: Independent Flip,Application,622760217590,NA,0.28180000000000,4.69460000000000,0.11190000000000,14.41970000000000,22.6006,NA,622760217063,0.1646,0.0527,0.1119,14.2881,0.1843,0.1843,0.0000,NA,0.0000,8.1809,NA,NA
q2rtx.exe,39492,0x177137A1C80,DXGI,0,512,1,Hardware: Independent Flip,Application,622760347643,14.5752,13.00530000000000,5.09280000000000,0.15240000000000,14.32400000000000,14.6881,NA,622760218709,13.0458,12.8934,0.1524,14.3078,12.9096,12.9036,0.0060,-0.2450,20667.7941,0.3641,NA,NA
q2rtx.exe,39492,0x177137A1C80,DXGI,0,512,1,Hardware: Independent Flip,Application,622760361187,NA,1.35440000000000,4.46620000000000,0.20840000000000,14.28130000000000,17.7999,NA,622760349167,1.4104,1.2020,0.2084,14.1716,1.3117,1.3117,0.0000,NA,0.0000,3.5186,NA,NA
q2rtx.exe,39492,0x177137A1C80,DXGI,0,512,1,Hardware: Independent Flip,Application,622760363818,NA,0.26310000000000,4.80630000000000,0.10970000000000,14.22670000000000,22.3431,NA,622760363271,0.1644,0.0547,0.1097,14.0729,0.2085,0.2085,0.0000,NA,0.0000,8.1164,NA,NA
q2rtx.exe,39492,0x177137A1C80,DXGI,0,512,1,Hardware: Independent Flip,Application,622760492196,14.1799,12.83780000000000,4.71130000000000,0.16890000000000,14.20970000000000,14.2166,NA,622760364915,12.8970,12.7281,0.1689,14.1170,12.8208,12.8177,0.0031,0.1961,20681.9740,0.0069,NA,NA
q2rtx.exe,39492,0x177137A1C80,DXGI,0,512,1,Hardware: Independent Flip,Application,622760505137,NA,1.29410000000000,4.65980000000000,0.21100000000000,14.28360000000000,17.5823,NA,622760493885,1.3362,1.1252,0.2110,14.0408,1.3680,1.3680,0.0000,NA,0.0000,3.2987,NA,NA
q2rtx.exe,39492,0x177137A1C80,DXGI,0,512,1,Hardware: Independent Flip,Application,622760507804,NA,0.26670000000000,4.64560000000000,0.11370000000000,14.22720000000000,21.9612,NA,622760507247,0.1694,0.0557,0.1137,14.0726,0.2103,0.2103,0.0000,NA,0.0000,7.7340,NA,NA
q2rtx.exe,39492,0x177137A1C80,DXGI,0,512,1,Hardware: Independent Flip,Application,622760636448,14.6405,12.86440000000000,5.36600000000000,0.17310000000000,14.43190000000000,14.4628,NA,622760508941,12.9238,12.7507,0.1731,14.1135,13.0691,13.0631,0.0060,-0.0309,20696.6145,0.0309,NA,NA
q2rtx.exe,39492,0x177137A1C80,DXGI,0,512,1,Hardware: Independent Flip,Application,622760648940,NA,1.24920000000000,4.85850000000000,0.23710000000000,14.57500000000000,18.0721,NA,622760638179,1.3132,1.0761,0.2371,14.2588,1.3923,1.3923,0.0000,NA,0.0000,3.4971,NA,NA
q2rtx.exe,39492,0x177137A1C80,DXGI,0,512,1,Hardware: Independent Flip,Application,622760651932,NA,0.29920000000000,4.86600000000000,0.13130000000000,14.48740000000000,22.6389,NA,622760651311,0.1934,0.0621,0.1313,14.3379,0.2116,0.2116,0.0000,NA,0.0000,8.1515,NA,NA
q2rtx.exe,39492,0x177137A1C80,DXGI,0,512,1,Hardware: Independent Flip,Application,622760782127,14.4352,13.01950000000000,5.37990000000000,0.16320000000000,14.66090000000000,14.9993,NA,622760653245,13.0514,12.8882,0.1632,14.3561,13.1930,13.1887,0.0043,-0.6692,20711.0497,0.3384,NA,NA
q2rtx.exe,39492,0x177137A1C80,DXGI,0,512,1,Hardware: Independent Flip,Application,622760795651,NA,1.35240000000000,4.59400000000000,0.17980000000000,14.59020000000000,18.2409,NA,622760783759,1.3690,1.1892,0.1798,14.4977,1.2817,1.2817,0.0000,NA,0.0000,3.6507,NA,NA
q2rtx.exe,39492,0x177137A1C80,DXGI,0,512,1,Hardware: Independent Flip,Application,622760797951,NA,0.23000000000000,4.90890000000000,0.10220000000000,14.56680000000000,22.9198,NA,622760797449,0.1524,0.0502,0.1022,14.4104,0.2066,0.2066,0.0000,NA,0.0000,8.3530,NA,NA
q2rtx.exe,39492,0x177137A1C80,DXGI,0,512,1,Hardware: Independent Flip,Application,622760930015,14.2583,13.20640000000000,4.58810000000000,0.17620000000000,14.24320000000000,14.3015,NA,622760798973,13.2804,13.1042,0.1762,14.4646,12.8828,12.8786,0.0042,0.1673,20725.3080,0.0583,NA,NA
q2rtx.exe,39492,0x177137A1C80,DXGI,0,512,1,Hardware: Independent Flip,Application,622760943052,NA,1.30370000000000,4.63180000000000,0.20860000000000,14.23890000000000,17.6296,NA,622760931777,1.3361,1.1275,0.2086,14.0670,1.2994,1.2994,0.0000,NA,0.0000,3.3907,NA,NA
q2rtx.exe,39492,0x177137A1C80,DXGI,0,512,1,Hardware: Independent Flip,Application,622760945677,NA,0.26250000000000,4.66060000000000,0.10760000000000,14.18260000000000,22.0277,NA,622760945138,0.1615,0.0539,0.1076,14.0303,0.2062,0.2062,0.0000,NA,0.0000,7.8451,NA,NA
q2rtx.exe,39492,0x177137A1C80,DXGI,0,512,1,Hardware: Independent Flip,Application,622761074043,14.6213,12.83660000000000,5.03320000000000,0.19970000000000,14.22320000000000,14.2243,NA,622760946753,12.9287,12.7290,0.1997,14.0750,12.8772,12.8716,0.0056,0.2957,20739.9293,0.0011,NA,NA
q2rtx.exe,39492,0x177137A1C80,DXGI,0,512,1,Hardware: Independent Flip,Application,622761086476,NA,1.24330000000000,4.98370000000000,0.22520000000000,14.34870000000000,17.9647,NA,622761076040,1.2688,1.0436,0.2252,14.0235,1.3688,1.3688,0.0000,NA,0.0000,3.6160,NA,NA
q2rtx.exe,39492,0x177137A1C80,DXGI,0,512,1,Hardware: Independent Flip,Application,622761089318,NA,0.28420000000000,4.55750000000000,0.11200000000000,14.27130000000000,22.2380,NA,622761088728,0.1710,0.0590,0.1120,14.1235,0.2068,0.2068,0.0000,NA,0.0000,7.9667,NA,NA
q2rtx.exe,39492,0x177137A1C80,DXGI,0,512,1,Hardware: Independent Flip,Application,622761218411,14.8193,12.90930000000000,4.74630000000000,0.20600000000000,13.83090000000000,14.0750,NA,622761090438,13.0033,12.7973,0.2060,14.1593,12.4689,12.4658,0.0031,0.5318,20754.7486,0.2441,NA,NA
q2rtx.exe,39492,0x177137A1C80,DXGI,0,512,1,Hardware: Independent Flip,Application,622761231204,NA,1.27930000000000,4.43880000000000,0.19670000000000,13.77090000000000,17.2345,NA,622761220471,1.2700,1.0733,0.1967,13.6249,1.2193,1.2193,0.0000,NA,0.0000,3.4636,NA,NA
q2rtx.exe,39492,0x177137A1C80,DXGI,0,512,1,Hardware: Independent Flip,Application,622761234077,NA,0.28730000000000,4.66390000000000,0.11170000000000,13.68950000000000,21.6111,NA,622761233171,0.2023,0.0906,0.1117,13.5742,0.2059,0.2059,0.0000,NA,0.0000,7.9216,NA,NA
q2rtx.exe,39492,0x177137A1C80,DXGI,0,512,1,Hardware: Independent Flip,Application,622761359347,14.3025,12.52700000000000,5.22680000000000,0.18620000000000,14.31020000000000,14.3109,NA,622761235194,12.6015,12.4153,0.1862,13.5778,13.1477,13.1435,0.0042,-0.0270,20769.0511,0.0007,NA,NA
q2rtx.exe,39492,0x177137A1C80,DXGI,0,512,1,Hardware: Independent Flip,Application,622761370113,NA,1.07660000000000,4.82080000000000,0.54210000000000,14.57270000000000,18.0551,NA,622761361209,1.4325,0.8904,0.5421,14.1240,1.3391,1.3250,0.0141,NA,0.0000,3.4824,NA,NA
